,PF1,PF2,Overlap,Reading_Frame,Mean_E1,Std_E1,Mean_E2,Std_E2,Nat_Mean1,Nat_Mean2,Nat_Std1,Nat_Std2,Dist_1,Dist_2,Min_Dist_1,Min_Dist_2,Iter_Converged_1,Iter_Converged_2
0,PF00041,PF00096,12,0,132.8000188457588,9.757913551998987,17.793207663165266,3.0732485988154075,120.65601144257766,16.436232766230635,17.636853203436154,5.230388282054999,0.7327340054682641,0.5279809886141031,0.01677212578371089,0.00846814053398785,9600.0,10550.0
1,PF00041,PF00096,18,0,136.32986858645134,9.441719630201037,29.948468295450283,4.086157109155603,120.65601144257766,16.436232766230635,17.636853203436154,5.230388282054999,0.9295419701957498,2.5834096439032908,0.02661401127531008,0.9453581344337876,11225.0,181875.0
2,PF00041,PF00096,24,0,131.73688260879197,10.001529237040627,13.972986914999844,3.3560327621645274,120.65601144257766,16.436232766230635,17.636853203436154,5.230388282054999,0.7130250747733592,0.6712879448494601,0.012845964564763257,0.010969411347814968,8875.0,10600.0
3,PF00041,PF00096,30,0,138.76956366645356,9.695705201841987,15.75115296961004,3.488767032469523,120.65601144257766,16.436232766230635,17.636853203436154,5.230388282054999,1.0476930160381377,0.5629820777081731,0.03836896481264954,0.01021514100241594,9625.0,16200.0
4,PF00041,PF00096,36,0,137.63853031572083,10.224015398899844,14.801112636300292,4.107253274844987,120.65601144257766,16.436232766230635,17.636853203436154,5.230388282054999,0.9853157650182633,0.6846872653934839,0.03357134074257506,0.008958021259504624,11125.0,11725.0
5,PF00041,PF00096,42,0,138.31728964221548,10.351532400332017,13.355722686788907,4.0550555811639235,120.65601144257766,16.436232766230635,17.636853203436154,5.230388282054999,1.0208630417636422,0.8181509928664482,0.029077029800384263,0.015960036563360067,10775.0,10850.0
6,PF00041,PF00096,48,0,139.3423261013707,8.608944541096909,16.42468212051849,4.17784407111772,120.65601144257766,16.436232766230635,17.636853203436154,5.230388282054999,1.060598087314157,0.6265549082548472,0.06558393539013718,0.010014028789131976,10300.0,11250.0
7,PF00041,PF00096,54,0,138.02945593728762,10.43327678612865,20.696693309679663,6.657628995992283,120.65601144257766,16.436232766230635,17.636853203436154,5.230388282054999,1.0171566803564096,1.0046369687791756,0.03518283248339117,0.30579518944709333,11650.0,75675.0
8,PF00041,PF00096,60,0,140.3151793253223,9.016529289001896,20.106221649246255,3.6712450952122833,120.65601144257766,16.436232766230635,17.636853203436154,5.230388282054999,1.1218844985516017,0.7964368528534607,0.04800441129206145,0.012696907093536878,11350.0,11575.0
9,PF00004,PF00096,12,0,156.37482663430873,16.17271774658626,17.588351471924174,3.357015904871412,145.87937104727615,16.436232766230635,38.247866096571364,5.230388282054999,0.3671081908243552,0.5321510145773902,0.01466223724378515,0.010408715799799219,27025.0,18475.0
10,PF00004,PF00096,18,0,188.45638879012083,28.21647251555253,32.5545181780829,3.9293685397885247,145.87937104727615,16.436232766230635,38.247866096571364,5.230388282054999,1.1741132094107278,3.081661349531675,0.3149134503771535,1.1230018191923343,50650.0,196900.0
11,PF00004,PF00096,24,0,163.74379593696779,20.096411941602312,15.499114933841756,3.66574373348624,145.87937104727615,16.436232766230635,38.247866096571364,5.230388282054999,0.5316789245533744,0.5829661727692874,0.054220504991078805,0.010182589705546419,44225.0,15550.0
12,PF00004,PF00096,30,0,165.7181009930916,27.604997155926085,18.781658758119242,3.97607123315795,145.87937104727615,16.436232766230635,38.247866096571364,5.230388282054999,0.6378071531866804,0.7297268453040001,0.15492333789072568,0.015142583645356391,69850.0,15275.0
13,PF00004,PF00096,36,0,170.24355511474235,21.764232635404966,20.912384565343846,6.045353869810956,145.87937104727615,16.436232766230635,38.247866096571364,5.230388282054999,0.6697118229555434,1.0292749461210509,0.05187309092135092,0.12531826356077388,49775.0,39750.0
14,PF00004,PF00096,42,0,170.74202507314698,31.65795367466559,20.08697338502951,3.6627649735893297,145.87937104727615,16.436232766230635,38.247866096571364,5.230388282054999,0.7947668998364149,0.8524312351969411,0.16316065373787647,0.017436595321842146,54775.0,17525.0
15,PF00004,PF00096,48,0,188.82287905159149,21.725999830646717,15.615691293440653,4.59189410404307,145.87937104727615,16.436232766230635,38.247866096571364,5.230388282054999,1.1283921479232821,0.6735847748552556,0.22849603141397362,0.013904792076967076,51050.0,30875.0
16,PF00004,PF00096,54,0,166.47557461521822,20.02002187319584,22.022404854013356,5.1129980337284096,145.87937104727615,16.436232766230635,38.247866096571364,5.230388282054999,0.610219732596968,1.0800143721442301,0.02226134760737757,0.27567896632607486,34575.0,61975.0
17,PF00004,PF00096,60,0,211.90715532233042,18.914551060350654,16.963037588306307,4.230879602811253,145.87937104727615,16.436232766230635,38.247866096571364,5.230388282054999,1.7263128904588252,0.6367996745421549,0.8885293864950257,0.012184548361903073,189075.0,15625.0
18,PF00004,PF00397,12,0,150.14454291236797,13.807729574491653,34.36165120335722,7.444644867400683,145.87937104727615,34.45049111539599,38.247866096571364,7.292449697522858,0.30135998010897086,0.854741085311199,0.008856492344055545,0.013211779649530025,26800.0,20400.0
19,PF00004,PF00397,18,0,153.1902821476175,20.30206449507397,34.68640446017501,6.031647223708414,145.87937104727615,34.45049111539599,38.247866096571364,7.292449697522858,0.4559130380038455,0.6647893725092046,0.012695874122062911,0.015317062295697688,29100.0,19525.0
20,PF00004,PF00397,24,0,170.23960276999563,25.549180268180436,41.447148209449416,6.318530183700621,145.87937104727615,34.45049111539599,38.247866096571364,7.292449697522858,0.7102182046342045,1.055212770842244,0.08533356945666762,0.06850032527690605,39150.0,32350.0
21,PF00004,PF00397,30,0,191.71788383584553,23.628029138179986,38.821998519285195,7.273627992495269,145.87937104727615,34.45049111539599,38.247866096571364,7.292449697522858,1.2165614551593926,0.9174491305624166,0.3735415250444506,0.01577898262309206,70650.0,25075.0
22,PF00004,PF00397,36,0,187.08524223428697,22.352209193915606,38.97820443236972,4.314035525917526,145.87937104727615,34.45049111539599,38.247866096571364,7.292449697522858,1.082603570876989,0.7065082051896546,0.2506404793181031,0.01791502106059362,52350.0,21725.0
23,PF00004,PF00397,42,0,158.01352900890961,17.131156088653974,46.07310175543942,5.601424044142461,145.87937104727615,34.45049111539599,38.247866096571364,7.292449697522858,0.42864627589215365,1.5944763476376236,0.011608995221519711,0.18789615846615593,31725.0,43650.0
24,PF00004,PF00397,48,0,173.1301156006809,25.810365506081595,47.768935234583296,5.752754181947537,145.87937104727615,34.45049111539599,38.247866096571364,7.292449697522858,0.8036879752306086,1.8303025785645604,0.16569339502022576,0.35559005486018846,52750.0,77500.0
25,PF00004,PF00397,54,0,211.76881593502898,17.9382664416903,46.54970129223755,6.778692030493227,145.87937104727615,34.45049111539599,38.247866096571364,7.292449697522858,1.7287185489059433,1.6712111974385553,0.779135521246628,0.16959033499737555,157125.0,62975.0
26,PF00004,PF00397,60,0,178.29600648920538,28.87775488745995,39.70495878327003,4.804940040826151,145.87937104727615,34.45049111539599,38.247866096571364,7.292449697522858,0.853557543753211,0.7800305717747105,0.33362496830264826,0.019706684531353828,133675.0,27225.0
27,PF00004,PF00397,66,0,200.51149802215667,28.037002655824093,45.372878817881336,6.14896411163508,145.87937104727615,34.45049111539599,38.247866096571364,7.292449697522858,1.4375443694077468,1.5352840994555823,0.5919790781384741,0.1474052644819332,144400.0,53075.0
28,PF00004,PF00397,72,0,198.42450142810904,31.985754404578525,50.147092984457984,6.151045846410535,145.87937104727615,34.45049111539599,38.247866096571364,7.292449697522858,1.470746907185973,2.1524456828812832,0.5270558871905485,0.4826679277618134,120475.0,103475.0
29,PF00004,PF00397,78,0,155.47288995419248,17.253733976233036,46.82294683088598,4.232381311109152,145.87937104727615,34.45049111539599,38.247866096571364,7.292449697522858,0.40098989314272887,1.6966117325009105,0.007531764857642014,0.38854279145134174,24600.0,65275.0
30,PF00041,PF00076,12,0,135.00435423461116,10.184602806139996,79.91163589620623,10.933591521746854,120.65601144257766,80.84820765078511,17.636853203436154,17.495265548880706,0.8682289699303434,0.5157132612273716,0.02555090440702922,0.009631007724964967,11800.0,11550.0
31,PF00041,PF00076,18,0,134.99326276132038,10.50253456945511,83.4859959362415,10.667160169521669,120.65601144257766,80.84820765078511,17.636853203436154,17.495265548880706,0.8736833778459376,0.49842089505789183,0.021421256016030975,0.006899308607852964,12050.0,11650.0
32,PF00041,PF00076,24,0,135.37884183160403,9.847882950380425,83.06906199897271,12.209863348349252,120.65601144257766,80.84820765078511,17.636853203436154,17.495265548880706,0.8815996026170742,0.5595717643173843,0.03134820815748967,0.009672281741389462,11350.0,11000.0
33,PF00041,PF00076,30,0,134.51752751832646,10.89856671960821,80.50123645648654,12.347954567560967,120.65601144257766,80.84820765078511,17.636853203436154,17.495265548880706,0.8547079690173731,0.5777264922642334,0.020640076362566304,0.011107294113189113,11750.0,14675.0
34,PF00041,PF00076,36,0,133.91356799366963,10.919222208389431,82.3981913358487,11.83135396608702,120.65601144257766,80.84820765078511,17.636853203436154,17.495265548880706,0.8390293002331668,0.5347252432390805,0.02301728028853841,0.008535097686741053,13100.0,13300.0
35,PF00041,PF00076,42,0,139.81022788751622,10.695267445402424,82.94851704990984,12.622451623282533,120.65601144257766,80.84820765078511,17.636853203436154,17.495265548880706,1.1034938363317333,0.6219472119291324,0.05104691075454766,0.014756411959384746,15375.0,14200.0
36,PF00041,PF00076,48,0,136.5053283859193,10.526455577088749,83.74681038167247,11.799656170957599,120.65601144257766,80.84820765078511,17.636853203436154,17.495265548880706,0.9345363722649711,0.5571949177222152,0.04089396817963132,0.010010463607288498,12900.0,13000.0
37,PF00041,PF00076,54,0,132.79317603434328,9.69853083165256,81.71353621610578,10.901012011334013,120.65601144257766,80.84820765078511,17.636853203436154,17.495265548880706,0.7475313746181022,0.5261824512227719,0.020654049525972287,0.008875200262511292,12125.0,11275.0
38,PF00041,PF00076,60,0,136.3548343292252,8.716702572536331,83.892646610813,10.332530037719783,120.65601144257766,80.84820765078511,17.636853203436154,17.495265548880706,0.8966259312785548,0.46974699781455515,0.03362170178947566,0.007679251302029274,12750.0,11525.0
39,PF00041,PF00076,66,0,147.60717497050084,10.32978109760427,95.22554362343855,13.5056480855313,120.65601144257766,80.84820765078511,17.636853203436154,17.495265548880706,1.528116337821098,0.9809992340790694,0.16468991144870074,0.05134568200235659,23000.0,19100.0
40,PF00041,PF00076,72,0,147.4553962722311,13.896873954509617,97.17323839271005,11.336221475461503,120.65601144257766,80.84820765078511,17.636853203436154,17.495265548880706,1.559514247073835,0.9581322382037892,0.2004889470233442,0.03147157102545865,25725.0,17550.0
41,PF00041,PF00076,78,0,139.38942510696577,9.989837458850978,88.21538683940224,10.426087077775247,120.65601144257766,80.84820765078511,17.636853203436154,17.495265548880706,1.0890690745743263,0.5716822699288503,0.035631129492147716,0.015665434499910934,13925.0,14350.0
42,PF00041,PF00076,84,0,140.85527820306808,10.68661284110588,90.9903697764836,9.92742300848345,120.65601144257766,80.84820765078511,17.636853203436154,17.495265548880706,1.179955453139891,0.6891036800161714,0.08523719726192089,0.01578264069076468,15400.0,12175.0
43,PF00041,PF00076,90,0,140.06477282551873,11.648652843953704,88.93809873069897,10.635472075759399,120.65601144257766,80.84820765078511,17.636853203436154,17.495265548880706,1.1166731390458409,0.6222664188758669,0.06196820951324688,0.009568943622002599,16725.0,15425.0
44,PF00041,PF00397,12,0,133.51390684811048,12.07675605861203,33.76022393206123,6.214900007462616,120.65601144257766,34.45049111539599,17.636853203436154,7.292449697522858,0.8371920182157306,0.6980978020519103,0.02042866534647782,0.014346396861205974,9625.0,16275.0
45,PF00041,PF00397,18,0,137.45032123096672,9.305627650964468,35.260470517832395,6.094135526395072,120.65601144257766,34.45049111539599,17.636853203436154,7.292449697522858,0.9713596817676372,0.7042800986419365,0.0327378750012625,0.013481013196368734,11250.0,16225.0
46,PF00041,PF00397,24,0,135.16454156254497,9.960035827176226,36.03851690957337,5.79863612141677,120.65601144257766,34.45049111539599,17.636853203436154,7.292449697522858,0.8461502988801519,0.6880957468580507,0.026973769750920668,0.0147490876950752,10200.0,18375.0
47,PF00041,PF00397,30,0,137.82568445376052,9.753251572899257,38.51558840950202,6.760730010944565,120.65601144257766,34.45049111539599,17.636853203436154,7.292449697522858,1.0067647191211226,0.8396181205130366,0.027725415158654704,0.01521454556349857,10625.0,20925.0
48,PF00041,PF00397,36,0,137.4398799235699,10.465230507871485,40.39705407346859,4.955890436586187,120.65601144257766,34.45049111539599,17.636853203436154,7.292449697522858,0.9663599816263418,0.8907835212762205,0.03514244855297541,0.018204088334770524,10300.0,19550.0
49,PF00041,PF00397,42,0,143.1654423622347,8.894700541566113,39.9680476792984,6.032024658891412,120.65601144257766,34.45049111539599,17.636853203436154,7.292449697522858,1.2768762564194203,0.8484627739361136,0.14265013259198267,0.0199078185614866,16050.0,23425.0
50,PF00041,PF00397,48,0,134.06723794636181,13.700098933408498,46.38714865860769,5.323239720874755,120.65601144257766,34.45049111539599,17.636853203436154,7.292449697522858,0.9317042314757628,1.6411690592355928,0.017987850527272226,0.11633099896830265,13050.0,45250.0
51,PF00041,PF00397,54,0,144.7026581897744,10.406721356346598,46.69413387721417,7.186179884053427,120.65601144257766,34.45049111539599,17.636853203436154,7.292449697522858,1.3634318134774617,1.6883844206448375,0.18117143515259213,0.5313856630808423,20975.0,116825.0
52,PF00041,PF00397,60,0,146.69571377050042,9.185611309770653,42.30289013203605,4.535645165675391,120.65601144257766,34.45049111539599,17.636853203436154,7.292449697522858,1.4764369826953863,1.0848919504574386,0.2983258581528508,0.03971365308972786,26500.0,23350.0
53,PF00041,PF00397,66,0,137.21148868148714,10.670919345450582,42.09654424881569,4.9691653293212275,120.65601144257766,34.45049111539599,17.636853203436154,7.292449697522858,0.9678041060641772,1.0770461989814968,0.024488452885493714,0.046928111237560646,10700.0,24475.0
54,PF00041,PF00397,72,0,151.2585129498756,10.262731085266891,46.63934210734832,5.57596047391364,120.65601144257766,34.45049111539599,17.636853203436154,7.292449697522858,1.7353687686554522,1.6724182397224885,0.356037836307836,0.12980826187480787,39050.0,40000.0
55,PF00041,PF00397,78,0,147.79984159787554,8.065420727595914,40.552955740905595,4.572226121218239,120.65601144257766,34.45049111539599,17.636853203436154,7.292449697522858,1.539040430977192,0.8695253281331147,0.2794339622327715,0.01922183953600766,21125.0,20700.0
56,PF00041,PF00153,12,0,131.21764311724976,9.948807658839652,89.99688378955803,13.435817488863403,120.65601144257766,92.55486889551554,17.636853203436154,25.61876806220977,0.6953843465053429,0.4241363968909288,0.013751202660502488,0.012711693507294819,10875.0,18750.0
57,PF00041,PF00153,18,0,133.33988192491503,9.121364555121463,93.75037335836231,15.93189408841081,120.65601144257766,92.55486889551554,17.636853203436154,25.61876806220977,0.7737678630012735,0.5031851912180244,0.01931329202628509,0.011355452520730341,12200.0,20275.0
58,PF00041,PF00153,24,0,132.50246253272445,10.658949766070458,91.73165171496017,12.547219920794724,120.65601144257766,92.55486889551554,17.636853203436154,25.61876806220977,0.7451502569558892,0.3927179174705902,0.017971489096626783,0.0102453808965701,11625.0,18975.0
59,PF00041,PF00153,30,0,129.93602924107753,10.267863724828155,94.63622442054674,12.785524010080737,120.65601144257766,92.55486889551554,17.636853203436154,25.61876806220977,0.6464625268599581,0.3950154964258632,0.01574786012767161,0.009864543138307995,11700.0,18125.0
60,PF00041,PF00153,36,0,133.3435312825314,10.910394352078029,96.0168214261736,11.080558257078362,120.65601144257766,92.55486889551554,17.636853203436154,25.61876806220977,0.7716193754617077,0.3606961537105917,0.01981697474712239,0.010759165105894275,12900.0,18375.0
61,PF00041,PF00153,42,0,139.38570831179175,8.833508430630252,100.37373430525754,14.492926032691612,120.65601144257766,92.55486889551554,17.636853203436154,25.61876806220977,1.072056204725997,0.5153064445536693,0.06189683705057383,0.01890216402004122,14000.0,24350.0
62,PF00041,PF00153,48,0,134.99178321175654,10.60080492623349,97.52431441672728,14.580643761142953,120.65601144257766,92.55486889551554,17.636853203436154,25.61876806220977,0.8613505248851692,0.4918638353730194,0.027456892967361816,0.03313206061650487,13075.0,25400.0
63,PF00041,PF00153,54,0,137.0163070916759,9.580583024212915,99.4746327662841,14.95807603050305,120.65601144257766,92.55486889551554,17.636853203436154,25.61876806220977,0.9534786122761311,0.49850008792335887,0.036913874001892576,0.03168307698452547,13125.0,26775.0
64,PF00041,PF00153,60,0,140.36156229538395,9.821208275559947,95.39744435268827,13.20012372072985,120.65601144257766,92.55486889551554,17.636853203436154,25.61876806220977,1.1216264126358118,0.41830963385114733,0.08322510881079145,0.0183707956942115,15650.0,24000.0
65,PF00041,PF00153,66,0,138.35621069230575,12.449755677027529,109.8244417886351,13.42290921731581,120.65601144257766,92.55486889551554,17.636853203436154,25.61876806220977,1.0823593330746053,0.7426562757592088,0.0450102568457462,0.11324873069989398,16425.0,24500.0
66,PF00041,PF00153,72,0,141.15689067249073,10.356268098234985,100.46030786623857,12.22393732847159,120.65601144257766,92.55486889551554,17.636853203436154,25.61876806220977,1.174020271264367,0.45667806622432494,0.10312895504835247,0.02178086723890015,17350.0,20075.0
67,PF00041,PF00153,78,0,141.52014413507703,10.463332979128475,101.29710154255422,14.38665863468928,120.65601144257766,92.55486889551554,17.636853203436154,25.61876806220977,1.192076079277065,0.5287363725914979,0.0875438082249112,0.05310028615122987,16850.0,23325.0
68,PF00041,PF00153,84,0,140.98223840301006,9.367384139724441,106.9582669915954,11.821894128744335,120.65601144257766,92.55486889551554,17.636853203436154,25.61876806220977,1.1529048387130523,0.6197864059013951,0.0921825015406875,0.053744750006412684,18675.0,20675.0
69,PF00041,PF00153,90,0,146.35435341650202,10.03843879512966,102.55046930100863,15.6206389781601,120.65601144257766,92.55486889551554,17.636853203436154,25.61876806220977,1.4621733779159094,0.5876171010893683,0.19809523956426214,0.04714004961688806,20725.0,25600.0
70,PF00004,PF00512,12,0,150.39629386244894,16.505543994957808,113.78503158863371,9.367511511069697,145.87937104727615,105.72150320304084,38.247866096571364,17.686172366262216,0.314677923040483,0.5768755062033857,0.023415376579746957,0.011064145024900636,31825.0,10300.0
71,PF00004,PF00512,18,0,184.27120146660008,24.87863088693825,109.19521727125968,9.398914909553428,145.87937104727615,105.72150320304084,38.247866096571364,17.686172366262216,1.046319834919445,0.4155747971346683,0.34334884351179135,0.0073934617925058115,50375.0,8600.0
72,PF00004,PF00512,24,0,149.94258610883776,22.431344973623652,114.34263885280586,9.424603807620182,145.87937104727615,105.72150320304084,38.247866096571364,17.686172366262216,0.46459114419439834,0.5950291455123794,0.0377212793191155,0.008475822011246721,32175.0,9125.0
73,PF00004,PF00512,30,0,155.38121858328358,17.329993763683195,122.58619680474818,9.789113490170669,145.87937104727615,105.72150320304084,38.247866096571364,17.686172366262216,0.39096746359323054,1.0002709532545826,0.028653576347559752,0.028273721159317464,53775.0,10525.0
74,PF00004,PF00512,36,0,165.70314749417182,27.12076052738666,126.397106231561,9.639359546242895,145.87937104727615,105.72150320304084,38.247866096571364,17.686172366262216,0.6854554310001856,1.1732791690561564,0.0894639851014074,0.10149258197407733,63400.0,15225.0
75,PF00004,PF00512,42,0,182.93659632288433,28.42262437701155,115.47540863053624,10.419875036488053,145.87937104727615,105.72150320304084,38.247866096571364,17.686172366262216,1.0407723211094728,0.6653632519303169,0.3159514491730527,0.01432998545608526,55675.0,10825.0
76,PF00004,PF00512,48,0,172.22703969476282,22.30948640831018,127.32316064081468,9.191526990192697,145.87937104727615,105.72150320304084,38.247866096571364,17.686172366262216,0.7420428346915736,1.240153360681143,0.05461734111359942,0.11925025214194898,47450.0,15150.0
77,PF00004,PF00512,54,0,185.6906138377975,24.18845738713876,121.51236871935005,9.126050434363053,145.87937104727615,105.72150320304084,38.247866096571364,17.686172366262216,1.0764201199807255,0.9043882138546546,0.36938711044578854,0.018518667445972418,59850.0,11100.0
78,PF00004,PF00512,60,0,185.46260271700626,29.86221413142362,119.00428721903666,11.254926770443111,145.87937104727615,105.72150320304084,38.247866096571364,17.686172366262216,1.1114210600382863,0.8402893802290596,0.39090308494348763,0.022915396757898537,93750.0,13700.0
79,PF00004,PF00512,66,0,161.17422719020445,25.622551243774065,114.39567525318861,8.253119157971256,145.87937104727615,105.72150320304084,38.247866096571364,17.686172366262216,0.6135363635764957,0.5607690023720542,0.10588255329323662,0.013416541330964135,57250.0,9750.0
80,PF00004,PF00512,72,0,185.12994085674174,24.689671063626914,129.19640043642465,9.314415443877767,145.87937104727615,105.72150320304084,38.247866096571364,17.686172366262216,1.0930861118596034,1.3372504608743958,0.22464575278545515,0.15580150798902376,51000.0,17875.0
81,PF00004,PF00512,78,0,178.61835142831998,23.228415604067077,133.68603835893828,8.732046427084226,145.87937104727615,105.72150320304084,38.247866096571364,17.686172366262216,0.8823538113635437,1.5900457243726873,0.1802067999493836,0.27163411457082576,55900.0,29425.0
82,PF00004,PF00512,84,0,172.02770718454184,20.878060468558697,131.91614863652308,8.543792697362074,145.87937104727615,105.72150320304084,38.247866096571364,17.686172366262216,0.7137842679260126,1.4810805238701956,0.0645990043720874,0.21247100653300163,42900.0,22525.0
83,PF00004,PF00512,90,0,195.11119566310458,31.105787767104754,126.8920592595234,13.336227894210001,145.87937104727615,105.72150320304084,38.247866096571364,17.686172366262216,1.3701314007887726,1.2462341031956252,0.462228618174116,0.09225641026136812,90200.0,18125.0
84,PF00041,PF00271,12,0,131.75378357114187,11.16390362145891,161.65571331378672,20.475967149745752,120.65601144257766,149.57930952191575,17.636853203436154,27.18196726964319,0.7512178653137588,0.7183166156704714,0.014268467950248432,0.02297940147756131,11900.0,19175.0
85,PF00041,PF00271,18,0,132.16318871749064,10.64341951111142,154.1586012081786,17.85059707471485,120.65601144257766,149.57930952191575,17.636853203436154,27.18196726964319,0.7458500976135051,0.5595734691168035,0.02056517852652091,0.023966341433101793,13525.0,27625.0
86,PF00041,PF00271,24,0,135.74184738218236,12.318023249847956,151.8874549228733,19.881409578250626,120.65601144257766,149.57930952191575,17.636853203436154,27.18196726964319,0.9417204954606181,0.6024320115376457,0.022553059493058983,0.018378311875338973,13125.0,20050.0
87,PF00041,PF00271,30,0,121.71990326121602,10.9923072745857,144.88993611257692,16.358928420667212,120.65601144257766,149.57930952191575,17.636853203436154,27.18196726964319,0.5128845899101985,0.521283814959788,0.01050160338133337,0.011780913510523329,10650.0,20200.0
88,PF00041,PF00271,36,0,133.10266486569498,8.962487174815358,148.38882320794744,18.72833188211664,120.65601144257766,149.57930952191575,17.636853203436154,27.18196726964319,0.7500679151081684,0.5722650756572094,0.025073205890285662,0.01628875119894544,13275.0,18100.0
89,PF00041,PF00271,42,0,137.02191422231408,8.812679078185857,154.0664048071928,22.431327478095987,120.65601144257766,149.57930952191575,17.636853203436154,27.18196726964319,0.9382774209036947,0.706153499932602,0.044224904622623094,0.027328931349768083,14775.0,20225.0
90,PF00041,PF00271,48,0,135.35097799239333,10.321829068639868,164.21769932635735,23.492808662216873,120.65601144257766,149.57930952191575,17.636853203436154,27.18196726964319,0.8767298394094799,0.8556149289635296,0.023027807336420736,0.04905185836727546,12550.0,24550.0
91,PF00041,PF00271,54,0,139.87456341658674,8.561929104735096,140.19801322904695,17.7677262038041,120.65601144257766,149.57930952191575,17.636853203436154,27.18196726964319,1.0896814614448764,0.6199208750635152,0.0784907254299302,0.01462113276946946,16925.0,23500.0
92,PF00041,PF00271,60,0,140.95402779602577,10.48650765577694,163.58986014145933,22.565051510191758,120.65601144257766,149.57930952191575,17.636853203436154,27.18196726964319,1.168496917964448,0.7466489222525781,0.05946490838734855,0.06294818556898249,16825.0,38325.0
93,PF00041,PF00271,66,0,139.16104422432346,10.484835825750027,154.56307719564538,17.47018806285208,120.65601144257766,149.57930952191575,17.636853203436154,27.18196726964319,1.0656632770049597,0.5375461392374054,0.04565791903364989,0.018076495470551613,17150.0,22050.0
94,PF00041,PF00271,72,0,136.3152624321102,9.92340029452658,176.97290255260495,14.94462237767554,120.65601144257766,149.57930952191575,17.636853203436154,27.18196726964319,0.914092369893065,1.025388967207985,0.020375504719689488,0.10884495159342318,13175.0,26175.0
95,PF00041,PF00271,78,0,147.77751501950573,9.632053341016459,160.36453768951543,17.045230977795114,120.65601144257766,149.57930952191575,17.636853203436154,27.18196726964319,1.5377745261067322,0.6081156661046914,0.2689910359006653,0.01550595905331143,27100.0,25125.0
96,PF00041,PF00271,84,0,151.43294407063328,9.29376077927935,163.0928048899234,19.76395746497225,120.65601144257766,149.57930952191575,17.636853203436154,27.18196726964319,1.745035368444263,0.6892769638399675,0.3929317201174929,0.028921821815919097,54925.0,27675.0
97,PF00041,PF00271,90,0,147.98079569591042,9.67636835635947,158.146907098041,21.25267041992211,120.65601144257766,149.57930952191575,17.636853203436154,27.18196726964319,1.5493004300795072,0.6431109932128952,0.19600020743285543,0.03702956994999551,23150.0,30575.0
98,PF00004,PF00076,12,0,144.96636482778115,17.352291011979467,80.14145293671281,10.99873280338752,145.87937104727615,80.84820765078511,38.247866096571364,17.495265548880706,0.34343441539592207,0.47986115961297726,0.007176514301218002,0.009226023481682263,20975.0,13250.0
99,PF00004,PF00076,18,0,167.071649108227,22.839691237880977,84.5340369966855,11.28168741617262,145.87937104727615,80.84820765078511,38.247866096571364,17.495265548880706,0.6312014088758274,0.5291189757123822,0.10954207904908443,0.010906280225113356,46000.0,14950.0
100,PF00004,PF00076,24,0,160.8844133631492,19.50483278094179,84.8821620961711,10.91207078420015,145.87937104727615,80.84820765078511,38.247866096571364,17.495265548880706,0.4840845651002763,0.5206976393579046,0.04949209770781897,0.009888295139793963,46050.0,15475.0
101,PF00004,PF00076,30,0,172.28579004905635,26.19311114360439,81.84502039404289,12.194198137739399,145.87937104727615,80.84820765078511,38.247866096571364,17.495265548880706,0.7932039901759005,0.5550955609303982,0.15016147558490484,0.011665720864347433,55400.0,17600.0
102,PF00004,PF00076,36,0,155.32214195267608,18.13586669975311,93.73941233362179,11.492950083507397,145.87937104727615,80.84820765078511,38.247866096571364,17.495265548880706,0.38921035657910946,0.8296223416799902,0.018906317346324503,0.024340521194684245,37750.0,16350.0
103,PF00004,PF00076,42,0,166.7336691387213,22.699619411287607,88.32874813176899,9.37249969403225,145.87937104727615,80.84820765078511,38.247866096571364,17.495265548880706,0.6136523177266828,0.5574049883685155,0.08419009512673727,0.009283842641640404,47025.0,13225.0
104,PF00004,PF00076,48,0,193.85477134196714,26.532813433704316,88.77143676572751,12.541283293753386,145.87937104727615,80.84820765078511,38.247866096571364,17.495265548880706,1.2910305755496927,0.683634153586864,0.561696406042948,0.013801270772303885,102300.0,18550.0
105,PF00004,PF00076,54,0,182.07510682963718,20.816413806664457,87.01172158728266,11.65845529725185,145.87937104727615,80.84820765078511,38.247866096571364,17.495265548880706,0.9625932650081092,0.5980695122357338,0.2336214110113318,0.012304673408368305,38900.0,14375.0
106,PF00004,PF00076,60,0,160.36051569065728,26.248213693610822,91.33293934507452,12.00919445011027,145.87937104727615,80.84820765078511,38.247866096571364,17.495265548880706,0.5856507816049296,0.7382265116269457,0.1039735644531169,0.02428658255987007,70625.0,16450.0
107,PF00004,PF00076,66,0,192.358597060789,22.7266006880099,94.90393410008555,10.55329898298484,145.87937104727615,80.84820765078511,38.247866096571364,17.495265548880706,1.2428742750622082,0.8823861630825476,0.45226109367721234,0.04437764099017296,64625.0,20375.0
108,PF00004,PF00076,72,0,215.75767288171875,16.38452180820866,97.5757493437603,11.23724653823436,145.87937104727615,80.84820765078511,38.247866096571364,17.495265548880706,1.8269856325581173,0.9989452909027774,1.0499370770827416,0.03035150749017166,219875.0,19350.0
109,PF00004,PF00076,78,0,201.70142670463073,20.914378556664513,86.06830154433857,12.963269367408172,145.87937104727615,80.84820765078511,38.247866096571364,17.495265548880706,1.4617412394426332,0.6000429913012879,0.6622473315615187,0.016620944114919732,105500.0,16800.0
110,PF00004,PF00076,84,0,173.0688833534745,27.498242823325377,98.89798787445326,8.03373152284482,145.87937104727615,80.84820765078511,38.247866096571364,17.495265548880706,0.797778702842798,1.0374470770491477,0.2068469374270704,0.07411724134847227,72575.0,24150.0
111,PF00004,PF00076,90,0,211.3624255746933,20.59214463057807,106.18644767652131,9.412239736632635,145.87937104727615,80.84820765078511,38.247866096571364,17.495265548880706,1.7120707953243761,1.4520462370871028,0.7780393510069845,0.16428186000507763,177875.0,34175.0
112,PF00004,PF00595,12,0,149.1133104542587,16.69609281937681,89.56417594668353,10.096950778474076,145.87937104727615,87.53057527636871,38.247866096571364,17.88808620089358,0.34203236104991896,0.4487681052766474,0.011693131644056297,0.010235542144457568,26250.0,17250.0
113,PF00004,PF00595,18,0,171.62863796608104,23.254885893732116,87.6385769072354,8.879900321244373,145.87937104727615,87.53057527636871,38.247866096571364,17.88808620089358,0.7478772109554841,0.41000878895433884,0.13635660403125732,0.007989979272968326,71875.0,16975.0
114,PF00004,PF00595,24,0,176.2383297784424,25.31286075499426,93.66899402491161,9.964878027441994,145.87937104727615,87.53057527636871,38.247866096571364,17.88808620089358,0.8711994966987645,0.4991056806275186,0.19642701688239794,0.01001906126659614,50175.0,17100.0
115,PF00004,PF00595,30,0,173.62412809851426,27.360361572410344,90.951832403849,11.447665537688522,145.87937104727615,87.53057527636871,38.247866096571364,17.88808620089358,0.8051235568938989,0.5357817437419139,0.20381665892328166,0.008196997482384814,66125.0,15625.0
116,PF00004,PF00595,36,0,156.3828300162811,17.93500749963335,87.38907693402929,11.014486700510156,145.87937104727615,87.53057527636871,38.247866096571364,17.88808620089358,0.4251031159233086,0.47473900312432216,0.025293204165595044,0.010254743542123553,49200.0,15650.0
117,PF00004,PF00595,42,0,163.42655391936626,23.809167764203956,87.82059913886248,10.946538443635129,145.87937104727615,87.53057527636871,38.247866096571364,17.88808620089358,0.6087077553736269,0.48846807609810183,0.08413766788020943,0.009005713128079747,63425.0,16400.0
118,PF00004,PF00595,48,0,161.15074290954536,17.893685399041317,89.35513064404235,10.960893738430089,145.87937104727615,87.53057527636871,38.247866096571364,17.88808620089358,0.482563642515109,0.5003702442794533,0.024983157488315987,0.008161222855347644,40800.0,22350.0
119,PF00004,PF00595,54,0,185.06884342212513,23.615796632457155,96.85852502207574,12.006000492366224,145.87937104727615,87.53057527636871,38.247866096571364,17.88808620089358,1.0423467545370146,0.6660338882013062,0.33470925073334407,0.010101836234089454,50400.0,16700.0
120,PF00004,PF00595,60,0,199.66427286127183,19.538425604592423,91.80176715238704,9.90076075619952,145.87937104727615,87.53057527636871,38.247866096571364,17.88808620089358,1.4096588723932901,0.4930908248909233,0.5463150077149825,0.008290914814211577,92275.0,17300.0
121,PF00004,PF00595,66,0,180.81813798391107,25.12646449596079,105.72443496140878,12.872009521139045,145.87937104727615,87.53057527636871,38.247866096571364,17.88808620089358,0.9428995663681705,1.0800728770450259,0.23139165070418538,0.04877344476039843,79675.0,25525.0
122,PF00004,PF00595,72,0,172.7136686814925,27.80101636029548,109.9828880084535,11.768186703807626,145.87937104727615,87.53057527636871,38.247866096571364,17.88808620089358,0.79635807305063,1.2640857765695752,0.13377322155822044,0.09837957349107787,84050.0,21175.0
123,PF00004,PF00595,78,0,177.93525782170258,24.533239327408452,103.85514160544821,14.614657388403574,145.87937104727615,87.53057527636871,38.247866096571364,17.88808620089358,0.8845011127264866,1.0740725036389276,0.17563318032706307,0.06981101691606305,56750.0,22175.0
124,PF00004,PF00595,84,0,176.35635777632078,22.995672090400404,105.16915090390802,13.540909408746087,145.87937104727615,87.53057527636871,38.247866096571364,17.88808620089358,0.8334584756292722,1.0763877841920209,0.1283372397113881,0.12679813030587733,44500.0,28050.0
125,PF00004,PF00595,90,0,189.81344501556367,30.883976588135102,96.83548019067685,11.28381825594928,145.87937104727615,87.53057527636871,38.247866096571364,17.88808620089358,1.2023603249141057,0.6681379516342396,0.5521225204812492,0.014796367101744243,133725.0,19975.0
126,PF00004,PF00041,12,0,146.09603066881184,15.822554973586469,134.62192297836611,10.816044738405617,145.87937104727615,120.65601144257766,38.247866096571364,17.636853203436154,0.32531417641611826,0.8729246160036258,0.01209152993966129,0.017003056451474055,27725.0,12450.0
127,PF00004,PF00041,18,0,161.27765558433387,19.93408592702647,137.62206977273132,9.175208594455501,145.87937104727615,120.65601144257766,38.247866096571364,17.636853203436154,0.5079640365279388,0.9747007023868025,0.035056412640828635,0.029800715250769595,38325.0,13275.0
128,PF00004,PF00041,24,0,149.4213553032463,16.985730253375067,134.48889571719815,9.874357590679512,145.87937104727615,120.65601144257766,38.247866096571364,17.636853203436154,0.33987285139952644,0.8519499499548476,0.013478898622185955,0.024573267508276507,29575.0,12825.0
129,PF00004,PF00041,30,0,155.15524328053613,22.81061299573717,136.23281585435743,9.938723757505306,145.87937104727615,120.65601144257766,38.247866096571364,17.636853203436154,0.4766119309082765,0.9395034039231924,0.06874570232381129,0.023701214396588545,42300.0,13675.0
130,PF00004,PF00041,36,0,155.90081706942019,16.127598065197205,134.80915848210125,10.674571045919699,145.87937104727615,120.65601144257766,38.247866096571364,17.636853203436154,0.38959899408281956,0.8604852375040782,0.009167373713016756,0.024311374538849618,33500.0,12125.0
131,PF00004,PF00041,42,0,162.55157362855147,22.820187266127306,139.64213487430882,10.028846002933314,145.87937104727615,120.65601144257766,38.247866096571364,17.636853203436154,0.5842110087859732,1.0942613568453015,0.03293690098630761,0.06701856811601145,43625.0,15200.0
132,PF00004,PF00041,48,0,178.00483385078329,28.14974325140221,140.14035141452226,10.173854769151037,145.87937104727615,120.65601144257766,38.247866096571364,17.636853203436154,0.9059347527617503,1.124229924947056,0.19081025296290768,0.03927793104981738,73875.0,14650.0
133,PF00004,PF00041,54,0,188.68069475421905,24.244005551938603,138.4543300062095,10.934295277181738,145.87937104727615,120.65601144257766,38.247866096571364,17.636853203436154,1.1476746112786649,1.0453234298214658,0.3660360708342278,0.05008250774018791,73125.0,15475.0
134,PF00004,PF00041,60,0,165.62143699562932,26.6355829611335,132.5829939596196,11.710541925429505,145.87937104727615,120.65601144257766,38.247866096571364,17.636853203436154,0.6767002959538583,0.8165408604204067,0.13564604697283936,0.016285418249477764,70650.0,11875.0
135,PF00004,PF00041,66,0,177.117257401723,27.17986202296442,142.2518126411311,13.388656134814397,145.87937104727615,120.65601144257766,38.247866096571364,17.636853203436154,0.8528634208693114,1.2760476550500723,0.265036580081429,0.07169879836929968,109550.0,18300.0
136,PF00004,PF00041,72,0,167.90262271248864,29.700346521524246,141.08818166205242,10.397140520258759,145.87937104727615,120.65601144257766,38.247866096571364,17.636853203436154,0.7802704824134383,1.170327487089934,0.21146684416118597,0.0708519355216099,91600.0,16275.0
137,PF00004,PF00041,78,0,152.0417538523275,20.04483910748667,146.11020109333236,10.698657955976659,145.87937104727615,120.65601144257766,38.247866096571364,17.636853203436154,0.43825249723003606,1.4467231888421443,0.006177963714183936,0.1521234644078634,29225.0,32000.0
138,PF00004,PF00041,84,0,190.78845338636205,18.845706460836627,143.48209114514478,10.637375866121674,145.87937104727615,120.65601144257766,38.247866096571364,17.636853203436154,1.194479420955038,1.2962240778995378,0.36648028200088123,0.1882712056766173,32925.0,26225.0
139,PF00004,PF00041,90,0,183.26077108806382,24.012794640224325,153.5318215801304,10.649520569179769,145.87937104727615,120.65601144257766,38.247866096571364,17.636853203436154,1.0089797848754947,1.864040583563264,0.1782130483904876,0.48734602216059275,40075.0,58175.0
140,PF00004,PF07679,12,0,146.82106802801655,14.953083133588407,68.92777136176198,10.996678261519712,145.87937104727615,63.66128339025547,38.247866096571364,19.078484146135715,0.2982002611072761,0.4966909186797899,0.017144509842285754,0.010175094162829336,29675.0,15125.0
141,PF00004,PF07679,18,0,165.1650253363956,20.798280124651264,68.68475768403891,12.891766313221758,145.87937104727615,63.66128339025547,38.247866096571364,19.078484146135715,0.5716940112519939,0.5845187476496482,0.07086957633323014,0.012325379136724402,43625.0,15050.0
142,PF00004,PF07679,24,0,148.12383277356673,16.245163026514934,68.1327445252474,10.385983487839002,145.87937104727615,63.66128339025547,38.247866096571364,19.078484146135715,0.3235771962952926,0.4762012952991625,0.012988707332458327,0.011522240696899272,29200.0,15550.0
143,PF00004,PF07679,30,0,149.80078227992178,14.549175719721779,74.76968601751513,14.37410297972094,145.87937104727615,63.66128339025547,38.247866096571364,19.078484146135715,0.3200676058447132,0.8450961884768872,0.01608790114739774,0.027735958569212387,35800.0,17825.0
144,PF00004,PF07679,36,0,154.02370014157268,18.132015654860908,71.63470610786203,11.348130855311899,145.87937104727615,63.66128339025547,38.247866096571364,19.078484146135715,0.4100294577567665,0.5922050420538248,0.03363992021002571,0.01136514355927281,48100.0,17175.0
145,PF00004,PF07679,42,0,163.01589564195467,20.572942933282395,80.63873508506089,8.449376456810826,145.87937104727615,63.66128339025547,38.247866096571364,19.078484146135715,0.5508126134806169,0.8990702595585266,0.05864934958612997,0.048099393351111346,43625.0,18350.0
146,PF00004,PF07679,48,0,167.85375364303025,19.076399647077636,79.26979009443698,9.626954896377416,145.87937104727615,63.66128339025547,38.247866096571364,19.078484146135715,0.6277972985356645,0.8418480272058279,0.07065172552472651,0.03610008422595362,38275.0,17925.0
147,PF00004,PF07679,54,0,168.73120494583225,21.27496753223517,83.99623691881901,9.848273308079085,145.87937104727615,63.66128339025547,38.247866096571364,19.078484146135715,0.6603763051839933,1.0835816155168763,0.06201908024632129,0.14726996057508768,40225.0,19475.0
148,PF00004,PF07679,60,0,188.41335042226694,32.45417743867978,73.74564175821429,11.866495944247745,145.87937104727615,63.66128339025547,38.247866096571364,19.078484146135715,1.1518623015779297,0.6917260003509886,0.5203650045158175,0.03035126533472441,135775.0,19300.0
149,PF00004,PF07679,66,0,169.49531131796914,23.368970136728567,75.12967313697283,13.683162435409159,145.87937104727615,63.66128339025547,38.247866096571364,19.078484146135715,0.6691081486664306,0.7803786798867389,0.14913734388672403,0.03326846570705267,78400.0,22300.0
150,PF00004,PF07679,72,0,183.7166579925701,27.501540705441574,80.05345288077476,12.34359062769652,145.87937104727615,63.66128339025547,38.247866096571364,19.078484146135715,1.0697336936749189,0.9485074662780378,0.35719826832874263,0.03942867300050604,88200.0,17975.0
151,PF00004,PF07679,78,0,159.41980714712756,16.2330597376448,78.51829912911224,9.499884102075011,145.87937104727615,63.66128339025547,38.247866096571364,19.078484146135715,0.4538584125381728,0.798716985516079,0.015666779714043517,0.06904061798752206,31800.0,18225.0
152,PF00004,PF07679,84,0,200.9847176706845,22.003860856859205,77.03946841028241,10.825307341074627,145.87937104727615,63.66128339025547,38.247866096571364,19.078484146135715,1.4449279803951425,0.7680971324528677,0.6318376634253601,0.03643169480438096,106225.0,17475.0
153,PF00004,PF07679,90,0,181.766699748766,20.71246939845617,77.23453300498623,10.683470913472902,145.87937104727615,63.66128339025547,38.247866096571364,19.078484146135715,0.9444605519039367,0.7925954874545217,0.09981410114469728,0.025288142065566007,52350.0,17675.0
154,PF00004,PF00153,12,0,148.6892360771205,17.089127642542532,90.56704315885645,13.325496594824148,145.87937104727615,92.55486889551554,38.247866096571364,25.61876806220977,0.3656828059435805,0.4196204056456218,0.011603796147066548,0.015842310286369232,27200.0,23325.0
155,PF00004,PF00153,18,0,156.2365760821277,18.598306412561755,91.45889044716783,16.631800905385486,145.87937104727615,92.55486889551554,38.247866096571364,25.61876806220977,0.44616279577497686,0.5477401098187926,0.038979131574093634,0.02173996640586941,36900.0,26275.0
156,PF00004,PF00153,24,0,155.91331838341995,21.40673879696184,95.67498443278969,14.793902639246427,145.87937104727615,92.55486889551554,38.247866096571364,25.61876806220977,0.4390506261689388,0.46884883759996065,0.03650149534030264,0.01696864457707857,36250.0,22550.0
157,PF00004,PF00153,30,0,170.34181373315897,24.127514798097376,103.93194705909399,12.16124513737888,145.87937104727615,92.55486889551554,38.247866096571364,25.61876806220977,0.7205810937334826,0.5463524292554446,0.20443161208608301,0.05423987846000235,50425.0,25175.0
158,PF00004,PF00153,36,0,159.2627767502588,21.739272627619286,97.72671816259346,15.86594054451555,145.87937104727615,92.55486889551554,38.247866096571364,25.61876806220977,0.4915995952519818,0.5315059766290615,0.049432708518041796,0.025164711411629338,33775.0,25300.0
159,PF00004,PF00153,42,0,186.7736075576012,27.974451935528002,101.09353044015904,15.406257241909865,145.87937104727615,92.55486889551554,38.247866096571364,25.61876806220977,1.1050933728688972,0.5677491043881326,0.3593810564384859,0.04799241997588157,99975.0,29725.0
160,PF00004,PF00153,48,0,169.92137360884087,28.06421192096485,98.46525650384825,17.052921129082527,145.87937104727615,92.55486889551554,38.247866096571364,25.61876806220977,0.7162290173675021,0.5656351559573756,0.25021032448793845,0.05988413466621097,93150.0,35375.0
161,PF00004,PF00153,54,0,208.94907195681265,20.957745217319506,101.87172972667707,13.455899051351144,145.87937104727615,92.55486889551554,38.247866096571364,25.61876806220977,1.6489730629754078,0.5222325620185901,0.9001113695104351,0.03330896518498204,199525.0,29475.0
162,PF00004,PF00153,60,0,171.65414141953843,28.968563283623777,104.7882466073366,16.26226009676177,145.87937104727615,92.55486889551554,38.247866096571364,25.61876806220977,0.7988675787336522,0.6458308673867222,0.17741561233611358,0.054405848219186675,72950.0,25350.0
163,PF00004,PF00153,66,0,180.0713474950998,28.970185653130155,109.03394884477547,15.006912718242114,145.87937104727615,92.55486889551554,38.247866096571364,25.61876806220977,0.95903647831453,0.7419366819962869,0.31202471336949733,0.11896584466157656,112000.0,32250.0
164,PF00004,PF00153,72,0,179.3463095209787,30.43498393070887,112.53612248738426,15.09319581988171,145.87937104727615,92.55486889551554,38.247866096571364,25.61876806220977,1.0170144211061636,0.8348985387982105,0.22474372830553307,0.1426374350607172,76900.0,35925.0
165,PF00004,PF00153,78,0,190.24846636636335,23.55676399541672,112.9224753942347,16.213953317040154,145.87937104727615,92.55486889551554,38.247866096571364,25.61876806220977,1.1680910634930408,0.8823316714550713,0.3160630779847644,0.16819530223875123,101725.0,35050.0
166,PF00004,PF00153,84,0,208.1914025366102,25.49665702600544,105.39136267249827,16.651593481123978,145.87937104727615,92.55486889551554,38.247866096571364,25.61876806220977,1.6296597817926821,0.6742275879796809,0.7572984824061413,0.06749912782118024,156225.0,29450.0
167,PF00004,PF00153,90,0,177.45130934940823,25.183101781305172,122.71853194715595,16.276734848631634,145.87937104727615,92.55486889551554,38.247866096571364,25.61876806220977,0.8575108894665588,1.213385528973257,0.17494482189779806,0.4061839713534865,68850.0,60875.0
168,PF00041,PF00072,12,0,130.8619027423846,10.634548990389591,203.59232900570936,16.698015126802446,120.65601144257766,201.36867883211482,17.636853203436154,29.97112677447452,0.6982364816600031,0.45713715932315163,0.014682033202625056,0.007864388736028603,12675.0,12425.0
169,PF00041,PF00072,18,0,137.06717507219722,9.478511942906884,212.2138771372511,17.60100263547742,120.65601144257766,201.36867883211482,17.636853203436154,29.97112677447452,0.9417637280170886,0.5485675989126046,0.02804358647512616,0.00982555619783162,14200.0,13175.0
170,PF00041,PF00072,24,0,132.18430291932987,9.72831040851454,206.12798177642864,20.60139835482725,120.65601144257766,201.36867883211482,17.636853203436154,29.97112677447452,0.7425245328373837,0.5582159274626237,0.017921798746134632,0.008351097523236034,13475.0,12375.0
171,PF00041,PF00072,30,0,135.24932961415738,8.622928377676953,209.570752684551,17.511299172833102,120.65601144257766,201.36867883211482,17.636853203436154,29.97112677447452,0.8380528807847308,0.5164927399943793,0.027592987073927676,0.009194102342406313,13200.0,13300.0
172,PF00041,PF00072,36,0,135.1645369021506,9.898814929373648,215.83786242951356,16.914426503446514,120.65601144257766,201.36867883211482,17.636853203436154,29.97112677447452,0.8672395786824435,0.6160501213839622,0.03676598524410283,0.014587406652688692,14650.0,14100.0
173,PF00041,PF00072,42,0,137.29760195240445,8.678659520300371,215.22290945173168,15.073019181008425,120.65601144257766,201.36867883211482,17.636853203436154,29.97112677447452,0.9589248586408904,0.573948567120869,0.03474488361093873,0.011847682380014046,14600.0,12950.0
174,PF00041,PF00072,48,0,140.72182265325372,10.718892018544881,224.24773161859696,18.192329014274964,120.65601144257766,201.36867883211482,17.636853203436154,29.97112677447452,1.1522969171778414,0.8285467377280855,0.06183407544189287,0.02071964590334889,16000.0,17300.0
175,PF00041,PF00072,54,0,138.39567930374645,8.944654883302896,222.91395891181685,15.535782828689381,120.65601144257766,201.36867883211482,17.636853203436154,29.97112677447452,1.0142988011555287,0.7758353804558369,0.03081021207481766,0.023708844555073504,13250.0,15500.0
176,PF00041,PF00072,60,0,140.03567561176894,9.192451393755604,213.90930377516506,17.05830745611158,120.65601144257766,201.36867883211482,17.636853203436154,29.97112677447452,1.118512021681124,0.545664844843583,0.05693976865820868,0.008633903117100184,15675.0,14600.0
177,PF00041,PF00072,66,0,130.6670603385047,11.29790124627082,217.37738910176307,14.042822923976148,120.65601144257766,201.36867883211482,17.636853203436154,29.97112677447452,0.7173078980159453,0.5917276149445208,0.016470397048357593,0.014992206634979474,11875.0,12775.0
178,PF00041,PF00072,72,0,143.31591081845673,10.16143556365487,222.1078738335724,18.151278911648475,120.65601144257766,201.36867883211482,17.636853203436154,29.97112677447452,1.2882911382509432,0.7887636275292097,0.13090383944731532,0.02852817420285818,20075.0,16450.0
179,PF00041,PF00072,78,0,134.70071911653903,11.898062631262876,220.4700699914136,14.623658529424581,120.65601144257766,201.36867883211482,17.636853203436154,29.97112677447452,0.8622355956392402,0.6787673036208729,0.01863864956337374,0.01848078289953223,12325.0,13400.0
180,PF00041,PF00072,84,0,142.99083791677006,9.343035248972994,216.56265988899412,16.17503023072239,120.65601144257766,201.36867883211482,17.636853203436154,29.97112677447452,1.2670966839242164,0.5957670593231236,0.09490847459920058,0.011614493673558777,21075.0,15675.0
181,PF00041,PF00072,90,0,136.43707740013815,11.741608125092393,230.0746372845981,13.719494892513556,120.65601144257766,201.36867883211482,17.636853203436154,29.97112677447452,0.9848841505138283,0.9577870951762567,0.029960146746722295,0.04797331656656531,15100.0,17500.0
182,PF00004,PF00271,12,0,144.51059232853223,14.010648028183882,164.4051840103142,19.418607721983072,145.87937104727615,149.57930952191575,38.247866096571364,27.18196726964319,0.2981684428045054,0.7618298643777615,0.00596718522366186,0.03840256560097254,30775.0,24050.0
183,PF00004,PF00271,18,0,172.08895418372552,22.9531907751951,159.67091590258372,19.06678386657737,145.87937104727615,149.57930952191575,38.247866096571364,27.18196726964319,0.7478991048236354,0.6407932110780657,0.12719892935212168,0.018784675277264597,68800.0,28025.0
184,PF00004,PF00271,24,0,183.0664352220814,24.47397937779783,149.48157082060746,16.65676783629172,145.87937104727615,149.57930952191575,38.247866096571364,27.18196726964319,0.9982669390318906,0.5004261758383459,0.32751060769592044,0.011866088007617489,74200.0,22350.0
185,PF00004,PF00271,30,0,183.66238341407322,24.489173768826177,170.13329751892144,21.30845172404,145.87937104727615,149.57930952191575,38.247866096571364,27.18196726964319,1.0292909791807674,0.9124822554917067,0.2334924937665047,0.033412178916157526,66875.0,27025.0
186,PF00004,PF00271,36,0,170.3738895936562,17.55390021289078,156.48684079675502,20.641880232104253,145.87937104727615,149.57930952191575,38.247866096571364,27.18196726964319,0.6732739830977771,0.6547099676321263,0.09530806705537716,0.052852704995613696,65525.0,25500.0
187,PF00004,PF00271,42,0,203.08526530267605,22.04019033021254,150.28101070827458,24.69316697867328,145.87937104727615,149.57930952191575,38.247866096571364,27.18196726964319,1.507096696447592,0.723116814587749,0.7120418951506331,0.033491110769530645,126750.0,26900.0
188,PF00004,PF00271,48,0,184.08128122300252,28.089869800743045,167.83932462706053,18.49513372562682,145.87937104727615,149.57930952191575,38.247866096571364,27.18196726964319,1.0825769243270174,0.8169461299631867,0.3470049824850194,0.06323317341846872,79575.0,24800.0
189,PF00004,PF00271,54,0,189.59146196078885,14.739838789250593,137.76501394884178,15.54634970327146,145.87937104727615,149.57930952191575,38.247866096571364,27.18196726964319,1.1442982452071435,0.6131990352936735,0.44352221091011207,0.012251837655068225,53725.0,23375.0
190,PF00004,PF00271,60,0,186.08373872205522,22.721944123852712,162.60030742795962,21.88585199738336,145.87937104727615,149.57930952191575,38.247866096571364,27.18196726964319,1.0818157427143296,0.7559205445852563,0.3496106627691992,0.10649771777037711,64925.0,25800.0
191,PF00004,PF00271,66,0,202.91927102638144,17.887724497657807,162.8144575614353,20.060780881784154,145.87937104727615,149.57930952191575,38.247866096571364,27.18196726964319,1.4962721324305692,0.6665399161251027,0.625834950310806,0.08352682893827033,96650.0,27425.0
192,PF00004,PF00271,72,0,164.23361489954476,14.691747993387521,195.12364163703776,9.356328265475236,145.87937104727615,149.57930952191575,38.247866096571364,27.18196726964319,0.5044774589119287,1.6755348008231152,0.026196387479235965,0.6551841566105181,42375.0,80125.0
193,PF00004,PF00271,78,0,216.00208763756913,14.376710625518454,160.89278199325278,22.801853560312093,145.87937104727615,149.57930952191575,38.247866096571364,27.18196726964319,1.8333759173189268,0.7243085633698837,0.9414728024244566,0.029472245786705095,183450.0,30000.0
194,PF00004,PF00271,84,0,208.23463419079656,22.709876709703657,159.24953603207996,22.832993985367434,145.87937104727615,149.57930952191575,38.247866096571364,27.18196726964319,1.6302939093668842,0.6789779640271151,0.6881534007055703,0.13908657664826246,142900.0,56675.0
195,PF00004,PF00271,90,0,182.00427541892418,28.931804161716766,181.22887816845017,22.547917031615516,145.87937104727615,149.57930952191575,38.247866096571364,27.18196726964319,0.9636551307462078,1.2258967968738614,0.38192358769294826,0.3516526873854168,126025.0,67375.0
196,PF00004,PF02518,12,0,143.59326641037637,14.6787117403715,192.99230472806966,15.883584929893622,145.87937104727615,186.84189492033835,38.247866096571364,26.052863003717928,0.31521027849515226,0.5363621165744601,0.011602911049501473,0.009053000131317358,32100.0,12850.0
197,PF00004,PF02518,18,0,160.70678730317994,16.340194469183075,196.68280342404265,16.186033186375493,145.87937104727615,186.84189492033835,38.247866096571364,26.052863003717928,0.45352575255141564,0.5750513243675274,0.038507897293896615,0.011306559057763583,38750.0,14325.0
198,PF00004,PF02518,24,0,148.84309830113995,20.748973334177283,200.37139923985416,13.473372056629856,145.87937104727615,186.84189492033835,38.247866096571364,26.052863003717928,0.3893897963214755,0.5963627530226513,0.016022988225188245,0.011940909450150692,29825.0,15075.0
199,PF00004,PF02518,30,0,154.49772096275828,17.25646436065933,199.84073530922126,14.609154017043675,145.87937104727615,186.84189492033835,38.247866096571364,26.052863003717928,0.37728405482111205,0.5967198156323621,0.02217853014232837,0.011443886395154299,37375.0,14350.0
200,PF00004,PF02518,36,0,175.17712502372643,25.532650853979256,203.71662326651386,16.596594951466507,145.87937104727615,186.84189492033835,38.247866096571364,26.052863003717928,0.8487961364095845,0.7527536621145885,0.13791441350883543,0.01345763216717482,51075.0,16100.0
201,PF00004,PF02518,42,0,161.36489961230353,20.963876078848507,209.10003468749687,13.184832861726221,145.87937104727615,186.84189492033835,38.247866096571364,26.052863003717928,0.5250006895825412,0.8775108940658977,0.040490528734262614,0.03094187211798121,40775.0,17450.0
202,PF00004,PF02518,48,0,182.4349503771761,25.987400342185,199.1528948768651,17.046700156952884,145.87937104727615,186.84189492033835,38.247866096571364,26.052863003717928,1.0126901527100434,0.6612345098110849,0.33464982519534664,0.01440923112964538,63150.0,15350.0
203,PF00004,PF02518,54,0,164.87754278287917,19.828085318508823,203.4691013873487,15.049824066020063,145.87937104727615,186.84189492033835,38.247866096571364,26.052863003717928,0.5816606688853507,0.6925524444668619,0.025431605395048126,0.013126138157772966,43900.0,14425.0
204,PF00004,PF02518,60,0,155.3549806891265,17.324858595343603,209.8148249647037,12.087988403911902,145.87937104727615,186.84189492033835,38.247866096571364,26.052863003717928,0.4150641166250959,0.8863599980207781,0.013882852062214561,0.024980014900727612,42250.0,14800.0
205,PF00004,PF02518,66,0,168.57274955547626,20.575692064176163,210.35905607399528,15.89546657931609,145.87937104727615,186.84189492033835,38.247866096571364,26.052863003717928,0.643232713258997,0.9609400280889245,0.08020468058025498,0.024633909465285982,54500.0,17300.0
206,PF00004,PF02518,72,0,165.33925396823955,20.77692526059657,222.7092418722216,14.522136066198705,145.87937104727615,186.84189492033835,38.247866096571364,26.052863003717928,0.5695915903199624,1.376714219345672,0.11048504632172024,0.1399997209627466,55100.0,25675.0
207,PF00004,PF02518,78,0,202.51228277410038,19.261580149201077,221.47891118311608,13.586381619101033,145.87937104727615,186.84189492033835,38.247866096571364,26.052863003717928,1.4826185870051134,1.3301279996510593,0.5276229843645609,0.12889813391160876,75175.0,25950.0
208,PF00004,PF02518,84,0,168.92081897874118,38.066304357747555,204.56488862974507,13.223247175225106,145.87937104727615,186.84189492033835,38.247866096571364,26.052863003717928,0.9221689053351315,0.7177693549061795,0.30841635185205446,0.015792986753383857,101700.0,16525.0
209,PF00004,PF02518,90,0,183.59159426643913,18.033874091144533,209.98164120223967,15.870255769668482,145.87937104727615,186.84189492033835,38.247866096571364,26.052863003717928,0.9867780103545627,0.9272429916583874,0.20118285247542236,0.025883388575955752,48125.0,16800.0
210,PF00004,PF00072,12,0,147.2167451919917,15.601622034683167,213.37971822348945,17.351799145580234,145.87937104727615,201.36867883211482,38.247866096571364,29.97112677447452,0.3358003856401946,0.5728786879248426,0.011430533377506776,0.008572440273352248,32625.0,14900.0
211,PF00004,PF00072,18,0,164.64811644744748,21.68374669362585,211.3985273048467,18.208192808491102,145.87937104727615,201.36867883211482,38.247866096571364,29.97112677447452,0.6087213602772505,0.5523071379622656,0.06685955093192368,0.010324350961763332,49250.0,15825.0
212,PF00004,PF00072,24,0,155.54897678035235,15.512081418275962,212.33363660583836,17.45635487331218,145.87937104727615,201.36867883211482,38.247866096571364,29.97112677447452,0.36941022154253145,0.5753707938544416,0.018309402525978676,0.008311540672095684,41575.0,15375.0
213,PF00004,PF00072,30,0,180.35189077171822,24.508270776410157,213.90855758914006,16.67114730918538,145.87937104727615,201.36867883211482,38.247866096571364,29.97112677447452,0.9430693109855257,0.5441595703511289,0.3537090572227723,0.011123662521817538,49350.0,16550.0
214,PF00004,PF00072,36,0,156.04472082864655,15.044669072536271,223.5685213592059,15.97452439101029,145.87937104727615,201.36867883211482,38.247866096571364,29.97112677447452,0.36760413372527134,0.775503593189731,0.012811595244153656,0.023291206932108358,38600.0,17250.0
215,PF00004,PF00072,42,0,166.85648472789552,19.924998618639265,211.88704400375667,18.22204307827721,145.87937104727615,201.36867883211482,38.247866096571364,29.97112677447452,0.6183847553036631,0.5425305042663979,0.08506056069992908,0.009747337138276376,45850.0,14700.0
216,PF00004,PF00072,48,0,188.65656863328562,23.89836860264853,218.19347835510717,15.944403538212471,145.87937104727615,201.36867883211482,38.247866096571364,29.97112677447452,1.2045602355215452,0.6380155857425073,0.447204830641943,0.012232593414637716,50550.0,16750.0
217,PF00004,PF00072,54,0,178.70480111754503,27.400996546383933,228.79597944701146,16.369210805567818,145.87937104727615,201.36867883211482,38.247866096571364,29.97112677447452,0.9127136559713003,0.9438834955021992,0.2693656348642386,0.027768052912779215,75925.0,16225.0
218,PF00004,PF00072,60,0,156.25604410292925,25.89720307685033,228.40116924194447,17.139802170708542,145.87937104727615,201.36867883211482,38.247866096571364,29.97112677447452,0.5455232530251493,0.9266390040893225,0.14389256939948372,0.04013289293718645,67225.0,16975.0
219,PF00004,PF00072,66,0,196.7026081932832,27.55516053248113,224.42228401546487,20.864509540209863,145.87937104727615,201.36867883211482,38.247866096571364,29.97112677447452,1.328786213005567,0.8632361386353644,0.4958882050792268,0.0268053177185268,121950.0,20450.0
220,PF00004,PF00072,72,0,155.0372167308554,16.621904844939387,243.7547308471894,15.018688159738161,145.87937104727615,201.36867883211482,38.247866096571364,29.97112677447452,0.3651289784870794,1.4142295127580402,0.011316520500220464,0.21339818956027978,41250.0,32475.0
221,PF00004,PF00072,78,0,173.19964979234044,23.584545826247403,232.68526362884003,16.77643346745227,145.87937104727615,201.36867883211482,38.247866096571364,29.97112677447452,0.789036885426942,1.0527250749746413,0.14296692541204456,0.050616467318402636,59175.0,17700.0
222,PF00004,PF00072,84,0,170.50160620635558,18.892732662447703,239.79995560320535,15.310120325951821,145.87937104727615,201.36867883211482,38.247866096571364,29.97112677447452,0.6745822485018824,1.2914465050424482,0.03784633969535385,0.16617622922841657,33400.0,24100.0
223,PF00004,PF00072,90,0,185.5729535086103,22.278235936849445,237.2850650138376,17.295011994572594,145.87937104727615,201.36867883211482,38.247866096571364,29.97112677447452,1.0675289576370337,1.2146495771463781,0.28369068164356415,0.12864857344313868,52250.0,26750.0
224,PF00041,PF00512,12,0,133.63348286271022,11.018790574360235,108.75175959199943,9.597353382134955,120.65601144257766,105.72150320304084,17.636853203436154,17.686172366262216,0.8295888854442646,0.45725169003281446,0.020063669279423588,0.007902542717067624,11225.0,8425.0
225,PF00041,PF00512,18,0,134.5083294483004,10.615555678529264,104.67626264887141,8.549052635016174,120.65601144257766,105.72150320304084,17.636853203436154,17.686172366262216,0.8474629803854057,0.39276848625526517,0.022710583501451373,0.0073947756257620074,11050.0,7950.0
226,PF00041,PF00512,24,0,134.7793818710455,10.019431061249604,105.91149333646936,10.085843375429045,120.65601144257766,105.72150320304084,17.636853203436154,17.686172366262216,0.8450356229506668,0.4706648939599424,0.016624933818256544,0.007066165646907334,12150.0,7550.0
227,PF00041,PF00512,30,0,136.74045102385617,10.774969455507858,111.23894437833447,8.556036245753791,120.65601144257766,105.72150320304084,17.636853203436154,17.686172366262216,0.9186172041473682,0.4659800161016035,0.0286241116997069,0.0076857827208692145,12625.0,8275.0
228,PF00041,PF00512,36,0,136.2253619737939,7.541371353012189,111.47426015024334,10.447664411547686,120.65601144257766,105.72150320304084,17.636853203436154,17.686172366262216,0.8868911045900068,0.5445396769814002,0.036952616851781334,0.008501440335637567,11700.0,8225.0
229,PF00041,PF00512,42,0,140.655010073513,7.993781800452148,106.43282985378826,12.630304628996647,120.65601144257766,105.72150320304084,17.636853203436154,17.686172366262216,1.134199826344349,0.5707879655117953,0.06546344385546388,0.011418644129808874,15200.0,9400.0
230,PF00041,PF00512,48,0,140.45157785304366,9.963720996460072,115.18253088330448,9.93634403440499,120.65601144257766,105.72150320304084,17.636853203436154,17.686172366262216,1.1375294477329831,0.6245137114078818,0.07172323150642876,0.011897415554013122,16350.0,9425.0
231,PF00041,PF00512,54,0,138.46033424724837,9.765580722459372,122.76777916058168,9.86508493945344,120.65601144257766,105.72150320304084,17.636853203436154,17.686172366262216,1.0342885331429341,0.9986484498551771,0.06010587438547239,0.03526458151649182,16300.0,12450.0
232,PF00041,PF00512,60,0,136.35554272162372,12.020615772454565,125.54999124807668,8.256868024294574,120.65601144257766,105.72150320304084,17.636853203436154,17.686172366262216,0.9574252993974914,1.1251399526990153,0.020142203966669343,0.06530024071004514,12500.0,13725.0
233,PF00041,PF00512,66,0,139.32769493996835,9.905390336219682,117.34630728598198,9.007011690617269,120.65601144257766,105.72150320304084,17.636853203436154,17.686172366262216,1.0885662897276627,0.7029749706200892,0.03169615728853517,0.012344202842381946,14275.0,10350.0
234,PF00041,PF00512,72,0,141.1532224983898,9.984582010245093,116.43755531722003,8.529530217475354,120.65601144257766,105.72150320304084,17.636853203436154,17.686172366262216,1.182344618767436,0.6632716717707683,0.06273652302657927,0.014363943599027656,17275.0,9550.0
235,PF00041,PF00512,78,0,140.92991842830563,9.753207972332648,115.51069400546838,11.358161992575956,120.65601144257766,105.72150320304084,17.636853203436154,17.686172366262216,1.1628642587546136,0.683342974010409,0.04592896525024817,0.017988389529932525,14050.0,11350.0
236,PF00041,PF00512,84,0,138.73251259752703,9.856708186411124,122.44690477534415,11.447300874980872,120.65601144257766,105.72150320304084,17.636853203436154,17.686172366262216,1.0480490758003662,1.0008065614863855,0.03014560262631958,0.02744149956553069,14250.0,11725.0
237,PF00041,PF00512,90,0,142.6946115333235,10.375970715541865,114.02136518494697,11.548888286393176,120.65601144257766,105.72150320304084,17.636853203436154,17.686172366262216,1.2548041797226082,0.647398810910104,0.0794918714408623,0.01656843941615556,14975.0,13400.0
238,PF00076,PF00096,12,0,83.13182789804142,11.2193125100641,19.46582827532282,3.146006969791995,80.84820765078511,16.436232766230635,17.495265548880706,5.230388282054999,0.5467596359341208,0.6676467319485774,0.008213743126252306,0.012123842118773898,9050.0,10225.0
239,PF00076,PF00096,18,0,84.79952888320578,10.994086557558974,29.491446132332932,4.016898843655787,80.84820765078511,16.436232766230635,17.495265548880706,5.230388282054999,0.519535065822865,2.4960313961572558,0.007672458757089983,0.9202495572506109,10400.0,162225.0
240,PF00076,PF00096,24,0,78.31305222941188,9.48622836102269,16.919535324501815,3.723449433111412,80.84820765078511,16.436232766230635,17.495265548880706,5.230388282054999,0.46886605949402704,0.5798470196264538,0.008762119070976024,0.007769808916387006,9500.0,9500.0
241,PF00076,PF00096,30,0,91.10823195025367,12.162362563970145,20.790856514448468,3.8698632957057835,80.84820765078511,16.436232766230635,17.495265548880706,5.230388282054999,0.7525773091254844,0.9303177115169131,0.013540520858647941,0.015077598966467423,12550.0,10450.0
242,PF00076,PF00096,36,0,82.95523536054277,10.908194374969908,18.999253884280623,3.578751514792879,80.84820765078511,16.436232766230635,17.495265548880706,5.230388282054999,0.49025502624990225,0.6794195619213579,0.005978088446134345,0.011091765725742475,9700.0,10425.0
243,PF00076,PF00096,42,0,84.84346656986905,9.921867964203319,14.363076135550847,4.455502202457719,80.84820765078511,16.436232766230635,17.495265548880706,5.230388282054999,0.4756944127869273,0.8038691367160069,0.007632263765355041,0.012572166606656287,10400.0,8725.0
244,PF00076,PF00096,48,0,88.50581414694338,11.037274837912316,18.792305091778648,3.415498061052045,80.84820765078511,16.436232766230635,17.495265548880706,5.230388282054999,0.6573087396285541,0.6505430648055672,0.015017810388606804,0.011636893262278174,10400.0,10200.0
245,PF00076,PF00096,54,0,89.3579808694509,9.584973826705081,20.634039435339783,3.568040948773498,80.84820765078511,16.436232766230635,17.495265548880706,5.230388282054999,0.6076800708366256,0.8772741533502629,0.010054442059170825,0.02053361685815634,9650.0,14225.0
246,PF00076,PF00096,60,0,89.4342499795734,10.026705656309513,19.39847558338098,2.982195712394402,80.84820765078511,16.436232766230635,17.495265548880706,5.230388282054999,0.5986319519965216,0.6694837266565064,0.014085085978976777,0.012858796227097626,10800.0,22250.0
247,PF00072,PF00096,12,0,209.77590053416628,15.97482911460046,17.8442658023139,3.4561881580668077,201.36867883211482,16.436232766230635,29.97112677447452,5.230388282054999,0.4812550836903137,0.5552748964112698,0.008058711421425925,0.010389836920625941,10900.0,13625.0
248,PF00072,PF00096,18,0,216.09916228418035,16.270816257069228,31.262475988539325,3.9384559568534576,201.36867883211482,16.436232766230635,29.97112677447452,5.230388282054999,0.6355594654405398,2.8346352933636347,0.00974442052031702,0.9665211784562299,10975.0,175550.0
249,PF00072,PF00096,24,0,211.45524452601413,18.363970955820538,15.765767237296457,3.69448056309308,201.36867883211482,16.436232766230635,29.97112677447452,5.230388282054999,0.5413071594100504,0.5765677993915248,0.010059503532097652,0.010057137429631054,11475.0,15350.0
250,PF00072,PF00096,30,0,226.30488711352683,13.966905239966586,17.206943617806598,4.3731362854250095,201.36867883211482,16.436232766230635,29.97112677447452,5.230388282054999,0.8398467958595329,0.6199849888654109,0.018551587501318557,0.011503655843753487,13350.0,16025.0
251,PF00072,PF00096,36,0,228.74681581508338,18.560749056660757,15.620133044976063,3.8142264543991096,201.36867883211482,16.436232766230635,29.97112677447452,5.230388282054999,0.9520518915666214,0.6041971494112389,0.03619968886523208,0.013456137783105306,14250.0,31600.0
252,PF00072,PF00096,42,0,209.54617359734664,20.37024381221242,15.093536169638867,3.5178929910999353,201.36867883211482,16.436232766230635,29.97112677447452,5.230388282054999,0.5865984992733475,0.5605465823935352,0.00951204063881387,0.009651937855629282,10650.0,14450.0
253,PF00072,PF00096,48,0,231.67322907899342,14.420206853421927,18.850907277224238,4.632388565438701,201.36867883211482,16.436232766230635,29.97112677447452,5.230388282054999,1.0199774928909222,0.7607244605704864,0.039578574203795965,0.029126778515317624,13125.0,38450.0
254,PF00072,PF00096,54,0,226.25012954372883,15.989750279084289,21.09807409974162,3.2148708663170797,201.36867883211482,16.436232766230635,29.97112677447452,5.230388282054999,0.8574276297987793,0.921040544418404,0.025566232571490315,0.01725978869318898,12600.0,15175.0
255,PF00072,PF00096,60,0,218.0002278211917,15.791322668832542,18.95156049255452,3.4319647729927723,201.36867883211482,16.436232766230635,29.97112677447452,5.230388282054999,0.6395649245141574,0.6539927765752541,0.014013384036707146,0.01111774279997964,10050.0,12400.0
256,PF00041,PF00595,12,0,134.86316338501848,10.341809242874353,89.81563927073003,10.847838965781424,120.65601144257766,87.53057527636871,17.636853203436154,17.88808620089358,0.8634523300276311,0.48568034853807773,0.02170528015439006,0.00747848073594899,11325.0,12950.0
257,PF00041,PF00595,18,0,134.93973451324348,9.6668385963567,86.70519313971408,10.78862597972766,120.65601144257766,87.53057527636871,17.636853203436154,17.88808620089358,0.8461332598933616,0.4619335875151742,0.02842679283046799,0.008707448844365655,13850.0,13625.0
258,PF00041,PF00595,24,0,134.92328300666207,10.845396537917237,88.84523126567187,10.94080772659934,120.65601144257766,87.53057527636871,17.636853203436154,17.88808620089358,0.8748103527449069,0.4790284089890385,0.03037723037590773,0.007289782988935678,14950.0,14925.0
259,PF00041,PF00595,30,0,136.2657152766836,9.023352941337759,87.54681158307767,11.734443625218304,120.65601144257766,87.53057527636871,17.636853203436154,17.88808620089358,0.9074136024949295,0.551180484199321,0.023779033718680998,0.008837516215176845,13375.0,13400.0
260,PF00041,PF00595,36,0,135.43828600834365,11.122291806253056,86.99027391548324,9.617596136567554,120.65601144257766,87.53057527636871,17.636853203436154,17.88808620089358,0.9049344519812849,0.44468163573752895,0.022995239303363318,0.006348953668301245,11775.0,11925.0
261,PF00041,PF00595,42,0,134.88579519187695,9.989674622180726,89.46451080571147,12.09196075361296,120.65601144257766,87.53057527636871,17.636853203436154,17.88808620089358,0.8534566955257523,0.5405100290019689,0.027186564323925896,0.008653471124496565,12325.0,14750.0
262,PF00041,PF00595,48,0,138.11719826588475,10.63286566308719,99.74306775881186,15.181269558763978,120.65601144257766,87.53057527636871,17.636853203436154,17.88808620089358,1.0313898696846437,0.9060354006616889,0.04445271641026682,0.027158889753561243,13475.0,20875.0
263,PF00041,PF00595,54,0,137.9128943858979,9.354728570691512,86.48083293040294,10.82618735848794,120.65601144257766,87.53057527636871,17.636853203436154,17.88808620089358,0.9972244012059212,0.4856132766462649,0.04448050488243418,0.009514985262633807,13775.0,15000.0
264,PF00041,PF00595,60,0,137.6234571334954,9.792214853557628,91.32396002810496,11.127374134641803,120.65601144257766,87.53057527636871,17.636853203436154,17.88808620089358,0.9912737874513033,0.5384061417558883,0.027764566943692934,0.00911810675302907,14000.0,16000.0
265,PF00041,PF00595,66,0,143.38718169964392,9.694823286274653,95.61076128633167,10.962511044661063,120.65601144257766,87.53057527636871,17.636853203436154,17.88808620089358,1.2888450107776364,0.6132147573298019,0.0992454302696465,0.011794490151794708,15775.0,17100.0
266,PF00041,PF00595,72,0,141.73882658048626,10.834224582734375,104.36816604808793,10.11960977532473,120.65601144257766,87.53057527636871,17.636853203436154,17.88808620089358,1.1967776497515654,0.9557581904093925,0.05313013678931727,0.03854169412227131,15400.0,25075.0
267,PF00041,PF00595,78,0,143.48524975017656,10.093979568208578,103.62003086531142,9.66785675274519,120.65601144257766,87.53057527636871,17.636853203436154,17.88808620089358,1.300942144775251,0.9252307502467176,0.06841295743549822,0.029801089886715024,15825.0,23400.0
268,PF00041,PF00595,84,0,146.44482974902644,11.70916071314172,102.67283140275723,11.89122591849056,120.65601144257766,87.53057527636871,17.636853203436154,17.88808620089358,1.4787003555711706,0.898179793573314,0.22606099446313316,0.020770422134608023,23775.0,18225.0
269,PF00041,PF00595,90,0,142.3119148823174,11.700853484517836,100.07027474150573,11.061594767782672,120.65601144257766,87.53057527636871,17.636853203436154,17.88808620089358,1.2502904322583546,0.7589657642998925,0.07535856986882465,0.013359624508082481,18550.0,18850.0
270,PF00041,PF07679,12,0,133.33228420657713,9.784239878764879,68.62566603929768,12.711412351928486,120.65601144257766,63.66128339025547,17.636853203436154,19.078484146135715,0.7873861447554181,0.5882388203886982,0.01402021114053312,0.010664870105646557,11475.0,13450.0
271,PF00041,PF07679,18,0,134.6506600939435,11.435528409747018,67.51244572361534,12.891717455457819,120.65601144257766,63.66128339025547,17.636853203436154,19.078484146135715,0.8833437247394278,0.558889719254344,0.02611372320658724,0.009284147808489773,12425.0,13175.0
272,PF00041,PF07679,24,0,128.46112431506498,12.684536229368453,66.23869927818856,10.631193366431816,120.65601144257766,63.66128339025547,17.636853203436154,19.078484146135715,0.7178883499606108,0.46592363731622444,0.01193096484402681,0.010498030940308122,12225.0,11625.0
273,PF00041,PF07679,30,0,130.51020112381957,10.143266412288522,71.24767747350802,11.013559895155135,120.65601144257766,63.66128339025547,17.636853203436154,19.078484146135715,0.6620158433912803,0.5628014014115291,0.015040565117007758,0.009436191426747497,10950.0,13075.0
274,PF00041,PF07679,36,0,134.65644986411843,10.886259211877054,70.63575315098853,12.796224041495996,120.65601144257766,63.66128339025547,17.636853203436154,19.078484146135715,0.8569660194431182,0.6141262004925092,0.021055174137257375,0.012202332325182008,12000.0,13375.0
275,PF00041,PF07679,42,0,130.0732128917812,13.58629355621991,69.56252951286642,9.975954849296635,120.65601144257766,63.66128339025547,17.636853203436154,19.078484146135715,0.7784204451800583,0.5068330542683637,0.0191700383388778,0.007458239641982962,11875.0,13275.0
276,PF00041,PF07679,48,0,131.676855356614,10.787503047667448,73.29765523019022,13.460510693707807,120.65601144257766,63.66128339025547,17.636853203436154,19.078484146135715,0.7205398096016289,0.7145681006720003,0.019182693791960144,0.020263696530456645,12600.0,15350.0
277,PF00041,PF07679,54,0,134.1474462704972,8.790863507085392,77.4897153836814,11.926593023624685,120.65601144257766,63.66128339025547,17.636853203436154,19.078484146135715,0.795740169598524,0.8039606525741241,0.02937933889756689,0.025179072564403007,14175.0,18300.0
278,PF00041,PF07679,60,0,124.58331268043774,13.784730436630843,77.47938723141482,9.776629789983883,120.65601144257766,63.66128339025547,17.636853203436154,19.078484146135715,0.6711293115901117,0.7985073505784648,0.013649283247735743,0.048515310655290377,13350.0,17875.0
279,PF00041,PF07679,66,0,135.03214535686436,9.77636004794457,67.47839991677522,13.049304324439685,120.65601144257766,63.66128339025547,17.636853203436154,19.078484146135715,0.8475760172200109,0.5827195784058599,0.013640465237181446,0.018363006314656222,11925.0,13325.0
280,PF00041,PF07679,72,0,138.99815595408978,11.073429461093898,76.252640956289,9.724048181129717,120.65601144257766,63.66128339025547,17.636853203436154,19.078484146135715,1.0535372937274943,0.7184611620997086,0.04302621166952732,0.023190305846956808,16950.0,14500.0
281,PF00041,PF07679,78,0,145.2483191138482,9.063706482369362,73.30719588206586,10.628124027640661,120.65601144257766,63.66128339025547,17.636853203436154,19.078484146135715,1.3943704915840223,0.6519953649004913,0.2091173053166879,0.01526007516558358,27675.0,14800.0
282,PF00041,PF07679,84,0,132.2173987399478,13.631999592347,75.54247884105533,11.433005261509015,120.65601144257766,63.66128339025547,17.636853203436154,19.078484146135715,0.8734499449754479,0.7346108973832641,0.01938091757084993,0.02160374567911123,16350.0,13475.0
283,PF00041,PF07679,90,0,143.5286325892065,10.444010008574756,72.9328418027656,11.554414295556171,120.65601144257766,63.66128339025547,17.636853203436154,19.078484146135715,1.3070045921156492,0.6615040300316275,0.1388771583765086,0.023756755474880004,25175.0,15675.0
284,PF00076,PF00397,12,0,82.94787221178531,11.37494807321443,33.18762371502728,6.35047662991607,80.84820765078511,34.45049111539599,17.495265548880706,7.292449697522858,0.5240296466122075,0.7511420301164559,0.008829205642739644,0.015544931851265568,9400.0,14850.0
285,PF00076,PF00397,18,0,87.04410695611762,10.840068429445353,37.51612640648748,6.6148776661146185,80.84820765078511,34.45049111539599,17.495265548880706,7.292449697522858,0.5867040770449158,0.8204225311073203,0.00925582873103367,0.01539681192409513,9850.0,15900.0
286,PF00076,PF00397,24,0,89.55641031903711,11.087383686077846,39.746193889070724,6.986959631207328,80.84820765078511,34.45049111539599,17.495265548880706,7.292449697522858,0.6294982954009917,0.932795101170002,0.011048175009606387,0.025618132286085754,11975.0,23925.0
287,PF00076,PF00397,30,0,93.11265158432226,10.529830006827424,38.6131653171469,5.674314187764466,80.84820765078511,34.45049111539599,17.495265548880706,7.292449697522858,0.7685001899085457,0.7983608808952112,0.017957372663651498,0.019102234865888204,13850.0,18450.0
288,PF00076,PF00397,36,0,77.23110688480553,11.653445681655045,41.72927797309191,5.047702816845854,80.84820765078511,34.45049111539599,17.495265548880706,7.292449697522858,0.581229034115945,1.024999766582362,0.0103888503339749,0.0397436220223465,9700.0,25075.0
289,PF00076,PF00397,42,0,91.72522749155513,10.161365014437658,42.74857454090145,4.643574961426141,80.84820765078511,34.45049111539599,17.495265548880706,7.292449697522858,0.7221996113639138,1.1504671105877926,0.017585257182163413,0.06197530369097731,12825.0,28600.0
290,PF00076,PF00397,48,0,90.60547798210936,8.961646390074389,43.6202724887623,4.407736083229283,80.84820765078511,34.45049111539599,17.495265548880706,7.292449697522858,0.6003233720464435,1.2580706449610275,0.012078827836306776,0.11020431586857125,10050.0,39775.0
291,PF00076,PF00397,54,0,88.20942388452738,11.524076499221767,43.792404136716556,7.210518816760884,80.84820765078511,34.45049111539599,17.495265548880706,7.292449697522858,0.6261693966399833,1.3178320669997023,0.011879372163075766,0.027510198169243792,12750.0,26000.0
292,PF00076,PF00397,60,0,102.24822076227505,10.187071815442003,42.22846499370085,7.691197810672102,80.84820765078511,34.45049111539599,17.495265548880706,7.292449697522858,1.2302525629912384,1.186442216403269,0.10083893005205079,0.11493548011201896,18050.0,50550.0
293,PF00076,PF00397,66,0,111.78088936592779,8.157238515446307,42.854081857054695,5.257071017901876,80.84820765078511,34.45049111539599,17.495265548880706,7.292449697522858,1.768060143398148,1.1938038240184754,0.3981268692376269,0.06492228031381705,39525.0,33475.0
294,PF00076,PF00397,72,0,102.43449985022752,8.053062690370805,44.45067169837727,4.156759577950696,80.84820765078511,34.45049111539599,17.495265548880706,7.292449697522858,1.233836213524833,1.3742258205057702,0.10681473401838859,0.15368822792723516,16175.0,36825.0
295,PF00076,PF00397,78,0,101.92720075763295,9.238966373677709,45.03760357223096,5.12477738791363,80.84820765078511,34.45049111539599,17.495265548880706,7.292449697522858,1.2064618829326599,1.4571578825389837,0.10651396979977167,0.12398625543985914,17200.0,34625.0
296,PF00072,PF00397,12,0,208.9831498881263,18.150919549070753,35.30844121162242,6.378448839573066,201.36867883211482,34.45049111539599,29.97112677447452,7.292449697522858,0.5242687360987569,0.7560210316170993,0.007365537811297289,0.011908185036290658,10850.0,21175.0
297,PF00072,PF00397,18,0,219.57248458184102,16.754128898815974,37.81079883734207,5.832937133249793,201.36867883211482,34.45049111539599,29.97112677447452,7.292449697522858,0.6899715358897008,0.7221135668364981,0.014647508307661941,0.013598762865208537,15575.0,23850.0
298,PF00072,PF00397,24,0,203.38075593454812,18.124948725376864,40.06429515284063,6.309525581160046,201.36867883211482,34.45049111539599,29.97112677447452,7.292449697522858,0.4865499080621288,0.9327755046637759,0.008019808933653503,0.017972289539914595,10525.0,24075.0
299,PF00072,PF00397,30,0,214.02625594648438,15.242416314879602,38.22627473850469,6.439586373988076,201.36867883211482,34.45049111539599,29.97112677447452,7.292449697522858,0.5255088618977745,0.7983185163517048,0.011319014838110398,0.015199361302279281,11300.0,22025.0
300,PF00072,PF00397,36,0,216.43642158112806,18.292050344578538,37.619596437563516,4.841109469710232,201.36867883211482,34.45049111539599,29.97112677447452,7.292449697522858,0.6450653286148801,0.640277619620598,0.012290768108436205,0.017044666291379282,11925.0,21600.0
301,PF00072,PF00397,42,0,220.9403794206621,15.93507702317986,48.51561258332953,6.262537466699059,201.36867883211482,34.45049111539599,29.97112677447452,7.292449697522858,0.7002013828534515,1.9293619208580572,0.022524525499417525,0.20818569828816486,12450.0,56400.0
302,PF00072,PF00397,48,0,228.73420177079763,15.814959177195764,36.7420055966937,5.079768611115507,201.36867883211482,34.45049111539599,29.97112677447452,7.292449697522858,0.9343018766044249,0.5862596886534035,0.04117040023817224,0.011857905561303804,13725.0,24525.0
303,PF00072,PF00397,54,0,234.19341443541663,14.774213572024697,41.474647460328114,4.247948161914707,201.36867883211482,34.45049111539599,29.97112677447452,7.292449697522858,1.1045446852057186,0.9794027245815313,0.04375733089700591,0.041148662429252074,17650.0,34750.0
304,PF00072,PF00397,60,0,234.10128702679492,16.99182134176243,39.056146283360334,6.644430266918776,201.36867883211482,34.45049111539599,29.97112677447452,7.292449697522858,1.1078331306107054,0.9235447602762007,0.05290145410871928,0.021527962870146425,19000.0,25550.0
305,PF00072,PF00397,66,0,218.3686197203533,15.90324988537383,40.06514550228179,5.299550824957628,201.36867883211482,34.45049111539599,29.97112677447452,7.292449697522858,0.6437620849106312,0.8488134902578021,0.012092944407311046,0.02712128078493375,11325.0,23275.0
306,PF00072,PF00397,72,0,232.85488476738942,16.809849609161375,43.18879314042243,5.9419814233213435,201.36867883211482,34.45049111539599,29.97112677447452,7.292449697522858,1.0618579869102964,1.261819701752886,0.08836867490056552,0.06962445531387412,19500.0,42100.0
307,PF00072,PF00397,78,0,219.72909500673282,16.259782341502962,44.36982841229302,5.1404108877830845,201.36867883211482,34.45049111539599,29.97112677447452,7.292449697522858,0.6851892333803785,1.3680961300730303,0.012666671035972885,0.117390090544144,12550.0,40325.0
308,PF00041,PF02518,12,0,135.3250489947978,11.200207744951847,186.95366288714283,13.879575283404998,120.65601144257766,186.84189492033835,17.636853203436154,26.052863003717928,0.9127687184335522,0.4407067719767288,0.01853530324679377,0.00824516364063208,12875.0,11350.0
309,PF00041,PF02518,18,0,136.61991124120914,8.809756540727763,187.08790401441777,15.122578292543816,120.65601144257766,186.84189492033835,17.636853203436154,26.052863003717928,0.9140294337753727,0.46846517683792066,0.024494214210484,0.007676355563111695,14950.0,11525.0
310,PF00041,PF02518,24,0,135.0867851379824,11.110676996116176,190.51810240679762,14.639340254950989,120.65601144257766,186.84189492033835,17.636853203436154,26.052863003717928,0.8772545109423501,0.46683967762405487,0.019655575250787618,0.007451781449990607,13500.0,11425.0
311,PF00041,PF02518,30,0,136.43062753891044,8.922395213294873,184.72295277426127,13.082349449681486,120.65601144257766,186.84189492033835,17.636853203436154,26.052863003717928,0.9222285631807047,0.4189869638187826,0.028475899854476506,0.00667060395854786,13825.0,10375.0
312,PF00041,PF02518,36,0,132.98825759036026,11.145893363270504,196.65362779324474,14.284124429391222,120.65601144257766,186.84189492033835,17.636853203436154,26.052863003717928,0.771776159538021,0.5375235634277031,0.02242170825387781,0.008546827008313657,13575.0,12950.0
313,PF00041,PF02518,42,0,135.98442453588476,11.721930692192476,197.70615184396658,15.405993613686228,120.65601144257766,186.84189492033835,17.636853203436154,26.052863003717928,0.9450799328587084,0.6056093860810181,0.022629596542438745,0.01101331990624669,14225.0,13425.0
314,PF00041,PF02518,48,0,134.73483904845023,12.579701086877563,204.23424438895032,15.362593799520264,120.65601144257766,186.84189492033835,17.636853203436154,26.052863003717928,0.9192773019473237,0.7297442395896226,0.025210544027679065,0.01638453114977416,15175.0,15225.0
315,PF00041,PF02518,54,0,132.79188930315263,13.886041015804349,205.5117530232518,13.656552286074408,120.65601144257766,186.84189492033835,17.636853203436154,26.052863003717928,0.8508923333945155,0.7639609165942366,0.020379910239315607,0.019970352812026262,13650.0,14575.0
316,PF00041,PF02518,60,0,128.54336081672307,13.664822927849931,200.06973519139964,12.755890584651315,120.65601144257766,186.84189492033835,17.636853203436154,26.052863003717928,0.7342397579606299,0.5963065899014488,0.01600557363984128,0.011457362947984297,13700.0,13225.0
317,PF00041,PF02518,66,0,130.91149740447662,12.971520367528372,202.63517512767623,13.536160268383824,120.65601144257766,186.84189492033835,17.636853203436154,26.052863003717928,0.7689789110007595,0.6591169567626648,0.016275221163111434,0.010337711160025518,13550.0,12825.0
318,PF00041,PF02518,72,0,138.5427955130885,9.347053962113765,202.27760171118024,13.72124347473587,120.65601144257766,186.84189492033835,17.636853203436154,26.052863003717928,1.0179263603703017,0.6586913891207976,0.04429253343362854,0.012321373111968093,15825.0,12975.0
319,PF00041,PF02518,78,0,130.5825083128678,14.421572001762621,198.3736003392105,14.599135597242544,120.65601144257766,186.84189492033835,17.636853203436154,26.052863003717928,0.8020277515106835,0.5774095576446588,0.014138780207706514,0.0107036353909223,12700.0,13700.0
320,PF00041,PF02518,84,0,141.37375283095938,12.225489301665672,207.48790313278724,17.10485193672187,120.65601144257766,186.84189492033835,17.636853203436154,26.052863003717928,1.2087776297981225,0.8675266903542742,0.05081974128081468,0.021907508730616653,20350.0,15950.0
321,PF00041,PF02518,90,0,137.90108599846516,10.172161217920632,209.7674337033812,14.487757134406543,120.65601144257766,186.84189492033835,17.636853203436154,26.052863003717928,0.996753518511382,0.905067586002139,0.04352772486644306,0.01940498084014003,23025.0,15700.0
322,PF00072,PF00076,12,0,209.99682960196407,17.776052347905914,82.39947879965753,11.82358116001327,201.36867883211482,80.84820765078511,29.97112677447452,17.495265548880706,0.5325914696742835,0.5136309757270854,0.008466968471066214,0.007414123322668561,13350.0,12475.0
323,PF00072,PF00076,18,0,210.55411247249936,17.352424642335517,86.64673554920782,10.825931745451458,201.36867883211482,80.84820765078511,29.97112677447452,17.495265548880706,0.5127740149632989,0.5644992935345072,0.010197116028452366,0.010620717490641456,13700.0,15225.0
324,PF00072,PF00076,24,0,209.13096034700365,17.980507982486728,80.57919062335208,11.721854353177548,201.36867883211482,80.84820765078511,29.97112677447452,17.495265548880706,0.5125475423040675,0.5263129604293811,0.008661986727645461,0.010456881576994852,12900.0,15300.0
325,PF00072,PF00076,30,0,217.26924129001455,14.915810771592456,80.48075128217735,11.911778435517869,201.36867883211482,80.84820765078511,29.97112677447452,17.495265548880706,0.5925649429979066,0.5511034149526364,0.010424530342140758,0.011484276189973582,13325.0,16025.0
326,PF00072,PF00076,36,0,215.35937616206485,22.524337280340674,86.9235650249831,11.345048995356997,201.36867883211482,80.84820765078511,29.97112677447452,17.495265548880706,0.7607988264399462,0.6212455170511904,0.014840392777257072,0.009794758099952344,13825.0,13550.0
327,PF00072,PF00076,42,0,219.96474216528458,16.643726451516834,87.99194426827867,11.851775110555703,201.36867883211482,80.84820765078511,29.97112677447452,17.495265548880706,0.694799000172787,0.6388743006080928,0.014928414653691652,0.012893171726221975,15425.0,19000.0
328,PF00072,PF00076,48,0,221.41887085914706,16.46432109754465,81.66905628415982,11.948808363471866,201.36867883211482,80.84820765078511,29.97112677447452,17.495265548880706,0.7208803970139377,0.5406084033000761,0.018412494623136703,0.012781549992737848,16025.0,16350.0
329,PF00072,PF00076,54,0,217.600105563141,15.8132554798967,81.54217950076138,11.3989399064749,201.36867883211482,80.84820765078511,29.97112677447452,17.495265548880706,0.624215377556857,0.5400090297501352,0.013629638619815605,0.009120544097135806,12750.0,13425.0
330,PF00072,PF00076,60,0,230.49485028684325,15.769495843654145,84.07234535605672,11.482135419878269,201.36867883211482,80.84820765078511,29.97112677447452,17.495265548880706,0.9718076892435775,0.5431940819167984,0.03870406591983189,0.007937295661216297,15775.0,13825.0
331,PF00072,PF00076,66,0,220.41048401262375,16.67333738692632,92.75330401670004,10.59553688778038,201.36867883211482,80.84820765078511,29.97112677447452,17.495265548880706,0.7017728162255774,0.7914513156554441,0.013293166085502073,0.034839753629193976,14425.0,16750.0
332,PF00072,PF00076,72,0,228.62041343928598,16.258060694859147,93.2170221515011,12.007109023651502,201.36867883211482,80.84820765078511,29.97112677447452,17.495265548880706,0.9297837505403915,0.8171977769717783,0.03102483305642283,0.023617443256587736,19225.0,19125.0
333,PF00072,PF00076,78,0,233.35538028071335,16.863485779561486,88.55949609790551,11.26119632244069,201.36867883211482,80.84820765078511,29.97112677447452,17.495265548880706,1.0788567724159035,0.6272666014251979,0.07181743247666024,0.01612689507767406,19150.0,15700.0
334,PF00072,PF00076,84,0,231.18022317761486,17.06125271518043,89.16165744979115,10.944820018082774,201.36867883211482,80.84820765078511,29.97112677447452,17.495265548880706,1.012541856611721,0.6383616955141327,0.03496249242837467,0.009260024285992015,16525.0,14500.0
335,PF00072,PF00076,90,0,220.1608521965124,16.167426608956088,85.31511024165845,9.098846863769605,201.36867883211482,80.84820765078511,29.97112677447452,17.495265548880706,0.6739864537745571,0.46281142255893043,0.015670324235720158,0.010698354142605908,11900.0,14650.0
336,PF00096,PF00397,12,0,19.80232154937556,2.825033459947799,40.60992911077992,5.440315392525648,16.436232766230635,34.45049111539599,5.230388282054999,7.292449697522858,0.7017851958952326,0.9425031886541396,0.010004371140265611,0.017432899921533237,11225.0,15075.0
337,PF00096,PF00397,18,0,33.01768705044715,6.962499138201418,42.75251626497233,5.910961174890305,16.436232766230635,34.45049111539599,5.230388282054999,7.292449697522858,3.170214789044634,1.204333297608943,1.602998811637838,0.036459806380536815,219000.0,17425.0
338,PF00096,PF00397,24,0,17.89222332967908,4.1692411995821335,45.443691427512874,5.211542954626058,16.436232766230635,34.45049111539599,5.230388282054999,7.292449697522858,0.6883526074245663,1.5176205313512379,0.011440874495014474,0.18626873222822063,9575.0,34400.0
339,PF00096,PF00397,30,0,20.530221068701042,5.34461191666941,47.73637757844556,5.69117361637726,16.436232766230635,34.45049111539599,5.230388282054999,7.292449697522858,0.9040611823502528,1.8279739259433554,0.1324659991717211,0.19483499421462241,59750.0,35325.0
340,PF00096,PF00397,36,0,17.856007573731596,3.8035372632265765,44.50457169588829,4.7730025213471166,16.436232766230635,34.45049111539599,5.230388282054999,7.292449697522858,0.6249377374912679,1.3814278275912437,0.009340343668378987,0.10897774981152772,9700.0,25100.0
341,PF00096,PF00397,42,0,17.86795603326598,5.486402136920495,53.937593506764344,6.246868748152362,16.436232766230635,34.45049111539599,5.230388282054999,7.292449697522858,0.7457420919860394,2.6722299363940545,0.08025370034084607,0.5793078406317503,68200.0,95625.0
342,PF00096,PF00397,48,0,37.73537498320205,8.814536232389433,46.81775818442809,8.091269284621308,16.436232766230635,34.45049111539599,5.230388282054999,7.292449697522858,4.072191406906997,1.7349388152790817,2.028233917368405,0.41814396678147825,190525.0,92025.0
343,PF00096,PF00397,54,0,21.40646438801876,3.6696584179193983,52.5813329154026,4.921561908091075,16.436232766230635,34.45049111539599,5.230388282054999,7.292449697522858,0.9813631238459272,2.4862484558742186,0.050158086897458085,0.47276196005017224,47275.0,74475.0
344,PF00096,PF00397,60,0,42.15591108496571,9.079426873672892,49.878767533211885,7.657164746985057,16.436232766230635,34.45049111539599,5.230388282054999,7.292449697522858,4.917355448920881,2.115650715157715,2.159000857748064,0.6144079732130202,189325.0,99900.0
345,PF00076,PF00153,12,0,81.4714622961177,11.317434481288323,90.92614575065278,12.940035948277593,80.84820765078511,92.55486889551554,17.495265548880706,25.61876806220977,0.5179517013368931,0.4079596226653145,0.008726642781378618,0.013076709450805541,12500.0,19375.0
346,PF00076,PF00153,18,0,82.14871790458652,10.356506870051998,91.48811048262309,16.742653174448925,80.84820765078511,92.55486889551554,17.495265548880706,25.61876806220977,0.47669870853052976,0.5465691031424685,0.007389903527935893,0.012186527138859269,12400.0,20275.0
347,PF00076,PF00153,24,0,85.95979625513195,10.80433546045297,93.96008168508052,12.079286932321143,80.84820765078511,92.55486889551554,17.495265548880706,25.61876806220977,0.5691199239422382,0.39247780200775756,0.010840480340580787,0.01458944546227825,12700.0,20900.0
348,PF00076,PF00153,30,0,79.48240015215984,12.873622574040898,96.67885701864739,12.468126219830351,80.84820765078511,92.55486889551554,17.495265548880706,25.61876806220977,0.6017055438189155,0.3939719723940422,0.011834859839557272,0.020859909624997827,17225.0,20825.0
349,PF00076,PF00153,36,0,84.85253789511508,11.367675094609902,95.8600689057784,13.225044152651186,80.84820765078511,92.55486889551554,17.495265548880706,25.61876806220977,0.5542517705910727,0.43099530798254754,0.010716973996654973,0.015673407700117138,12800.0,20450.0
350,PF00076,PF00153,42,0,77.22826922177211,13.841675778620642,103.31585381419221,12.154263802390465,80.84820765078511,92.55486889551554,17.495265548880706,25.61876806220977,0.6996046689484255,0.5168723755735612,0.010367257803488097,0.04076610746568262,13700.0,24450.0
351,PF00076,PF00153,48,0,91.86700090380452,10.247993214900228,90.67271726093777,14.0102317426782,80.84820765078511,92.55486889551554,17.495265548880706,25.61876806220977,0.7077270366086816,0.45107594967987247,0.0171806929481568,0.01118659480325375,16875.0,23350.0
352,PF00076,PF00153,54,0,81.0802957506827,10.937639414396832,98.46294835341507,16.357427118401528,80.84820765078511,92.55486889551554,17.495265548880706,25.61876806220977,0.5113627347492163,0.5456886358553368,0.010402156750811097,0.022881206687081098,12750.0,19500.0
353,PF00076,PF00153,60,0,86.41998407028854,10.631940060764213,103.8574379930787,13.138182950240624,80.84820765078511,92.55486889551554,17.495265548880706,25.61876806220977,0.5452173778084637,0.5429191419974085,0.01191077757760477,0.03992606362593401,13825.0,19400.0
354,PF00076,PF00153,66,0,88.1633556684124,11.21506453035315,117.58233270534971,12.031314138140413,80.84820765078511,92.55486889551554,17.495265548880706,25.61876806220977,0.5974194369981389,0.9906078374508119,0.01718387877857977,0.21880941280381427,19100.0,37050.0
355,PF00076,PF00153,72,0,90.98493880749783,11.522066446467136,106.75062724524919,14.625634790356122,80.84820765078511,92.55486889551554,17.495265548880706,25.61876806220977,0.7239226938816529,0.681922553694465,0.01787793998540561,0.10262820476169648,16200.0,25850.0
356,PF00076,PF00153,78,0,87.83780357715875,10.802317346639539,113.3964273889985,14.641832277653885,80.84820765078511,92.55486889551554,17.495265548880706,25.61876806220977,0.6047727634133274,0.8587987190048054,0.02001309893198054,0.16397378889606035,16600.0,36350.0
357,PF00076,PF00153,84,0,98.05221097770884,9.370216099227427,108.80351523571252,16.449557283226422,80.84820765078511,92.55486889551554,17.495265548880706,25.61876806220977,0.9983836887960104,0.7629387295261943,0.0640561349153894,0.11979113717439908,18125.0,27800.0
358,PF00076,PF00153,90,0,97.08762297385645,10.10170771027423,106.14241833957591,19.5670420487794,80.84820765078511,92.55486889551554,17.495265548880706,25.61876806220977,0.9552478831210256,0.8128730081897858,0.039367487792536626,0.11431160520202792,19350.0,23775.0
359,PF00072,PF00153,12,0,201.94517719033774,16.11232315346001,92.56874505564716,13.27068308326661,201.36867883211482,92.55486889551554,29.97112677447452,25.61876806220977,0.42867137848930476,0.426584567964008,0.007995890598430347,0.016542665288548888,13025.0,23000.0
360,PF00072,PF00153,18,0,213.40387823788984,15.901304298699582,91.92664774521154,13.487532034759532,201.36867883211482,92.55486889551554,29.97112677447452,25.61876806220977,0.5139645096155003,0.42365491711986264,0.008413386765567257,0.012904319201595292,14950.0,25150.0
361,PF00072,PF00153,24,0,204.443050770994,18.036642047354672,96.85762532593591,13.513962300188545,201.36867883211482,92.55486889551554,29.97112677447452,25.61876806220977,0.4684488366296059,0.4613548364812046,0.01047980422663994,0.023166611279289012,13625.0,25750.0
362,PF00072,PF00153,30,0,216.22762942600323,15.132793904108441,100.33856688610086,13.914874249657258,201.36867883211482,92.55486889551554,29.97112677447452,25.61876806220977,0.5829146290684705,0.5164652932577161,0.013104029590988654,0.028791951366988124,14275.0,23750.0
363,PF00072,PF00153,36,0,214.41916930850095,15.982542126970236,97.97550779521212,11.874022596377086,201.36867883211482,92.55486889551554,29.97112677447452,25.61876806220977,0.5834147683181334,0.3865422830420048,0.014758725933258533,0.012437295538071338,16200.0,22475.0
364,PF00072,PF00153,42,0,223.95480098430588,16.5889839274482,98.62999021529733,13.488477324849788,201.36867883211482,92.55486889551554,29.97112677447452,25.61876806220977,0.790689559280718,0.4445276691873864,0.022395609607110258,0.03409382139448788,15850.0,28425.0
365,PF00072,PF00153,48,0,228.3957609869073,16.934053593449356,103.97051392257018,11.857855754587295,201.36867883211482,92.55486889551554,29.97112677447452,25.61876806220977,0.9321408443614829,0.5439249540348102,0.021431654644195657,0.05149951374541937,18725.0,35175.0
366,PF00072,PF00153,54,0,220.30723046457436,17.68080166111192,99.2114534823417,14.58634507772012,201.36867883211482,92.55486889551554,29.97112677447452,25.61876806220977,0.6966215674300769,0.5183266063327199,0.013039533086233006,0.02027619661338151,15375.0,24100.0
367,PF00072,PF00153,60,0,237.92218097722508,17.71735790971941,104.55459035651333,15.838659785898137,201.36867883211482,92.55486889551554,29.97112677447452,25.61876806220977,1.2196992503804263,0.650386832059191,0.07727626144720609,0.06277362198834247,23700.0,33400.0
368,PF00072,PF00153,66,0,210.83595519452064,14.386518231386699,112.49025906642107,11.61968528437686,201.36867883211482,92.55486889551554,29.97112677447452,25.61876806220977,0.4613572818089807,0.8186664521592332,0.00937597057287913,0.13138337486872395,14600.0,30850.0
369,PF00072,PF00153,72,0,231.91528693768356,16.443658440753918,98.94087195121875,18.951167296025613,201.36867883211482,92.55486889551554,29.97112677447452,25.61876806220977,1.025400491516228,0.6540835280412076,0.07307785345204866,0.05534674307556834,23250.0,28425.0
370,PF00072,PF00153,78,0,225.06983390425412,14.29651667120788,108.11893538665807,15.625371441760784,201.36867883211482,92.55486889551554,29.97112677447452,25.61876806220977,0.8231365516523739,0.7055013073067188,0.026326396666476473,0.10659547777875797,19200.0,29925.0
371,PF00072,PF00153,84,0,239.9158175898509,15.550156538764444,108.25089270527062,11.257168955055858,201.36867883211482,92.55486889551554,29.97112677447452,25.61876806220977,1.2917385553628438,0.6554077341023384,0.1769100865843728,0.08964757390145067,28800.0,28750.0
372,PF00072,PF00153,90,0,230.33342100386938,17.992423643008497,102.51533458576212,15.036898289527487,201.36867883211482,92.55486889551554,29.97112677447452,25.61876806220977,0.9987184985070633,0.5562555758644863,0.05499977284908233,0.06945169673599821,16925.0,38725.0
373,PF00072,PF00512,12,0,205.33470918448515,18.831970754191556,113.5183891367722,9.694724994366194,201.36867883211482,105.72150320304084,29.97112677447452,17.686172366262216,0.4852709866998968,0.5771792115021532,0.0075523786480800525,0.009811095910914442,12250.0,10175.0
374,PF00072,PF00512,18,0,209.40778404984772,17.97073550959463,105.78954708543972,10.083555411672508,201.36867883211482,105.72150320304084,29.97112677447452,17.686172366262216,0.5165356682376403,0.45497591395863746,0.007687584675363488,0.006687712136400886,12625.0,8450.0
375,PF00072,PF00512,24,0,212.95237924483197,16.257674434530212,108.79241795693277,10.263858490362654,201.36867883211482,105.72150320304084,29.97112677447452,17.686172366262216,0.5437437111182034,0.4776556189455855,0.011377062700505007,0.007999280044855733,12575.0,9025.0
376,PF00072,PF00512,30,0,221.92007113478368,13.990816055391774,116.5916813387113,9.684282570448389,201.36867883211482,105.72150320304084,29.97112677447452,17.686172366262216,0.7243080417481387,0.7012478728783367,0.02109197841302563,0.014715126824634005,14925.0,10525.0
377,PF00072,PF00512,36,0,222.81896964400326,16.781347155241484,119.1471607372441,8.961548843072062,201.36867883211482,105.72150320304084,29.97112677447452,17.686172366262216,0.7738735192638712,0.7819022305887497,0.016094083771502267,0.016149670867756337,14150.0,11900.0
378,PF00072,PF00512,42,0,215.09273113593684,17.267164792534324,111.23026995517708,10.240019492258902,201.36867883211482,105.72150320304084,29.97112677447452,17.686172366262216,0.572285206791041,0.5293595037517133,0.009850269020357244,0.00873845339455868,14000.0,9150.0
379,PF00072,PF00512,48,0,233.31342262503782,15.109003868482302,118.2281249285556,9.906912170989267,201.36867883211482,105.72150320304084,29.97112677447452,17.686172366262216,1.0805002821720457,0.7348823033383021,0.06818696790148152,0.01334660519073674,21175.0,11775.0
380,PF00072,PF00512,54,0,224.9802358395558,15.346482569776109,118.1725927365481,10.171911111581158,201.36867883211482,105.72150320304084,29.97112677447452,17.686172366262216,0.8331930409029585,0.7722628194020963,0.021861509517107847,0.02253594961448181,16275.0,13125.0
381,PF00072,PF00512,60,0,211.9566135715954,14.370898761765162,117.42336051319995,9.257614777587353,201.36867883211482,105.72150320304084,29.97112677447452,17.686172366262216,0.46609005487249305,0.7299352962242602,0.010143731750048422,0.013400475608750075,12950.0,11575.0
382,PF00072,PF00512,66,0,225.8912292359911,18.78656421833369,117.12974521048675,13.752552909281286,201.36867883211482,105.72150320304084,29.97112677447452,17.686172366262216,0.8820321927735886,0.8269876519443571,0.023631300123135725,0.020344732735636147,15450.0,12300.0
383,PF00072,PF00512,72,0,229.9279648189948,16.450213809863676,106.23694789592199,9.389805514853013,201.36867883211482,105.72150320304084,29.97112677447452,17.686172366262216,0.9871840307341688,0.44287674376989083,0.02921991768019418,0.007353552899128412,14475.0,8825.0
384,PF00072,PF00512,78,0,226.61821329445692,14.6763776119136,115.01554231988854,11.325503165088369,201.36867883211482,105.72150320304084,29.97112677447452,17.686172366262216,0.8680914875426687,0.7076039521821411,0.03487157995046458,0.011385201969578087,17850.0,10175.0
385,PF00072,PF00512,84,0,232.49649106245587,16.83654783817583,117.81662337797425,11.236658294536115,201.36867883211482,105.72150320304084,29.97112677447452,17.686172366262216,1.0555744290835496,0.7906935887552667,0.05464599855988368,0.01671828720968348,20125.0,10350.0
386,PF00072,PF00512,90,0,226.6986670380835,16.57683877958941,122.39248642607346,9.576453975199614,201.36867883211482,105.72150320304084,29.97112677447452,17.686172366262216,0.8659830724360542,0.9682523248578703,0.02395076847303287,0.03374098703850384,16025.0,14700.0
387,PF00076,PF00512,12,0,83.21970259790949,11.039575561689675,112.21599486200004,10.943154744039663,80.84820765078511,105.72150320304084,17.495265548880706,17.686172366262216,0.5398908519254788,0.5685156100470451,0.0074405774043814765,0.008531223516100328,10475.0,9275.0
388,PF00076,PF00512,18,0,83.84037873947663,10.30673515992009,108.84949290490573,9.375770639030822,80.84820765078511,105.72150320304084,17.495265548880706,17.686172366262216,0.45828943188834087,0.4247445966349772,0.009581216659337765,0.007281363874390732,12000.0,7825.0
389,PF00076,PF00512,24,0,78.84163681676773,12.517108308687188,103.39159255259524,10.110661923733216,80.84820765078511,105.72150320304084,17.495265548880706,17.686172366262216,0.5878902042411959,0.4610350249941114,0.01115945038701541,0.010236393867509795,11700.0,6925.0
390,PF00076,PF00512,30,0,87.51466897132136,11.809077374491325,110.8666447781243,11.713374609765854,80.84820765078511,105.72150320304084,17.495265548880706,17.686172366262216,0.6342090320066442,0.5707923098800795,0.01018496069714433,0.009605311723230946,14500.0,8775.0
391,PF00076,PF00512,36,0,82.49881866129907,11.055250403191904,113.87506414168212,9.499871255472868,80.84820765078511,105.72150320304084,17.495265548880706,17.686172366262216,0.5108902611436367,0.5957819023657435,0.009215997882012307,0.013723976314552098,11375.0,9550.0
392,PF00076,PF00512,42,0,83.93228784897394,10.473692901429557,120.93600385862764,10.361325168415593,80.84820765078511,105.72150320304084,17.495265548880706,17.686172366262216,0.510366210575388,0.8848833466291868,0.007223057289315145,0.03518081523964569,11700.0,11825.0
393,PF00076,PF00512,48,0,85.43620883813634,10.941741052917845,111.32341822648453,9.457340653844621,80.84820765078511,105.72150320304084,17.495265548880706,17.686172366262216,0.5507133216638254,0.517176874768342,0.012720387096428533,0.008731556532419037,12800.0,7800.0
394,PF00076,PF00512,54,0,82.50927240409945,11.22335096788811,123.20066741656683,7.9448721030573415,80.84820765078511,105.72150320304084,17.495265548880706,17.686172366262216,0.5294619021037803,0.9891093292230311,0.008042314886859156,0.04740036714874779,12475.0,13300.0
395,PF00076,PF00512,60,0,88.23672815218244,10.00186736860916,116.68848854163166,9.02203642050408,80.84820765078511,105.72150320304084,17.495265548880706,17.686172366262216,0.5707605597020893,0.6772467492051123,0.010686164469105879,0.01255576037089666,11450.0,9150.0
396,PF00076,PF00512,66,0,78.09202742150437,12.29943124215709,122.1277816772529,9.803529702559121,80.84820765078511,105.72150320304084,17.495265548880706,17.686172366262216,0.6102179150042738,0.9706682403733489,0.016740257574025183,0.03704443818652499,13925.0,10450.0
397,PF00076,PF00512,72,0,99.9428109552659,10.019138714675895,121.8297138616386,9.594252936786638,80.84820765078511,105.72150320304084,17.495265548880706,17.686172366262216,1.103461061860762,0.9278057832488824,0.09146545424893145,0.029728531369666883,18275.0,11775.0
398,PF00076,PF00512,78,0,82.91428908178418,13.958962932577812,120.23671823514712,9.59425042665083,80.84820765078511,105.72150320304084,17.495265548880706,17.686172366262216,0.6928483608433983,0.8727847501956018,0.018121800919938754,0.041978018811154254,13500.0,9725.0
399,PF00076,PF00512,84,0,86.41166722204325,10.180766920909853,126.43430111563885,9.31138805407077,80.84820765078511,105.72150320304084,17.495265548880706,17.686172366262216,0.5307447216944245,1.182658946636987,0.010414504577479285,0.11739735411910585,12825.0,13750.0
400,PF00076,PF00512,90,0,92.33986847429094,10.72335203597868,116.43716832807128,9.091075790510663,80.84820765078511,105.72150320304084,17.495265548880706,17.686172366262216,0.7782726573472546,0.6320612442732113,0.037094364702009906,0.011941158509098162,13550.0,8150.0
401,PF00072,PF00595,12,0,216.07410315725872,15.930738031860376,88.46835095534769,9.975297813165662,201.36867883211482,87.53057527636871,29.97112677447452,17.88808620089358,0.579589624019427,0.4388348872711712,0.008184402396741546,0.007450955654479817,13900.0,15925.0
402,PF00072,PF00595,18,0,220.61631591369994,17.32353723433389,91.26407425695842,11.740265489188916,201.36867883211482,87.53057527636871,29.97112677447452,17.88808620089358,0.7145330256056508,0.5369642604703619,0.013485472133892873,0.00835397605311517,17000.0,17950.0
403,PF00072,PF00595,24,0,208.12384799679216,18.561445180479673,91.59070472530134,9.155557650233012,201.36867883211482,87.53057527636871,29.97112677447452,17.88808620089358,0.5339990461747067,0.46176443199842415,0.008464461872829567,0.01025092593536683,13175.0,16325.0
404,PF00072,PF00595,30,0,212.485971622321,16.457381868960656,89.48144106813191,10.200236885190206,201.36867883211482,87.53057527636871,29.97112677447452,17.88808620089358,0.5403488926832866,0.47280706572045206,0.010263483420798915,0.008604954702622751,12775.0,15900.0
405,PF00072,PF00595,36,0,225.42130985746516,14.601929619580227,88.36049881310268,9.87908987528985,201.36867883211482,87.53057527636871,29.97112677447452,17.88808620089358,0.8333209004935496,0.4332379729907512,0.03473546478835467,0.008095929508950564,15700.0,14850.0
406,PF00072,PF00595,42,0,212.07950358685065,15.167881578876422,89.28313819638178,10.354904732204805,201.36867883211482,87.53057527636871,29.97112677447452,17.88808620089358,0.5274097690241993,0.4537681355156041,0.009735363026468715,0.009083283451559954,11725.0,16175.0
407,PF00072,PF00595,48,0,226.08907522561773,15.774595952674083,100.32877410222673,12.159796637583852,201.36867883211482,87.53057527636871,29.97112677447452,17.88808620089358,0.848776285430787,0.8070177390298161,0.01920581877870251,0.02251353537125511,16700.0,31675.0
408,PF00072,PF00595,54,0,235.69846336575552,15.43888308466725,92.96920132799572,11.908388858452287,201.36867883211482,87.53057527636871,29.97112677447452,17.88808620089358,1.1454285583576493,0.5637411884371439,0.1190889106556664,0.012875219298879234,21675.0,15325.0
409,PF00072,PF00595,60,0,227.35846954210024,15.615082005177191,98.19198319832105,12.418161724680031,201.36867883211482,87.53057527636871,29.97112677447452,17.88808620089358,0.8834461039001309,0.7414655904282584,0.03409784257274408,0.01569443515367068,19200.0,20825.0
410,PF00072,PF00595,66,0,228.0856234893849,14.210604862464326,98.86375728784097,12.346710280058195,201.36867883211482,87.53057527636871,29.97112677447452,17.88808620089358,0.9018295928104003,0.7624212441117855,0.042671226595786316,0.019128122255288656,17100.0,21300.0
411,PF00072,PF00595,72,0,217.4574623695626,18.460746846596418,95.2785987006659,8.815031077841878,201.36867883211482,87.53057527636871,29.97112677447452,17.88808620089358,0.6796150370328262,0.532237332777891,0.01719057663214005,0.010800538354809612,16175.0,15500.0
412,PF00072,PF00595,78,0,219.46977755514826,14.540782122965892,103.6585557637036,12.279192224991302,201.36867883211482,87.53057527636871,29.97112677447452,17.88808620089358,0.6664306718140044,0.9410347408445138,0.0142561255609425,0.03629536677045246,16000.0,24100.0
413,PF00072,PF00595,84,0,231.28192783357113,13.855623722069952,99.66805901430104,11.41858415766201,201.36867883211482,87.53057527636871,29.97112677447452,17.88808620089358,0.9980688823128441,0.7593109820424008,0.0426528610638983,0.029051377008826228,18225.0,23625.0
414,PF00072,PF00595,90,0,226.92294799134885,16.799724684051636,91.90070015531616,11.579373776111034,201.36867883211482,87.53057527636871,29.97112677447452,17.88808620089358,0.873133439712215,0.5610691956653282,0.043266064915601775,0.017022791791761475,17075.0,19300.0
415,PF00096,PF00153,12,0,16.883328615061167,3.7459585113717955,89.64009866642984,12.939086406153509,16.436232766230635,92.55486889551554,5.230388282054999,25.61876806220977,0.5680113208336589,0.40819142511538814,0.008252430188941385,0.011025925511554423,12850.0,14450.0
416,PF00096,PF00153,18,0,29.67561263729423,4.068816220509512,94.88242712509427,15.163549956865015,16.436232766230635,92.55486889551554,5.230388282054999,25.61876806220977,2.531242262928497,0.49066490590331374,0.9941187161400487,0.01553372896204734,185925.0,18300.0
417,PF00096,PF00153,24,0,14.408293842136963,3.814511576734881,96.49043204526592,12.4270717143108,16.436232766230635,92.55486889551554,5.230388282054999,25.61876806220977,0.664873500868094,0.3886982369742574,0.010134358495811296,0.008831143593856504,11475.0,16150.0
418,PF00096,PF00153,30,0,17.26571641640083,3.8431120899816804,109.34028299862604,10.856630162350466,16.436232766230635,92.55486889551554,5.230388282054999,25.61876806220977,0.5917618177469717,0.678923301009502,0.009443348512297693,0.04201155779575167,14325.0,23100.0
419,PF00096,PF00153,36,0,14.334179824071335,4.062427031726417,99.17858763499532,13.024479953621187,16.436232766230635,92.55486889551554,5.230388282054999,25.61876806220977,0.7367003921301718,0.47639498746097675,0.01274254136843397,0.01327668753413628,10925.0,16875.0
420,PF00096,PF00153,42,0,15.931127437591535,4.082278334583007,110.50899905093796,14.673636121812988,16.436232766230635,92.55486889551554,5.230388282054999,25.61876806220977,0.6240133950317128,0.7618757348139714,0.00848687230852196,0.09064859208228988,14250.0,22700.0
421,PF00096,PF00153,48,0,15.0191761418906,4.210577171603894,99.6267648656537,12.581344803525932,16.436232766230635,92.55486889551554,5.230388282054999,25.61876806220977,0.6861406103342176,0.45284574890478496,0.015518323185743367,0.02022544799314634,11150.0,18000.0
422,PF00096,PF00153,54,0,21.663554662293045,4.921093161461799,108.94024662459009,14.136923172944979,16.436232766230635,92.55486889551554,5.230388282054999,25.61876806220977,1.047746490578344,0.7068654065318212,0.1465435239333749,0.07394600328982316,29975.0,19800.0
423,PF00096,PF00153,60,0,20.08791011672633,3.994932465171496,101.55666439154622,12.903100940812442,16.436232766230635,92.55486889551554,5.230388282054999,25.61876806220977,0.8097095336169658,0.5219412821960018,0.035702775905415506,0.018697876890559295,19825.0,16900.0
424,PF00072,PF07679,12,0,205.6871850815851,16.435812417929508,69.6848617665075,11.539557377832406,201.36867883211482,63.66128339025547,29.97112677447452,19.078484146135715,0.4579252691467085,0.5690475308613188,0.006779988076906279,0.012802622929040688,12025.0,14625.0
425,PF00072,PF07679,18,0,211.08836237444766,15.381382794666274,69.74777662057127,11.753394830026666,201.36867883211482,63.66128339025547,29.97112677447452,19.078484146135715,0.4909507104774834,0.5498322224995613,0.00843930887569968,0.011153540179873491,13600.0,15950.0
426,PF00072,PF07679,24,0,209.87516959313027,15.199020384222093,68.78345331300187,12.24812622931655,201.36867883211482,63.66128339025547,29.97112677447452,19.078484146135715,0.46785982567437573,0.569861230412336,0.008618306512932635,0.011250783489712323,12975.0,14850.0
427,PF00072,PF07679,30,0,209.20951270906045,17.111735031531683,67.04527993070484,11.36252475149798,201.36867883211482,63.66128339025547,29.97112677447452,19.078484146135715,0.5055115447128546,0.4896092087935066,0.008663761899678088,0.010564611084064264,13150.0,16550.0
428,PF00072,PF07679,36,0,222.76077880132226,16.357799806300086,74.16074585692576,9.776201485920076,201.36867883211482,63.66128339025547,29.97112677447452,19.078484146135715,0.74130919718788,0.636898888533899,0.018219446947567094,0.017690555413865994,14025.0,16875.0
429,PF00072,PF07679,42,0,211.6622935249195,17.69128162055402,71.2251114675276,10.356571669777264,201.36867883211482,63.66128339025547,29.97112677447452,19.078484146135715,0.5614174984494654,0.5670460583931616,0.010344633582256567,0.009274067076681944,13350.0,15225.0
430,PF00072,PF07679,48,0,219.5992839924298,16.74334216679981,80.9282037017124,11.794255624487835,201.36867883211482,63.66128339025547,29.97112677447452,19.078484146135715,0.669991097591339,0.9880655115419352,0.02148489915084255,0.06393183409106905,17600.0,27550.0
431,PF00072,PF07679,54,0,234.08490623166014,15.57330077085229,79.34998407557485,9.773676434670902,201.36867883211482,63.66128339025547,29.97112677447452,19.078484146135715,1.1001175833740384,0.8553200183984595,0.08155108815046155,0.05436935077345561,22325.0,22850.0
432,PF00072,PF07679,60,0,214.8988666152323,17.584616706894032,77.91643019802028,10.72510836632797,201.36867883211482,63.66128339025547,29.97112677447452,19.078484146135715,0.5866805599916897,0.8356416969646955,0.01060095349061974,0.036885975697267884,14550.0,19825.0
433,PF00072,PF07679,66,0,213.74436720669587,17.35231440525174,73.71886713370705,12.131279218525346,201.36867883211482,63.66128339025547,29.97112677447452,19.078484146135715,0.5719859059850724,0.6875507948151218,0.011734275451825234,0.02310072856505417,16000.0,19200.0
434,PF00072,PF07679,72,0,217.48994608304614,16.546136090302593,70.5193128719326,8.989939726743886,201.36867883211482,63.66128339025547,29.97112677447452,19.078484146135715,0.6315268215372583,0.4888468281343035,0.01666582524495832,0.01093731723305772,15525.0,14425.0
435,PF00072,PF07679,78,0,211.50514369392957,14.73223480472767,73.4222901559141,9.55284326610388,201.36867883211482,63.66128339025547,29.97112677447452,19.078484146135715,0.4669454107482683,0.5859643866131419,0.008663566469398259,0.01326998065353906,15100.0,16225.0
436,PF00072,PF07679,84,0,218.8721631852534,17.87396939012169,79.68952604765629,9.122798842194497,201.36867883211482,63.66128339025547,29.97112677447452,19.078484146135715,0.7041337518207942,0.8609507107640578,0.018011388457851,0.04311147146310799,16575.0,19975.0
437,PF00072,PF07679,90,0,222.92353015112047,16.64941184423141,79.54413021336767,9.303319114505795,201.36867883211482,63.66128339025547,29.97112677447452,19.078484146135715,0.7635972748149306,0.8620341558458453,0.030631321865609008,0.044185841753916835,17075.0,18700.0
438,PF00096,PF00512,12,0,16.94062646559488,3.5954753505384627,109.16761283797936,8.612545890403604,16.436232766230635,105.72150320304084,5.230388282054999,17.686172366262216,0.5536205478389695,0.41544633208726106,0.008583761100682947,0.008102159028277612,10400.0,6875.0
439,PF00096,PF00512,18,0,31.74482216070357,3.436550437365503,106.89828218273163,9.685333925650115,16.436232766230635,105.72150320304084,5.230388282054999,17.686172366262216,2.9268552483943404,0.4431108751652028,1.4169180772316883,0.00671773720207652,247300.0,6400.0
440,PF00096,PF00512,24,0,16.248430220507597,3.9550994447094587,112.74763633198909,9.582042926029693,16.436232766230635,105.72150320304084,5.230388282054999,17.686172366262216,0.5793957398784284,0.5395625155906523,0.010933659650084608,0.009028502623223258,10425.0,6575.0
441,PF00096,PF00512,30,0,16.971548177529918,4.015870931702573,118.10685322418766,9.061494789149968,16.436232766230635,105.72150320304084,5.230388282054999,17.686172366262216,0.6238758668707505,0.7384146221438546,0.010383920007542123,0.01436431901874405,10425.0,7750.0
442,PF00096,PF00512,36,0,14.80699801685608,4.22318356817514,117.6164616259884,8.418797723304179,16.436232766230635,105.72150320304084,5.230388282054999,17.686172366262216,0.6946656083979381,0.7085846904381821,0.010123459455235248,0.012785876357534894,11800.0,7250.0
443,PF00096,PF00512,42,0,19.99709423362605,4.515060915230528,119.05546517983521,8.721076099354933,16.436232766230635,105.72150320304084,5.230388282054999,17.686172366262216,0.8772712680944976,0.8132475530722557,0.014009898541596986,0.02024513156301979,9825.0,8675.0
444,PF00096,PF00512,48,0,19.43969002493463,4.3062480827150935,116.34068192839571,10.326538231879335,16.436232766230635,105.72150320304084,5.230388282054999,17.686172366262216,0.8004013090739279,0.6829812645386624,0.012288769373954624,0.013140634721675593,10075.0,7800.0
445,PF00096,PF00512,54,0,22.1866828682859,3.7230861413817338,122.54740685138522,10.484827972459176,16.436232766230635,105.72150320304084,5.230388282054999,17.686172366262216,1.1448447979178444,0.9883741011837336,0.036096075285945155,0.03126102611569286,13150.0,9425.0
446,PF00096,PF00512,60,0,23.887370315659528,4.360234202710512,118.69966917716056,8.841878550336249,16.436232766230635,105.72150320304084,5.230388282054999,17.686172366262216,1.4328763096058201,0.7560448558026829,0.05455078487387138,0.01652884253179761,15325.0,9675.0
447,PF00072,PF00271,12,0,210.17894802597843,16.59219353470416,162.69586299963586,18.394868541858457,201.36867883211482,149.57930952191575,29.97112677447452,27.18196726964319,0.49607726720230355,0.6924714135052444,0.007021952939063424,0.02518273397555628,14050.0,21900.0
448,PF00072,PF00271,18,0,212.09182921155193,17.0058022733654,160.3112970475504,20.442010498080997,201.36867883211482,149.57930952191575,29.97112677447452,27.18196726964319,0.5498909780542297,0.674069420637736,0.007641307266418388,0.04644685607713589,14875.0,32300.0
449,PF00072,PF00271,24,0,214.8521881884304,15.700604145869908,162.49195135167534,22.36994237122057,201.36867883211482,149.57930952191575,29.97112677447452,27.18196726964319,0.5427169474990825,0.8014385432839846,0.011439060249105586,0.051803278395265794,13850.0,28550.0
450,PF00072,PF00271,30,0,214.01860737313015,17.091858412912373,157.4603277879979,22.06106041154584,201.36867883211482,149.57930952191575,29.97112677447452,27.18196726964319,0.5819493391917654,0.6917764621006854,0.0117169361261908,0.027994775698727735,15050.0,32300.0
451,PF00072,PF00271,36,0,220.70674255261386,15.911861145771956,151.53615513558606,20.15285847932716,201.36867883211482,149.57930952191575,29.97112677447452,27.18196726964319,0.703501921557557,0.6040774927254005,0.017631701773978402,0.04222903909301677,16975.0,26350.0
452,PF00072,PF00271,42,0,224.52177198065235,15.294151259681282,141.2252567996079,17.08214841235142,201.36867883211482,149.57930952191575,29.97112677447452,27.18196726964319,0.8153432922547406,0.5901555745604415,0.024655879756848787,0.019275237058497926,16125.0,20025.0
453,PF00072,PF00271,48,0,225.58137567686896,17.409446366863413,159.47094413512542,18.537590980930872,201.36867883211482,149.57930952191575,29.97112677447452,27.18196726964319,0.8277973288537512,0.6274577156524865,0.025100317042185585,0.036791961937400544,17950.0,24350.0
454,PF00072,PF00271,54,0,239.0965430850917,13.93715748717326,150.4935179272534,25.113226896623225,201.36867883211482,149.57930952191575,29.97112677447452,27.18196726964319,1.2588070023816555,0.7305859953667216,0.18836869920208443,0.04220310199755779,24875.0,34025.0
455,PF00072,PF00271,60,0,227.26067284328258,15.637045443054195,158.51335824249898,19.945849245186533,201.36867883211482,149.57930952191575,29.97112677447452,27.18196726964319,0.8853121562202763,0.59941159861422,0.025389706287336146,0.03321752751445812,19600.0,35525.0
456,PF00072,PF00271,66,0,210.01445003006057,17.76498388171364,184.2151560341499,10.723282857228819,201.36867883211482,149.57930952191575,29.97112677447452,27.18196726964319,0.5016665768046499,1.2742214781089607,0.007462258288753083,0.2702731439615364,13525.0,35875.0
457,PF00072,PF00271,72,0,225.8438291586261,16.445459025243792,183.19256345364542,15.846444491371628,201.36867883211482,149.57930952191575,29.97112677447452,27.18196726964319,0.8593021501595599,1.2665962806905446,0.04369438167855378,0.2493117697541187,18125.0,50350.0
458,PF00072,PF00271,78,0,225.37881680644233,15.597958976106844,156.00130933571748,17.797747041440083,201.36867883211482,149.57930952191575,29.97112677447452,27.18196726964319,0.824978116573414,0.5850481991077816,0.017676558756843805,0.015154093148044747,15550.0,20675.0
459,PF00072,PF00271,84,0,234.93485008849657,14.955163527194546,164.2798048427503,22.162079441437562,201.36867883211482,149.57930952191575,29.97112677447452,27.18196726964319,1.1254562775265877,0.7813316998468406,0.08348042082552315,0.16409609687292406,22350.0,54000.0
460,PF00072,PF00271,90,0,225.20735317654496,15.400309630509964,142.91792135874542,15.196343210601492,201.36867883211482,149.57930952191575,29.97112677447452,27.18196726964319,0.8153621236693049,0.4985423443949599,0.021958317184354773,0.014201220693731594,16575.0,24900.0
461,PF00076,PF00271,12,0,83.58134137224617,11.26737744947877,164.8756809695502,17.93313390238529,80.84820765078511,149.57930952191575,17.495265548880706,27.18196726964319,0.5282886875291585,0.7082103447887654,0.011364145108088815,0.018621255311210245,14025.0,19400.0
462,PF00076,PF00271,18,0,86.8240718276683,9.809823264785642,156.58611590999243,22.099778736232842,80.84820765078511,149.57930952191575,17.495265548880706,27.18196726964319,0.4886321839569428,0.6817863791540342,0.00965368843085419,0.025063217030164803,15050.0,25800.0
463,PF00076,PF00271,24,0,86.2535445996228,12.926225522956022,163.4878758094304,20.99319331859085,80.84820765078511,149.57930952191575,17.495265548880706,27.18196726964319,0.6784167193338,0.7526729536319893,0.011501938354384194,0.030005705499780065,15025.0,19975.0
464,PF00076,PF00271,30,0,87.6120055731209,12.16888417366259,170.89092391595403,19.56151167922393,80.84820765078511,149.57930952191575,17.495265548880706,27.18196726964319,0.6220254702356499,0.8929078865254371,0.013587454702694964,0.048834699048785735,17775.0,28875.0
465,PF00076,PF00271,36,0,90.2688053035618,9.487110484715409,154.70253072124228,21.054551047482867,80.84820765078511,149.57930952191575,17.495265548880706,27.18196726964319,0.6053622986383506,0.6341451741694668,0.013088321153126449,0.034477538552741833,15300.0,19600.0
466,PF00076,PF00271,42,0,91.3621840551871,11.758106972993863,169.13722351818913,19.795786938369876,80.84820765078511,149.57930952191575,17.495265548880706,27.18196726964319,0.7458527982858766,0.8747980672047908,0.018560194952184497,0.08253333806388367,15975.0,26050.0
467,PF00076,PF00271,48,0,89.4322591670227,11.057587168450532,136.41983826278585,13.162821317121804,80.84820765078511,149.57930952191575,17.495265548880706,27.18196726964319,0.651710214756974,0.5552745195262596,0.011586327877015882,0.01372385954059624,12900.0,16675.0
468,PF00076,PF00271,54,0,85.08546222374102,10.316527607112176,148.02643954129263,21.65451610585977,80.84820765078511,149.57930952191575,17.495265548880706,27.18196726964319,0.5006050539544116,0.6603683199981769,0.007555560336426254,0.035895397070406274,11900.0,21150.0
469,PF00076,PF00271,60,0,89.08763659488683,8.916513099245012,169.4517005940632,19.26066089665421,80.84820765078511,149.57930952191575,17.495265548880706,27.18196726964319,0.5572638879427743,0.8312828685166367,0.014555231293310607,0.052622578828716814,13375.0,25300.0
470,PF00076,PF00271,66,0,87.79876781851962,12.902167992835595,172.41848093747217,12.233573450398724,80.84820765078511,149.57930952191575,17.495265548880706,27.18196726964319,0.6553492081303868,0.8465025916051724,0.016904601705633678,0.035195434950040454,18750.0,24625.0
471,PF00076,PF00271,72,0,96.25661732133308,11.487294166798,181.13157381138362,23.909962964360705,80.84820765078511,149.57930952191575,17.495265548880706,27.18196726964319,0.9408243220288272,1.2166300390010993,0.04192453469640954,0.23479786232156077,22525.0,72725.0
472,PF00076,PF00271,78,0,94.79988494138642,9.499838108805472,187.5186050699125,11.684430198908053,80.84820765078511,149.57930952191575,17.495265548880706,27.18196726964319,0.8503842649975275,1.3957523814093955,0.04838317436346757,0.33467105971966077,18800.0,37900.0
473,PF00076,PF00271,84,0,97.0400172589962,9.454001299508933,172.9911320133876,15.091768450550362,80.84820765078511,149.57930952191575,17.495265548880706,27.18196726964319,0.9339411258390855,0.8917647913952459,0.037821217291955984,0.07781395479429115,21225.0,26700.0
474,PF00076,PF00271,90,0,102.95400609883708,6.593243854226688,148.1144599457381,14.573272545605002,80.84820765078511,149.57930952191575,17.495265548880706,27.18196726964319,1.2635303183189597,0.43160956357826796,0.24216788914947376,0.008024562315216123,21300.0,20225.0
475,PF00076,PF00595,12,0,83.45893211889734,10.387693036861132,91.41049483702734,12.256707987238054,80.84820765078511,87.53057527636871,17.495265548880706,17.88808620089358,0.49583970632390645,0.5499199969438897,0.008242712953081151,0.007558225836639577,14350.0,13525.0
476,PF00076,PF00595,18,0,87.25480391548791,10.863489354790081,83.82070558384196,10.066033868548738,80.84820765078511,87.53057527636871,17.495265548880706,17.88808620089358,0.6003662052124381,0.45803828034093513,0.008400263887122441,0.007669188268725673,13375.0,12550.0
477,PF00076,PF00595,24,0,79.19867475000233,12.714924459423788,93.08486081054681,10.019813178904062,80.84820765078511,87.53057527636871,17.495265548880706,17.88808620089358,0.587139492136931,0.49951476370991005,0.008649198934088387,0.008282511219868898,11450.0,14350.0
478,PF00076,PF00595,30,0,82.24549715734265,10.692171679242813,91.28830052653872,9.785496054226932,80.84820765078511,87.53057527636871,17.495265548880706,17.88808620089358,0.4853523601581348,0.4417944353207697,0.010943750097793964,0.00724675763276031,13900.0,14075.0
479,PF00076,PF00595,36,0,94.33369642053542,10.739756210474459,89.99504731365029,9.776848894259802,80.84820765078511,87.53057527636871,17.495265548880706,17.88808620089358,0.8268534094718971,0.42797638016170936,0.025871381068819508,0.007367942305130725,17475.0,12975.0
480,PF00076,PF00595,42,0,81.89083870914355,10.041732684444929,88.3089887938446,12.662604981285167,80.84820765078511,87.53057527636871,17.495265548880706,17.88808620089358,0.46977484328068914,0.5588213909712716,0.00971049385704899,0.010067676592048486,13600.0,15925.0
481,PF00076,PF00595,48,0,78.31095889261074,10.895088174128473,99.3392497367598,14.220511717416494,80.84820765078511,87.53057527636871,17.495265548880706,17.88808620089358,0.5088954535391349,0.8163641311267774,0.009078215345863137,0.025784452460492737,11925.0,22025.0
482,PF00076,PF00595,54,0,83.49868253024962,10.894188376072478,90.7183193266983,10.552361636193185,80.84820765078511,87.53057527636871,17.495265548880706,17.88808620089358,0.5156821074616211,0.4614533524636477,0.007406486522898119,0.007962966300456217,10700.0,14550.0
483,PF00076,PF00595,60,0,90.90742493358553,9.434373404812002,87.74890815323926,8.624459388701363,80.84820765078511,87.53057527636871,17.495265548880706,17.88808620089358,0.6461036687187256,0.3981692190436598,0.011356340699809253,0.007034448039951694,11700.0,11800.0
484,PF00076,PF00595,66,0,94.3217455013911,9.9874537305098,102.51843047087499,12.084911702672692,80.84820765078511,87.53057527636871,17.495265548880706,17.88808620089358,0.8224398556099682,0.9199785932006662,0.04589685643238517,0.02263184647921777,16075.0,22700.0
485,PF00076,PF00595,72,0,96.02289244713752,8.407489576357058,100.34562180557401,9.834059057596704,80.84820765078511,87.53057527636871,17.495265548880706,17.88808620089358,0.8874561727902649,0.7725605866706133,0.03787413818316679,0.019533323985780046,16075.0,19700.0
486,PF00076,PF00595,78,0,78.28870554219532,7.911589033166826,97.15369329980825,9.361750882374757,80.84820765078511,87.53057527636871,17.495265548880706,17.88808620089358,0.39311748268252905,0.6334855680813423,0.007013771319189226,0.019726926712955044,12325.0,14725.0
487,PF00076,PF00595,84,0,90.72086714497931,12.361188359106766,104.10553132546933,10.469040249531245,80.84820765078511,87.53057527636871,17.495265548880706,17.88808620089358,0.7553507282185692,0.9566681036933309,0.020699413711912324,0.07205928172308979,12525.0,24825.0
488,PF00076,PF00595,90,0,95.68043339481088,8.900503678252827,105.42774059464158,9.324719610639749,80.84820765078511,87.53057527636871,17.495265548880706,17.88808620089358,0.8685555290284104,1.0139721004587292,0.029933394928867495,0.07363878339201257,14875.0,21825.0
489,PF00096,PF00271,12,0,18.49030987243745,4.977972746407908,179.24773969145156,18.317608681023753,16.436232766230635,149.57930952191575,5.230388282054999,27.18196726964319,0.7125040245858439,1.1228384903252353,0.008446619561249213,0.12234537966475097,16650.0,25400.0
490,PF00096,PF00271,18,0,32.18884910171371,3.3734739254230575,156.42202708730306,19.683102731011658,16.436232766230635,149.57930952191575,5.230388282054999,27.18196726964319,3.0117489344966835,0.6165757219123918,1.4029170016682002,0.015712885886490568,234150.0,29275.0
491,PF00096,PF00271,24,0,23.014245900919132,7.0699811856728205,172.5920902678289,23.37779891445835,16.436232766230635,149.57930952191575,5.230388282054999,27.18196726964319,1.5621945504386188,0.9686212467937214,0.024809265567163966,0.05939019569867107,19850.0,25625.0
492,PF00096,PF00271,30,0,19.88409851995294,3.8064825831920186,188.24478917933268,17.3609342408388,16.436232766230635,149.57930952191575,5.230388282054999,27.18196726964319,0.7748614543633281,1.4280914986252202,0.016442165269550953,0.31986876624761645,14625.0,57625.0
493,PF00096,PF00271,36,0,18.016636506397962,4.598306583713552,183.82056141437485,17.084404695546453,16.436232766230635,149.57930952191575,5.230388282054999,27.18196726964319,0.7352573706496613,1.2659847346804711,0.011046113719341794,0.12104278627649802,11075.0,34500.0
494,PF00096,PF00271,42,0,18.803315590454567,4.272587627803353,179.26936804895294,19.33847255866704,16.436232766230635,149.57930952191575,5.230388282054999,27.18196726964319,0.7497325941188047,1.1420287275533034,0.017184554846459487,0.1117310034272572,12650.0,26375.0
495,PF00096,PF00271,48,0,14.212394415993453,3.9724200944913255,158.69293309326014,23.12658362297963,16.436232766230635,149.57930952191575,5.230388282054999,27.18196726964319,0.7004584650354981,0.7904205429557822,0.013431916171046682,0.026493629038257974,11375.0,13850.0
496,PF00096,PF00271,54,0,18.27876066705526,3.458090835584371,148.55436823257074,18.212290834008055,16.436232766230635,149.57930952191575,5.230388282054999,27.18196726964319,0.5624707836590694,0.49725966757694,0.009961573839638515,0.014390872527130111,13775.0,19800.0
497,PF00096,PF00271,60,0,23.8897593099177,3.236529153374658,163.92195240065342,15.464906936364171,16.436232766230635,149.57930952191575,5.230388282054999,27.18196726964319,1.4250426816799546,0.6618576794103457,0.11337966730065113,0.015410424703570598,20325.0,18900.0
498,PF00072,PF02518,12,0,198.3917632628171,18.1601893178876,189.47870537504036,15.516325433516503,201.36867883211482,186.84189492033835,29.97112677447452,26.052863003717928,0.4976039092075861,0.4708449210977628,0.007459934189309838,0.008137299814332689,14075.0,12675.0
499,PF00072,PF02518,18,0,215.90673936581402,16.215911747157907,191.7767407749868,14.24657582980841,201.36867883211482,186.84189492033835,29.97112677447452,26.052863003717928,0.5878211965080041,0.4649870896212432,0.011761375594626628,0.008866107830771785,14700.0,12625.0
500,PF00072,PF02518,24,0,209.84475430253306,17.228503083243993,202.36938915206395,16.508928173549396,201.36867883211482,186.84189492033835,29.97112677447452,26.052863003717928,0.5112678074052693,0.691813787474446,0.010912780530317133,0.012053325545982737,14450.0,16275.0
501,PF00072,PF02518,30,0,214.62461100629704,17.20091819772996,189.8389461559878,14.964546700708347,201.36867883211482,186.84189492033835,29.97112677447452,26.052863003717928,0.5875885033471715,0.4471678796113385,0.012148719234836996,0.01088992128107472,17550.0,13725.0
502,PF00072,PF02518,36,0,224.19695806563922,14.428479322882529,199.85694300470524,13.414654171825422,201.36867883211482,186.84189492033835,29.97112677447452,26.052863003717928,0.7865846186790815,0.5760198445170874,0.024920964468173375,0.012047699845094519,19125.0,14975.0
503,PF00072,PF02518,42,0,218.02191515169056,15.190150853171945,197.0469902670931,14.55382343823086,201.36867883211482,186.84189492033835,29.97112677447452,26.052863003717928,0.6053361461902579,0.5566394990737542,0.010543413603196179,0.009262010508265146,16000.0,15125.0
504,PF00072,PF02518,48,0,219.74026309605867,16.049958252265863,202.79435934890142,16.011863301903308,201.36867883211482,186.84189492033835,29.97112677447452,26.052863003717928,0.6664343951539614,0.722767830116341,0.014065681126167273,0.0114924442118081,15975.0,15850.0
505,PF00072,PF02518,54,0,216.6764104954192,17.7157307350465,197.60447341081465,14.073899191322822,201.36867883211482,186.84189492033835,29.97112677447452,26.052863003717928,0.6736345263901888,0.563046486423961,0.011846228777927618,0.011755709174087563,14500.0,13450.0
506,PF00072,PF02518,60,0,218.06209284723928,13.757606660978409,197.78681570373953,14.849277981339537,201.36867883211482,186.84189492033835,29.97112677447452,26.052863003717928,0.6071638051479853,0.5709321761305928,0.015094795687404123,0.008538243916225801,15050.0,14150.0
507,PF00072,PF02518,66,0,216.49718854273044,18.548665194812383,213.52506014389903,15.600885488337404,201.36867883211482,186.84189492033835,29.97112677447452,26.052863003717928,0.6504554659336328,1.0364009895893047,0.011368407984511634,0.043267064879245726,15500.0,20300.0
508,PF00072,PF02518,72,0,218.92056193644947,13.661942386913541,210.25599690001027,14.99545889336091,201.36867883211482,186.84189492033835,29.97112677447452,26.052863003717928,0.6137798335255635,0.9373114886714446,0.017675672511400467,0.026094676771572522,19200.0,16375.0
509,PF00072,PF02518,78,0,228.5724671503536,15.320422784860522,209.38499374125408,14.068794825023582,201.36867883211482,186.84189492033835,29.97112677447452,26.052863003717928,0.919486632256563,0.8953405980386924,0.0318968200264416,0.026641636940532152,17650.0,17350.0
510,PF00072,PF02518,84,0,220.44994804687832,17.61610420741675,199.55670862751293,13.872664873256543,201.36867883211482,186.84189492033835,29.97112677447452,26.052863003717928,0.7095251826979443,0.6083685358732817,0.018251259261627656,0.008841666416225401,15525.0,13325.0
511,PF00072,PF02518,90,0,220.57560532259404,16.043939027736243,199.71238183063858,16.889521848097313,201.36867883211482,186.84189492033835,29.97112677447452,26.052863003717928,0.698064629962329,0.6651503451903997,0.015411521419520268,0.010347048848526894,15375.0,15075.0
512,PF00096,PF00595,12,0,17.08111714038547,3.551085560084404,90.1982412121858,11.558364315080881,16.436232766230635,87.53057527636871,5.230388282054999,17.88808620089358,0.549447736499078,0.5152144524823858,0.008057050171755726,0.009411818741958245,10950.0,12300.0
513,PF00096,PF00595,18,0,32.29135239864763,3.730041752723737,86.69672833521,10.426468902482362,16.436232766230635,87.53057527636871,5.230388282054999,17.88808620089358,3.031346580293956,0.4402822636604021,1.3074519480641091,0.00806233600155032,243500.0,10050.0
514,PF00096,PF00595,24,0,17.352510313159232,3.800896085536667,98.01383852258536,8.878637080429725,16.436232766230635,87.53057527636871,5.230388282054999,17.88808620089358,0.60933652815771,0.6416788862031574,0.01382074920025278,0.011015477919254533,11900.0,13700.0
515,PF00096,PF00595,30,0,16.907042782782142,3.8209150752925103,90.59078529492712,9.422453967014775,16.436232766230635,87.53057527636871,5.230388282054999,17.88808620089358,0.5677117468776977,0.4367235748669337,0.008401512872523937,0.0066193528663577375,9900.0,10300.0
516,PF00096,PF00595,36,0,16.741631471797476,3.4828866190286503,100.45974168857383,10.568755473839499,16.436232766230635,87.53057527636871,5.230388282054999,17.88808620089358,0.5578141347063229,0.7862082653770293,0.009969633146760287,0.016339455795763857,10775.0,12800.0
517,PF00096,PF00595,42,0,19.41070656360867,3.3838851658832554,84.56573961860413,10.450249152765124,16.436232766230635,87.53057527636871,5.230388282054999,17.88808620089358,0.7060080075805395,0.48983858642236555,0.00944133651551907,0.008782079260007151,11250.0,11350.0
518,PF00096,PF00595,48,0,18.00553752703612,4.005727671277384,104.15085552232384,11.028916662462477,16.436232766230635,87.53057527636871,5.230388282054999,17.88808620089358,0.6776023202988821,0.9856570008581141,0.011369165205782614,0.04249521315235888,9575.0,17800.0
519,PF00096,PF00595,54,0,21.47336033640148,3.645990919100539,93.76361652611176,9.86245981026498,16.436232766230635,87.53057527636871,5.230388282054999,17.88808620089358,1.003918917887297,0.5130254601029073,0.02287591973168715,0.009268873220399987,11275.0,12175.0
520,PF00096,PF00595,60,0,24.198783349200745,4.1858773004856324,99.88389362107169,10.055775832753461,16.436232766230635,87.53057527636871,5.230388282054999,17.88808620089358,1.5061357557755894,0.7470740475756803,0.046971240349419935,0.02407681518685485,19650.0,13600.0
521,PF00076,PF07679,12,0,78.44285206972009,11.350384873782273,65.93698603079649,13.874701861548631,80.84820765078511,63.66128339025547,17.495265548880706,19.078484146135715,0.5570858091363804,0.5651334115574074,0.009154056775449266,0.011695719255633397,12300.0,13250.0
522,PF00076,PF07679,18,0,83.22346418601012,10.769598703398367,65.98451562172971,12.278934300605044,80.84820765078511,63.66128339025547,17.495265548880706,19.078484146135715,0.5068180483489875,0.5047065742505749,0.009240531392028503,0.007839077697309411,12525.0,12525.0
523,PF00076,PF07679,24,0,84.741829673431,11.761885221487196,70.40355358073913,11.738320668438973,80.84820765078511,63.66128339025547,17.495265548880706,19.078484146135715,0.6023844804267519,0.6123775902033666,0.01158857009204382,0.012831657175755207,13250.0,13650.0
524,PF00076,PF07679,30,0,86.52380455998389,11.576787939601306,73.38182065543047,10.668986737623008,80.84820765078511,63.66128339025547,17.495265548880706,19.078484146135715,0.5895626929090908,0.6516299853938071,0.012940361165679665,0.017563536256565974,14900.0,14100.0
525,PF00076,PF07679,36,0,85.64892440939717,9.78393323039751,71.35987294470397,9.505436396949394,80.84820765078511,63.66128339025547,17.495265548880706,19.078484146135715,0.48375618232881246,0.5213651089859264,0.00989672014951667,0.012415689575717426,13925.0,12650.0
526,PF00076,PF07679,42,0,84.33587381784426,10.796953364877195,74.820382197871,10.77863990493154,80.84820765078511,63.66128339025547,17.495265548880706,19.078484146135715,0.5339336248252254,0.6870975983436758,0.00927898441354084,0.01917662943709171,14825.0,14500.0
527,PF00076,PF07679,48,0,87.05532022956272,10.894844411416793,76.67452656891362,10.975080355043211,80.84820765078511,63.66128339025547,17.495265548880706,19.078484146135715,0.5843603866812939,0.7438895014310014,0.010355766911411443,0.023090413997598206,14050.0,14700.0
528,PF00076,PF07679,54,0,82.61686375789422,10.071402429347867,62.94411928128234,15.15456620677174,80.84820765078511,63.66128339025547,17.495265548880706,19.078484146135715,0.4731646879569489,0.6497323141336269,0.00770599585016318,0.02619329867245082,12950.0,14250.0
529,PF00076,PF07679,60,0,91.08396631644362,10.381632883960073,81.12366967573917,11.386001397812958,80.84820765078511,63.66128339025547,17.495265548880706,19.078484146135715,0.6835123648651755,0.9895834416069722,0.015019410525765988,0.06746542726211588,15825.0,17575.0
530,PF00076,PF07679,66,0,98.23133562258701,9.603023762146952,74.25668426118004,10.557333645708953,80.84820765078511,63.66128339025547,17.495265548880706,19.078484146135715,1.0204963762627794,0.6490234946520927,0.07896320752677881,0.020473618540256283,21950.0,14050.0
531,PF00076,PF07679,72,0,96.02023117990245,9.65334222999308,75.71689072214335,10.374160785867316,80.84820765078511,63.66128339025547,17.495265548880706,19.078484146135715,0.8907822180836094,0.7021792335289315,0.04651374973515629,0.03294029640545727,21775.0,19000.0
532,PF00076,PF07679,78,0,92.31851637747098,9.97523987022989,70.62914981951091,10.435059393115035,80.84820765078511,63.66128339025547,17.495265548880706,19.078484146135715,0.7245287751527547,0.5261732896178665,0.023393451927357048,0.020484529935754798,19375.0,18850.0
533,PF00076,PF07679,84,0,95.33711410839025,9.297579491874309,75.67906514951592,9.829312969812598,80.84820765078511,63.66128339025547,17.495265548880706,19.078484146135715,0.8555992065066564,0.714131068584704,0.028373900094741084,0.025138745130557118,16100.0,14950.0
534,PF00076,PF07679,90,0,92.54314432419908,15.083655713392265,69.38904170372703,17.282368691238343,80.84820765078511,63.66128339025547,17.495265548880706,19.078484146135715,0.9386433785662003,0.8136358734582942,0.06296539511589158,0.02773070147277097,21450.0,15550.0
535,PF00096,PF07679,12,0,17.899650988988945,3.285077567177283,72.05677888702064,9.582296694816554,16.436232766230635,63.66128339025547,5.230388282054999,19.078484146135715,0.5404551479286652,0.5660438963823059,0.0075748503770473805,0.00748300857455912,12850.0,10450.0
536,PF00096,PF07679,18,0,30.362150497219265,3.7410057737997393,70.33283175432216,11.489583176429415,16.436232766230635,63.66128339025547,5.230388282054999,19.078484146135715,2.662501707333512,0.5800347753742792,1.090380698001521,0.010522076980929716,209975.0,10700.0
537,PF00096,PF07679,24,0,15.366730702941028,3.4861936348063067,76.9651355989267,11.191083639690547,16.436232766230635,63.66128339025547,5.230388282054999,19.078484146135715,0.5472139021633549,0.7966273354110784,0.010685509434088023,0.028566865903634067,14600.0,11775.0
538,PF00096,PF07679,30,0,18.409042076086855,3.811632447021885,71.53234944545176,9.0943446215656,16.436232766230635,63.66128339025547,5.230388282054999,19.078484146135715,0.6444167031864164,0.5292949999800848,0.010201384653487753,0.0142839375498424,13825.0,11750.0
539,PF00096,PF07679,36,0,13.759606629627056,3.976003044903257,79.33661098073313,10.010770007465165,16.436232766230635,63.66128339025547,5.230388282054999,19.078484146135715,0.7603870453262183,0.8443155274730363,0.014799456700309823,0.03481968890879426,13000.0,14275.0
540,PF00096,PF07679,42,0,16.961850690321413,3.831493808112667,73.1588441801894,9.44983533813313,16.436232766230635,63.66128339025547,5.230388282054999,19.078484146135715,0.5956675287079931,0.5753636136769957,0.00917494730097234,0.011755189419147001,12150.0,10850.0
541,PF00096,PF07679,48,0,14.026858473621074,3.736225227900841,79.03516026794074,8.967314866897386,16.436232766230635,63.66128339025547,5.230388282054999,19.078484146135715,0.6912277994084356,0.85492176958751,0.012135136140555995,0.046775754473889555,11775.0,12625.0
542,PF00096,PF07679,54,0,19.323033357981263,2.904725144463015,74.1348180591458,11.394676674359657,16.436232766230635,63.66128339025547,5.230388282054999,19.078484146135715,0.6362550343885487,0.6816846800930816,0.01187882629664556,0.015278535790208074,12300.0,12125.0
543,PF00096,PF07679,60,0,20.63319102415931,2.8358932856956653,80.74838369841224,8.621592756126597,16.436232766230635,63.66128339025547,5.230388282054999,19.078484146135715,0.8184412766165355,0.8975046298708631,0.01979838942877938,0.05336662297047624,14975.0,13725.0
544,PF00076,PF02518,12,0,78.33928697133766,11.53036681507608,193.96287502539911,14.296024507940128,80.84820765078511,186.84189492033835,17.495265548880706,26.052863003717928,0.5640149552946131,0.4888439586051281,0.010375386164658608,0.009624919963741832,13675.0,11375.0
545,PF00076,PF02518,18,0,81.96641444961614,11.30924663262553,193.37774386703077,14.696777409974235,80.84820765078511,186.84189492033835,17.495265548880706,26.052863003717928,0.5010998364325517,0.48856525872003387,0.008681898649095032,0.00757250936709777,13225.0,10400.0
546,PF00076,PF02518,24,0,83.31529215221248,12.42127535713754,196.81342463577985,14.432871794911058,80.84820765078511,186.84189492033835,17.495265548880706,26.052863003717928,0.565888215573315,0.5440829752268479,0.008450164542882664,0.009510761464678724,16050.0,12000.0
547,PF00076,PF02518,30,0,82.29915082088361,11.538197991228534,195.5373843149017,16.026263262335664,80.84820765078511,186.84189492033835,17.495265548880706,26.052863003717928,0.536339322542822,0.5555422232961249,0.009532685162977199,0.008047878818828562,16200.0,12100.0
548,PF00076,PF02518,36,0,76.69565793720516,9.356293756287078,203.03346341300187,17.27748643903757,80.84820765078511,186.84189492033835,17.495265548880706,26.052863003717928,0.48765258367029196,0.7152639279624675,0.008822824006455517,0.011442747432571699,14825.0,13425.0
549,PF00076,PF02518,42,0,89.75974878300416,9.454925737315214,193.75819233158697,16.264191477200782,80.84820765078511,186.84189492033835,17.495265548880706,26.052863003717928,0.6050385245412974,0.564133241004127,0.011553151134511662,0.009034453563637612,14425.0,11825.0
550,PF00076,PF02518,48,0,89.58706190531453,11.25586564504939,193.07767436630076,13.713407699086869,80.84820765078511,186.84189492033835,17.495265548880706,26.052863003717928,0.6570641170638694,0.45544588887976756,0.013441988373067622,0.009763011585660916,18625.0,12600.0
551,PF00076,PF02518,54,0,90.46040574905932,10.253446852704645,193.9557075402954,15.447838252887575,80.84820765078511,186.84189492033835,17.495265548880706,26.052863003717928,0.6709833809631399,0.510616161638989,0.011232274586912443,0.008178492736597275,13200.0,11825.0
552,PF00076,PF02518,60,0,85.55000949868945,9.652111000063188,197.7714501160956,14.408311607789575,80.84820765078511,186.84189492033835,17.495265548880706,26.052863003717928,0.5111157874467035,0.5356036243989655,0.009957305460815578,0.011660668425842308,13425.0,12500.0
553,PF00076,PF02518,66,0,90.70237090910436,10.754953878433131,204.61650750382924,16.973454245969002,80.84820765078511,186.84189492033835,17.495265548880706,26.052863003717928,0.7190039061913711,0.7574497062104797,0.02361903937208414,0.015085750043545397,15725.0,13900.0
554,PF00076,PF02518,72,0,96.30300163939128,10.178110790858808,203.8641410353206,14.544649732038593,80.84820765078511,186.84189492033835,17.495265548880706,26.052863003717928,0.9256622450008127,0.7075512198514099,0.05567475433831815,0.014352490659417055,18850.0,13700.0
555,PF00076,PF02518,78,0,92.77622015549943,10.22436575652014,220.01939353430714,13.708472377980794,80.84820765078511,186.84189492033835,17.495265548880706,26.052863003717928,0.7391274446753812,1.2803899303951791,0.021606392066028247,0.08535648001973559,20875.0,22075.0
556,PF00076,PF02518,84,0,93.24013450160774,9.98953395587761,214.65552609765993,16.985076777073335,80.84820765078511,186.84189492033835,17.495265548880706,26.052863003717928,0.756464597908517,1.0912924762604486,0.027574898046087693,0.05147943270588596,18300.0,18425.0
557,PF00076,PF02518,90,0,83.60518922694315,11.073193632441585,218.0815685858578,13.963313671555445,80.84820765078511,186.84189492033835,17.495265548880706,26.052863003717928,0.5137741009791992,1.2011286677451176,0.009877741370610472,0.08059613814178591,17725.0,22400.0
558,PF00153,PF00397,12,0,90.0741307101018,12.51140389489499,35.18047923888895,5.893193186381629,92.55486889551554,34.45049111539599,25.61876806220977,7.292449697522858,0.40628312834965585,0.6783661900187531,0.010851283189797094,0.012513817023851372,14625.0,17650.0
559,PF00153,PF00397,18,0,92.93118063359253,13.763348411913697,35.31942064387036,5.975397289633747,92.55486889551554,34.45049111539599,25.61876806220977,7.292449697522858,0.4334205695914852,0.6714905570307487,0.011124628859435867,0.010082166838605282,16725.0,15700.0
560,PF00153,PF00397,24,0,93.17043553548633,13.229648827344535,40.63285285809557,6.276250030507757,92.55486889551554,34.45049111539599,25.61876806220977,7.292449697522858,0.4219412140397566,0.9561334472814405,0.00879277388846432,0.027943667828860697,15675.0,22525.0
561,PF00153,PF00397,30,0,103.61461517278336,10.610862551736867,34.04324889948357,5.480544073512856,92.55486889551554,34.45049111539599,25.61876806220977,7.292449697522858,0.4878608580062664,0.613431104353838,0.01695576253303914,0.013182896772453772,16250.0,21025.0
562,PF00153,PF00397,36,0,95.0019346306833,12.00587776300023,42.93836969909103,5.203382023665401,92.55486889551554,34.45049111539599,25.61876806220977,7.292449697522858,0.38033302412886827,1.1846318973141428,0.013644011619753078,0.081913226407833,16900.0,34650.0
563,PF00153,PF00397,42,0,109.37202620269069,13.20941868066587,44.44738541512953,5.125836745795485,92.55486889551554,34.45049111539599,25.61876806220977,7.292449697522858,0.7378740355877896,1.3824596193412444,0.06881708334348019,0.15389521779922477,19325.0,57025.0
564,PF00153,PF00397,48,0,103.78938620837575,14.297581113768505,48.02894522770784,5.872132011223325,92.55486889551554,34.45049111539599,25.61876806220977,7.292449697522858,0.5672626325573862,1.8619880390706385,0.05418348974774557,0.3237895779025257,29775.0,77950.0
565,PF00153,PF00397,54,0,114.73190484363835,12.389572443281018,39.848903515869914,4.773172579014386,92.55486889551554,34.45049111539599,25.61876806220977,7.292449697522858,0.8988914643690521,0.7908881363299148,0.12896139544389756,0.04052541563652267,29750.0,29350.0
566,PF00153,PF00397,60,0,110.179540657555,17.404628581539306,44.03802753396497,6.2643418640723185,92.55486889551554,34.45049111539599,25.61876806220977,7.292449697522858,0.8000926549966114,1.3229036447059368,0.13949798462326182,0.10774737100676932,29800.0,39550.0
567,PF00153,PF00397,66,0,115.57326649468871,19.760114936877823,40.76560781133845,6.329223753131622,92.55486889551554,34.45049111539599,25.61876806220977,7.292449697522858,1.102799312618418,0.9519471838587643,0.29280519232934626,0.042717269569116915,31750.0,27050.0
568,PF00153,PF00397,72,0,107.55427894579017,12.913941790921896,47.74785393041113,5.906422016263583,92.55486889551554,34.45049111539599,25.61876806220977,7.292449697522858,0.6323823954688345,1.8300445318159317,0.04191720945178809,0.5599151661019016,24275.0,101625.0
569,PF00153,PF00397,78,0,118.63289227663977,10.953184727420227,44.134455006117214,4.384987611386305,92.55486889551554,34.45049111539599,25.61876806220977,7.292449697522858,1.0217211372176391,1.3279438724151553,0.19705815193715673,0.09966912441252823,26400.0,32375.0
570,PF00096,PF02518,12,0,18.61091483890999,5.0537060102965565,198.01042681613959,15.995083855545506,16.436232766230635,186.84189492033835,5.230388282054999,26.052863003717928,0.7129467191299049,0.5869734070551501,0.18272430224739858,0.007850879577808978,77800.0,9900.0
571,PF00096,PF02518,18,0,33.40760625382254,3.5175161348280226,188.92304434711335,13.630367482738643,16.436232766230635,186.84189492033835,5.230388282054999,26.052863003717928,3.2447635954330947,0.4212556551955176,1.4036332128573132,0.007716814318989934,235000.0,9625.0
572,PF00096,PF02518,24,0,16.692741405013365,3.872835848648564,201.68158578366118,15.615976552209439,16.436232766230635,186.84189492033835,5.230388282054999,26.052863003717928,0.5980729129654182,0.676501538406078,0.019174798810353923,0.010727199471934417,33175.0,10150.0
573,PF00096,PF02518,30,0,17.679086746714287,3.47199826482334,192.21362252149967,15.967949852032106,16.436232766230635,186.84189492033835,5.230388282054999,26.052863003717928,0.5644628616215465,0.511819392515812,0.009461034655737523,0.007754675948535741,13125.0,9625.0
574,PF00096,PF02518,36,0,19.01697734750896,4.37963218166303,205.7294720243408,15.441020873180465,16.436232766230635,186.84189492033835,5.230388282054999,26.052863003717928,0.731358790888551,0.8140490713203422,0.014679641480063262,0.01587024331175491,14550.0,13475.0
575,PF00096,PF02518,42,0,21.09505068922069,3.638820159821804,197.87008382825272,14.25279641308025,16.436232766230635,186.84189492033835,5.230388282054999,26.052863003717928,0.9580414322512429,0.5557337459577397,0.026239212386891263,0.010052336392668098,14225.0,11050.0
576,PF00096,PF02518,48,0,20.60563452268109,3.9778271810639914,208.19932477714784,15.615173471496657,16.436232766230635,186.84189492033835,5.230388282054999,26.052863003717928,0.9236821584040338,0.8525966545372894,0.016523438852477975,0.02095143997646864,14575.0,13375.0
577,PF00096,PF02518,54,0,19.426082113488654,3.698200108837946,205.95975906508312,14.708600929342696,16.436232766230635,186.84189492033835,5.230388282054999,26.052863003717928,0.6860970411217542,0.7639895971452314,0.012019272933727416,0.01952271440944877,13075.0,12875.0
578,PF00096,PF02518,60,0,17.240337140349453,3.257141747364253,192.99084637194738,13.482056562159434,16.436232766230635,186.84189492033835,5.230388282054999,26.052863003717928,0.5192501002379126,0.45866072331992425,0.007445685512504353,0.00772175982615397,12925.0,9250.0
579,PF00397,PF00512,12,0,36.02158714690217,6.460888602250289,115.12572308478796,9.128214546729073,34.45049111539599,105.72150320304084,7.292449697522858,17.686172366262216,0.7564031342542564,0.6009211344561974,0.013386121381945844,0.011352045355603602,17900.0,7925.0
580,PF00397,PF00512,18,0,38.43118444954773,6.437018741339356,106.87516302255443,9.36702825763238,34.45049111539599,105.72150320304084,7.292449697522858,17.686172366262216,0.8217433185587575,0.42866896675204236,0.016234753647406584,0.008246548735332869,18400.0,6200.0
581,PF00397,PF00512,24,0,37.01176361164394,6.838590105149732,116.15494387689914,9.10987193942779,34.45049111539599,105.72150320304084,7.292449697522858,17.686172366262216,0.7580095427023068,0.6431929322917825,0.014273583537812272,0.018358277036172606,18125.0,7900.0
582,PF00397,PF00512,30,0,39.42127845803329,5.3542536113956585,121.64958010359078,7.100853923485384,34.45049111539599,105.72150320304084,7.292449697522858,17.686172366262216,0.8075426767194637,0.9029107959695226,0.016020345228476663,0.03346818613634343,19400.0,10675.0
583,PF00397,PF00512,36,0,43.50693433581614,5.206457557351808,122.55545810744945,10.013686423403117,34.45049111539599,105.72150320304084,7.292449697522858,17.686172366262216,1.2599117048661952,0.9822670916174778,0.048567533891925654,0.03727175803046899,26650.0,10100.0
584,PF00397,PF00512,42,0,43.1169255817771,5.235422496914153,123.992374271641,9.586086637904778,34.45049111539599,105.72150320304084,7.292449697522858,17.686172366262216,1.1994318590681028,1.0394473566581761,0.046358412832645565,0.06473400003255098,29300.0,13200.0
585,PF00397,PF00512,48,0,48.425383997725575,5.199999346192429,111.68543157084324,9.357280151772004,34.45049111539599,105.72150320304084,7.292449697522858,17.686172366262216,1.9185033227811101,0.5146114631286172,0.4768098821988695,0.009717816284506903,80000.0,7525.0
586,PF00397,PF00512,54,0,46.4060727528979,6.58820861936861,120.38569715369555,10.965182650084975,34.45049111539599,105.72150320304084,7.292449697522858,17.686172366262216,1.6730613407850066,0.8680733461423071,0.10372696963108641,0.020243780581230934,39750.0,11100.0
587,PF00397,PF00512,60,0,41.21169363294121,5.227785404585214,121.54416131577507,8.74832099103065,34.45049111539599,105.72150320304084,7.292449697522858,17.686172366262216,0.9544522463375289,0.9038272186679844,0.02257831437289813,0.03515894894534497,19200.0,8575.0
588,PF00397,PF00512,66,0,46.36325980872156,6.430515462283124,131.74654060347007,9.448604780802514,34.45049111539599,105.72150320304084,7.292449697522858,17.686172366262216,1.65377440703839,1.4714906573043507,0.09388297873888413,0.21130918947157945,39800.0,27650.0
589,PF00397,PF00512,72,0,43.78434420115158,6.151265991745982,117.08578181002622,8.015658510140504,34.45049111539599,105.72150320304084,7.292449697522858,17.686172366262216,1.302165578420519,0.6681209245381556,0.02822723598622192,0.016897525881308176,25000.0,8175.0
590,PF00397,PF00512,78,0,46.23369054670372,4.307888851156218,114.64304202875402,10.795393499708755,34.45049111539599,105.72150320304084,7.292449697522858,17.686172366262216,1.6163458712998446,0.6680220288611678,0.2498289068774201,0.009894283244705992,45600.0,7575.0
591,PF00271,PF00397,12,0,165.9504684706302,19.97928750063748,33.99379398161065,6.860019514499841,149.57930952191575,34.45049111539599,27.18196726964319,7.292449697522858,0.8137388302624607,0.7869812606742066,0.016709697391879667,0.015532455885503355,18275.0,19675.0
592,PF00271,PF00397,18,0,171.3143529267578,21.03034988876643,37.5595403245739,5.3348688893530944,149.57930952191575,34.45049111539599,27.18196726964319,7.292449697522858,0.9323118717346255,0.6671561908370783,0.07754749615192927,0.016411593352267786,25050.0,20075.0
593,PF00271,PF00397,24,0,159.48480193777493,21.79100557620085,44.10152377300291,5.071403875698106,149.57930952191575,34.45049111539599,27.18196726964319,7.292449697522858,0.7295288352303189,1.3395036100441333,0.030481554157978274,0.09084842679308595,19925.0,39950.0
594,PF00271,PF00397,30,0,153.68476955899433,20.11388050084485,39.55284490119174,5.042627167853487,149.57930952191575,34.45049111539599,27.18196726964319,7.292449697522858,0.6122147337925283,0.7837246182412634,0.014377990534662221,0.018022176153432587,17475.0,21450.0
595,PF00271,PF00397,36,0,170.92827987537524,20.06505875890517,45.523690201887476,5.552513695337605,149.57930952191575,34.45049111539599,27.18196726964319,7.292449697522858,0.9597760911838015,1.5209597358732585,0.0834902159549498,0.13838201832950048,21150.0,44100.0
596,PF00271,PF00397,42,0,144.42246104592604,17.578936288420977,47.72894402066712,4.1810077014497615,149.57930952191575,34.45049111539599,27.18196726964319,7.292449697522858,0.5492342673403564,1.8208494341457901,0.027882917994158925,0.6093003614958624,19550.0,90750.0
597,PF00271,PF00397,48,0,170.16608117333013,22.951701502554208,51.35101183642045,5.97882993510991,149.57930952191575,34.45049111539599,27.18196726964319,7.292449697522858,0.9133992743965131,2.317536825350379,0.11123207894869216,0.5520760146436815,33975.0,107200.0
598,PF00271,PF00397,54,0,172.77199705937645,21.757032128505124,53.84353836912158,6.503493230046274,149.57930952191575,34.45049111539599,27.18196726964319,7.292449697522858,0.9565479700433,2.6593323311250434,0.1060403056296308,0.7565579795746535,70950.0,136075.0
599,PF00271,PF00397,60,0,178.94024413028524,23.71511615618287,43.87039096788982,5.8741514997892175,149.57930952191575,34.45049111539599,27.18196726964319,7.292449697522858,1.1044187042608706,1.3031145057010804,0.23581863368206032,0.05919566830778886,64425.0,25750.0
600,PF00271,PF00397,66,0,193.25475150970044,13.948499925169257,39.29668378576253,5.614445196033237,149.57930952191575,34.45049111539599,27.18196726964319,7.292449697522858,1.6067800227454976,0.7949826917765201,0.4887668786242373,0.016764067904104948,59400.0,23650.0
601,PF00271,PF00397,72,0,199.89586189064198,10.833048391447369,48.939939064873805,5.906228976422528,149.57930952191575,34.45049111539599,27.18196726964319,7.292449697522858,1.8511004692776505,1.9869109216344236,0.6318341657539908,0.31875850248437626,92500.0,64525.0
602,PF00271,PF00397,78,0,182.97115896585737,12.493961865013992,43.00992281464791,4.604828672452416,149.57930952191575,34.45049111539599,27.18196726964319,7.292449697522858,1.2460043115275945,1.1814711102145312,0.16362348443295413,0.08998192241226736,26275.0,34000.0
603,PF00153,PF00512,12,0,90.9338847119754,15.186352671966642,113.28921161801684,9.919023319299924,92.55486889551554,105.72150320304084,25.61876806220977,17.686172366262216,0.4790986987879745,0.5819278457703009,0.009856759169825823,0.008113583618593424,19325.0,9075.0
604,PF00153,PF00512,18,0,92.69312557622783,15.234903324531125,107.09435340410457,9.268842093428612,92.55486889551554,105.72150320304084,25.61876806220977,17.686172366262216,0.4809449136789025,0.4209843616864874,0.011404426384621975,0.006343317457100945,19775.0,8275.0
605,PF00153,PF00512,24,0,93.51775266973665,13.361867133438983,104.71409054198148,10.55283477145028,92.55486889551554,105.72150320304084,25.61876806220977,17.686172366262216,0.42257359990774046,0.4727201952113079,0.008818796420781061,0.0068761828372930316,19450.0,7925.0
606,PF00153,PF00512,30,0,99.49896416707014,10.904350225957284,111.50310821223098,9.722062142924926,92.55486889551554,105.72150320304084,25.61876806220977,17.686172366262216,0.41942195722969705,0.4875581862523621,0.01732889737970142,0.008061562528801424,22575.0,9200.0
607,PF00153,PF00512,36,0,94.68971263556506,10.988761718617978,115.37300854166305,8.744822376884446,92.55486889551554,105.72150320304084,25.61876806220977,17.686172366262216,0.3533454575301096,0.6126860737375004,0.010132526260736279,0.009880552328536083,21675.0,9700.0
608,PF00153,PF00512,42,0,97.05417579171713,11.8201559046146,117.53675770477975,11.166323280431959,92.55486889551554,105.72150320304084,25.61876806220977,17.686172366262216,0.4118639278492957,0.780975015096365,0.0216037988219504,0.021733130602313525,21750.0,10600.0
609,PF00153,PF00512,48,0,97.03080933918343,14.680951335198461,116.31712257803494,10.61019986652906,92.55486889551554,105.72150320304084,25.61876806220977,17.686172366262216,0.49506722890008187,0.7199822195820853,0.022217188775270333,0.01732162930979037,26425.0,9950.0
610,PF00153,PF00512,54,0,105.62560604449668,14.3894096699765,125.77807973029753,9.67413428466353,92.55486889551554,105.72150320304084,25.61876806220977,17.686172366262216,0.6441571150697836,1.1395332121869075,0.057819439653671624,0.08958530566564661,23900.0,17175.0
611,PF00153,PF00512,60,0,100.03122504847919,13.985646842321076,123.6064021047934,9.609017669957765,92.55486889551554,105.72150320304084,25.61876806220977,17.686172366262216,0.4773620591546305,1.0319351563243833,0.023691118432281395,0.04859084487951779,23025.0,13000.0
612,PF00153,PF00512,66,0,108.89474395711683,13.543386054503628,120.32636001231477,11.67068036347048,92.55486889551554,105.72150320304084,25.61876806220977,17.686172366262216,0.7054144080905677,0.8792948023536431,0.07452490809433808,0.0400724324819329,20225.0,15925.0
613,PF00153,PF00512,72,0,102.21527150955484,15.192662394562024,128.58937562411376,9.46642571037613,92.55486889551554,105.72150320304084,25.61876806220977,17.686172366262216,0.5544774394119366,1.29298029825239,0.033994466151048716,0.10344030060096462,24050.0,18525.0
614,PF00153,PF00512,78,0,107.51912218920283,12.592462937605497,124.03326932343296,10.603219922350274,92.55486889551554,105.72150320304084,25.61876806220977,17.686172366262216,0.6456665266154228,1.0505072556409152,0.037858129356971,0.04952658054340872,23650.0,16075.0
615,PF00153,PF00512,84,0,100.38070282562117,17.630265860245395,132.27610445131964,9.341194622055788,92.55486889551554,105.72150320304084,25.61876806220977,17.686172366262216,0.6171757098693118,1.504762904961421,0.027472279089457836,0.38961480463121484,24700.0,42225.0
616,PF00153,PF00512,90,0,111.52503386862078,15.998789904006271,126.60548915566316,12.453909410030697,92.55486889551554,105.72150320304084,25.61876806220977,17.686172366262216,0.8260594157814312,1.2123619203155436,0.11582657055626619,0.09292944218479672,30025.0,17775.0
617,PF00397,PF00595,12,0,43.84776871905117,8.065927016437914,90.33768209517193,12.483254141761764,34.45049111539599,87.53057527636871,7.292449697522858,17.88808620089358,1.4404822067832996,0.5701106411951118,0.04691524644361628,0.008805805592858335,33475.0,11875.0
618,PF00397,PF00595,18,0,38.09831380614578,6.319110538998216,96.62193946018213,10.801100904833508,34.45049111539599,87.53057527636871,7.292449697522858,17.88808620089358,0.7867820101992564,0.6439922636648315,0.016232470278287173,0.01322761678418614,18375.0,15625.0
619,PF00397,PF00595,24,0,38.73094121784646,5.3842555988040175,92.92178064855968,10.512154915720933,34.45049111539599,87.53057527636871,7.292449697522858,17.88808620089358,0.7611625590950872,0.5404949829429049,0.017119965580857214,0.007967451916883786,18250.0,11175.0
620,PF00397,PF00595,30,0,39.01215234109539,4.900479117998574,93.12200396906978,10.606444225841939,34.45049111539599,87.53057527636871,7.292449697522858,17.88808620089358,0.734236795255149,0.5400329993393961,0.017356446829306493,0.0089567592199711,18125.0,11675.0
621,PF00397,PF00595,36,0,43.29811426060071,4.752012791256858,91.14744218883112,8.894074998324358,34.45049111539599,87.53057527636871,7.292449697522858,17.88808620089358,1.2250449900879103,0.4351085853553777,0.07619610982332962,0.00760449627159149,37900.0,10900.0
622,PF00397,PF00595,42,0,37.73533929591686,5.332739776777222,88.59480750775926,11.133977473555122,34.45049111539599,87.53057527636871,7.292449697522858,17.88808620089358,0.6608626844951501,0.48130667334205035,0.009760454949193469,0.009120045978800988,14825.0,14275.0
623,PF00397,PF00595,48,0,45.40067674953906,4.808254875683765,95.56959774511436,11.041581574212218,34.45049111539599,87.53057527636871,7.292449697522858,17.88808620089358,1.5066158466749924,0.5782750444470565,0.15850673019702657,0.011757008613254006,45350.0,21025.0
624,PF00397,PF00595,54,0,40.35228874951304,4.774223242944703,82.92476405473006,9.590037106216236,34.45049111539599,87.53057527636871,7.292449697522858,17.88808620089358,0.8711732218877762,0.48399595340896995,0.0216331821348691,0.009123031211216569,25500.0,12975.0
625,PF00397,PF00595,60,0,42.98880641847531,4.737519956304561,100.90823153840626,7.996731654603605,34.45049111539599,87.53057527636871,7.292449697522858,17.88808620089358,1.190067353592276,0.7758419718080579,0.04348565253268943,0.022283313170137972,24925.0,11325.0
626,PF00397,PF00595,66,0,44.122978318867744,5.568490610120377,113.14334978688768,9.959317416259859,34.45049111539599,87.53057527636871,7.292449697522858,17.88808620089358,1.3561375296282625,1.434419943148566,0.06189014023223138,0.2603487884075369,32575.0,31675.0
627,PF00397,PF00595,72,0,41.24736063520478,4.141822557597883,101.32844459182785,9.611241220303606,34.45049111539599,87.53057527636871,7.292449697522858,17.88808620089358,0.9426754141874999,0.8193576955673069,0.03846425541046882,0.022183899374566284,30275.0,15725.0
628,PF00397,PF00595,78,0,42.39545423651004,5.590393557181046,111.32632926655643,12.100658582309984,34.45049111539599,87.53057527636871,7.292449697522858,17.88808620089358,1.1119742561302035,1.3580573951670343,0.04210272644956753,0.09842672858151508,26800.0,25600.0
629,PF00153,PF00595,12,0,90.49484116139708,13.760437758145262,88.2727772566689,9.77291009025771,92.55486889551554,87.53057527636871,25.61876806220977,17.88808620089358,0.4239856524725174,0.44361892219561616,0.010458952238601472,0.008089313893181798,20000.0,14600.0
630,PF00153,PF00595,18,0,94.94749505340815,13.655110636576506,86.65006081812135,10.868834066461671,92.55486889551554,87.53057527636871,25.61876806220977,17.88808620089358,0.44659573871423425,0.48103528503639,0.016516822153191998,0.006842217082975159,24225.0,14350.0
631,PF00153,PF00595,24,0,95.31274322995996,14.371805491375703,91.5038412985964,10.681021976430593,92.55486889551554,87.53057527636871,25.61876806220977,17.88808620089358,0.4583756962570585,0.4969812522478641,0.01691220468530336,0.007348892702949069,20650.0,14275.0
632,PF00153,PF00595,30,0,96.75071893680162,13.988018696182326,89.93746642444984,9.677771029215917,92.55486889551554,87.53057527636871,25.61876806220977,17.88808620089358,0.46056327110507295,0.41898655911932364,0.013180552869915558,0.008235046539172538,18800.0,15200.0
633,PF00153,PF00595,36,0,96.20323453444034,12.905299864526716,91.47218285828427,11.573619592356193,92.55486889551554,87.53057527636871,25.61876806220977,17.88808620089358,0.42163586795005004,0.5451270433879987,0.014804039514752015,0.008444021386415161,21950.0,15300.0
634,PF00153,PF00595,42,0,99.56535902742067,11.543056305669175,90.67917539187277,10.612043823527712,92.55486889551554,87.53057527636871,25.61876806220977,17.88808620089358,0.4267711796383552,0.5051330387653946,0.010274143516317759,0.007444973036836545,22950.0,14400.0
635,PF00153,PF00595,48,0,99.02685848252337,14.636960292743728,96.55405641932327,16.2439427762464,92.55486889551554,87.53057527636871,25.61876806220977,17.88808620089358,0.5081660090976894,0.8639974585851209,0.023593049912077,0.05719593192399409,23375.0,24950.0
636,PF00153,PF00595,54,0,108.84741805374657,16.43116525964232,84.27803332427753,14.1924401955129,92.55486889551554,87.53057527636871,25.61876806220977,17.88808620089358,0.7618672118419907,0.6820410505880491,0.14871503678466766,0.015106287914938765,30950.0,18225.0
637,PF00153,PF00595,60,0,104.57649971411085,13.264386128542561,99.67004758701687,11.358900207130834,92.55486889551554,87.53057527636871,25.61876806220977,17.88808620089358,0.5529760620449115,0.7741654447906064,0.039345775056569506,0.01345987619279006,24650.0,16750.0
638,PF00153,PF00595,66,0,111.18313083951205,14.070360704949726,93.510093860094,10.42571144805442,92.55486889551554,87.53057527636871,25.61876806220977,17.88808620089358,0.7724594397160058,0.5486085842399063,0.17499121562815148,0.012159617007935998,38125.0,22425.0
639,PF00153,PF00595,72,0,109.08098150661303,13.613801361881674,95.06077586929943,13.311565014197306,92.55486889551554,87.53057527636871,25.61876806220977,17.88808620089358,0.6971466646253943,0.6789556346774626,0.09467460774606827,0.018906680060295913,29675.0,17150.0
640,PF00153,PF00595,78,0,113.26694407910989,11.520266862806308,101.37559936770374,10.292925017176378,92.55486889551554,87.53057527636871,25.61876806220977,17.88808620089358,0.8116801274833706,0.8010548282342873,0.1381891216530603,0.0360297392254413,28050.0,24850.0
641,PF00153,PF00595,84,0,114.92417084160084,12.78034591401602,107.73543821848398,12.680808267292347,92.55486889551554,87.53057527636871,25.61876806220977,17.88808620089358,0.8811860447129842,1.1507354248430866,0.1676681649225002,0.08637003928277107,40575.0,28500.0
642,PF00153,PF00595,90,0,115.98790533934444,16.316134585715258,103.97916658533879,13.889455849015508,92.55486889551554,87.53057527636871,25.61876806220977,17.88808620089358,0.9399744821418773,1.0152305278935108,0.20174031925501057,0.1149903502879627,45100.0,35975.0
643,PF00153,PF07679,12,0,89.47132501709912,14.848433013343136,67.92360733000697,11.530461381374833,92.55486889551554,63.66128339025547,25.61876806220977,19.078484146135715,0.4880015810912819,0.5287816274164944,0.015034127087744105,0.010166401754289092,19475.0,13075.0
644,PF00153,PF07679,18,0,93.64037472097012,15.641477155788214,66.78849063521002,11.53304478279086,92.55486889551554,63.66128339025547,25.61876806220977,19.078484146135715,0.48557042059725525,0.5105809249475335,0.014867219612912909,0.010605595578822416,19750.0,13050.0
645,PF00153,PF07679,24,0,93.33119925337543,13.600866445186291,68.99584916357698,11.673496288345508,92.55486889551554,63.66128339025547,25.61876806220977,19.078484146135715,0.42627163717674593,0.5515222281494144,0.013129036023771553,0.010467498695867024,20550.0,13350.0
646,PF00153,PF07679,30,0,96.00493238032246,10.628936480990406,71.22450323195268,9.47752004440428,92.55486889551554,63.66128339025547,25.61876806220977,19.078484146135715,0.334102727706757,0.516559672862011,0.010841962650917067,0.011237496401157794,19000.0,13850.0
647,PF00153,PF07679,36,0,98.21989958780627,12.601068495311953,70.67030997437492,11.17031612409109,92.55486889551554,63.66128339025547,25.61876806220977,19.078484146135715,0.427448129366268,0.5757657706719158,0.0209607019516212,0.014306650935796767,23350.0,15500.0
648,PF00153,PF07679,42,0,99.86791039358133,14.220645355603699,72.47689827167811,9.947300254310473,92.55486889551554,63.66128339025547,25.61876806220977,19.078484146135715,0.5031296931277887,0.5709334506144234,0.0133516767654375,0.011419810783355706,21800.0,15800.0
649,PF00153,PF07679,48,0,99.65516769655468,14.205209722948661,79.02787517237181,10.471391014421437,92.55486889551554,63.66128339025547,25.61876806220977,19.078484146135715,0.4982620343855902,0.8469934734710336,0.03264120897054053,0.04488497409744424,31100.0,16425.0
650,PF00153,PF07679,54,0,105.02087278248159,12.145282237983812,81.15540148906773,9.4215583273606,92.55486889551554,63.66128339025547,25.61876806220977,19.078484146135715,0.5541381034484684,0.9446472168019389,0.04195029428390574,0.05042429082773234,28500.0,20650.0
651,PF00153,PF07679,60,0,103.5272555823508,14.552009960713624,80.40740704652251,11.485421134425064,92.55486889551554,63.66128339025547,25.61876806220977,19.078484146135715,0.5752038578873399,0.9429247677251845,0.057514655590215,0.08292312050527681,29200.0,21375.0
652,PF00153,PF07679,66,0,112.5725035770734,12.540638925372287,71.88862779200058,11.774075121956441,92.55486889551554,63.66128339025547,25.61876806220977,19.078484146135715,0.8250030296625894,0.6262800677590262,0.1692378067740025,0.014869439361681057,32275.0,13800.0
653,PF00153,PF07679,72,0,103.85986358178403,14.115125116587437,80.73876809097776,9.54605144759362,92.55486889551554,63.66128339025547,25.61876806220977,19.078484146135715,0.5900787127137054,0.9215276796401257,0.06010008961783275,0.058911666165955896,27150.0,20525.0
654,PF00153,PF07679,78,0,116.29025094329695,9.958940013349487,71.94341441453176,9.486862727131404,92.55486889551554,63.66128339025547,25.61876806220977,19.078484146135715,0.9321851131074128,0.5571098696672037,0.28974676235294583,0.017556026039650754,40525.0,15450.0
655,PF00153,PF07679,84,0,112.76031662052442,12.301370793958561,79.4683054285417,10.5693794655749,92.55486889551554,63.66128339025547,25.61876806220977,19.078484146135715,0.815055816701357,0.8663426040786475,0.16340460122378186,0.06606918806839174,34800.0,20200.0
656,PF00153,PF07679,90,0,110.33218065681876,13.799478672982131,76.18157218898132,10.490719187772873,92.55486889551554,63.66128339025547,25.61876806220977,19.078484146135715,0.718378501562317,0.7261268391679677,0.1300922690958627,0.03312225540779444,49375.0,19075.0
657,PF00271,PF00512,12,0,164.46214397530525,18.658364322380134,116.15459895488739,10.381126157563026,149.57930952191575,105.72150320304084,27.18196726964319,17.686172366262216,0.7174714055122632,0.6633505592751184,0.029740014998468612,0.012602205501686699,20325.0,9575.0
658,PF00271,PF00512,18,0,155.3133305955503,19.65497465020852,111.03608244093859,8.681600156826727,149.57930952191575,105.72150320304084,27.18196726964319,17.686172366262216,0.6219874220862881,0.46635016520538897,0.01634680117480826,0.008575485589088345,27025.0,8525.0
659,PF00271,PF00512,24,0,143.5392025747506,19.319088415553733,113.97988535082668,9.324500662075886,149.57930952191575,105.72150320304084,27.18196726964319,17.686172366262216,0.6256775517936313,0.5480326026397035,0.01456079758971273,0.009563330103004648,16750.0,9200.0
660,PF00271,PF00512,30,0,163.49677731742887,23.204372219246018,124.52289472546273,9.289896637757574,149.57930952191575,105.72150320304084,27.18196726964319,17.686172366262216,0.7876528924014017,1.0647852180967246,0.08380439722638205,0.08244039848192333,36600.0,14325.0
661,PF00271,PF00512,36,0,162.48124409810617,19.302629135347,120.62509643704884,8.292416779073564,149.57930952191575,105.72150320304084,27.18196726964319,17.686172366262216,0.7018046426192898,0.8667701861099899,0.015794859126726454,0.0700911729381286,23600.0,12000.0
662,PF00271,PF00512,42,0,170.3627531448131,21.144766835914243,130.6493949445139,8.65148880582827,149.57930952191575,105.72150320304084,27.18196726964319,17.686172366262216,0.9314264768779459,1.4098055791433197,0.035669482342227526,0.13632946151015277,25800.0,17725.0
663,PF00271,PF00512,48,0,159.4434239103847,25.31147452147249,119.187036303903,10.054603427401716,149.57930952191575,105.72150320304084,27.18196726964319,17.686172366262216,0.8453070634047998,0.8065143986967204,0.0609203921966848,0.016556842288142828,25125.0,11375.0
664,PF00271,PF00512,54,0,146.4684285906615,18.867140765032545,115.96135053023895,8.975368824317135,149.57930952191575,105.72150320304084,27.18196726964319,17.686172366262216,0.5738953430941153,0.6488943818518941,0.01574657877248807,0.014613494578776969,22525.0,9925.0
665,PF00271,PF00512,60,0,174.93320318548567,16.613118163790283,112.91281814810705,13.761691481192747,149.57930952191575,105.72150320304084,27.18196726964319,17.686172366262216,0.958591414265838,0.7187059970183127,0.04917800061109849,0.02146828085812708,30775.0,11850.0
666,PF00271,PF00512,66,0,173.78016181181795,19.45368675881144,113.25784029985363,9.003970470586712,149.57930952191575,105.72150320304084,27.18196726964319,17.686172366262216,0.981598017267412,0.5557817059551208,0.14280938216229322,0.012803341102207981,27675.0,8825.0
667,PF00271,PF00512,72,0,159.87125272712092,19.06589283664244,111.47285101425334,10.417843245994275,149.57930952191575,105.72150320304084,27.18196726964319,17.686172366262216,0.5976966187896458,0.5469571769996829,0.05444276101446311,0.008953754681921597,27000.0,9900.0
668,PF00271,PF00512,78,0,160.68903106538693,19.427267242117185,127.48568059095356,9.598564220386672,149.57930952191575,105.72150320304084,27.18196726964319,17.686172366262216,0.6266265308414977,1.231958731216933,0.0359891586263848,0.08023287247265477,39275.0,13500.0
669,PF00271,PF00512,84,0,167.23831865406865,21.50863969456521,126.2291346541653,8.934403143347827,149.57930952191575,105.72150320304084,27.18196726964319,17.686172366262216,0.8438328774782552,1.1595290957496502,0.03960198150136099,0.07503706150844083,26625.0,12575.0
670,PF00271,PF00512,90,0,157.87528352813857,24.436141488602644,128.02138022957377,9.520285320038072,149.57930952191575,105.72150320304084,27.18196726964319,17.686172366262216,0.7364740657169299,1.2674154332598129,0.06510590793050212,0.07175224315230498,34325.0,15825.0
671,PF00397,PF07679,12,0,35.00310504384019,6.089822489211417,66.6859971651105,9.8281787945564,34.45049111539599,63.66128339025547,7.292449697522858,19.078484146135715,0.6915642211549264,0.4337650534978228,0.01422442820487373,0.009647917492897801,16725.0,10225.0
672,PF00397,PF07679,18,0,35.750245573884555,5.446406143451876,65.81224605762301,13.629928988700334,34.45049111539599,63.66128339025547,7.292449697522858,19.078484146135715,0.6308539624775397,0.5662814107891012,0.011642578842482276,0.014196355469754411,18450.0,11600.0
673,PF00397,PF07679,24,0,36.66508474319151,6.765595841944096,70.96809953054166,9.459231425044255,34.45049111539599,63.66128339025547,7.292449697522858,19.078484146135715,0.7521852517396564,0.5155320238702494,0.011517471358263443,0.009465129902476088,20250.0,10100.0
674,PF00397,PF07679,30,0,34.513788701619454,6.23107698051294,74.81289053569509,8.915676015072432,34.45049111539599,63.66128339025547,7.292449697522858,19.078484146135715,0.6890677817297068,0.6551083857010518,0.01168411913297042,0.013852659997621032,19225.0,11550.0
675,PF00397,PF07679,36,0,42.488440798350005,5.815282558934876,76.05999740017656,10.753957823435554,34.45049111539599,63.66128339025547,7.292449697522858,19.078484146135715,1.1601142575269348,0.7444938663802573,0.06710355433905046,0.01891458493055738,31150.0,11675.0
676,PF00397,PF07679,42,0,41.261151941432445,5.604257942514224,75.22765983871082,9.427881810185712,34.45049111539599,63.66128339025547,7.292449697522858,19.078484146135715,1.0251374020456618,0.6422777516455439,0.029790987879835838,0.01942093313977992,24450.0,12850.0
677,PF00397,PF07679,48,0,45.859265853763944,6.275180321820497,80.95986783346275,13.716425391367581,34.45049111539599,63.66128339025547,7.292449697522858,19.078484146135715,1.5665214826953908,1.0539510944039325,0.06609029294887873,0.0883973047072081,42400.0,17500.0
678,PF00397,PF07679,54,0,44.038343585895944,6.074855188086177,80.71807740093203,8.392137807078761,34.45049111539599,63.66128339025547,7.292449697522858,19.078484146135715,1.3296832674876757,0.8972490738196567,0.1650589967543629,0.07586145988501623,45100.0,18475.0
679,PF00397,PF07679,60,0,44.460530994120326,4.981449771422994,70.90044038361904,15.0121158236598,34.45049111539599,63.66128339025547,7.292449697522858,19.078484146135715,1.3731437939715827,0.755239182659338,0.16129775755740597,0.045083570975871234,42125.0,16475.0
680,PF00397,PF07679,66,0,47.94945786852932,6.742578226375435,88.33012469906082,9.79907218626813,34.45049111539599,63.66128339025547,7.292449697522858,19.078484146135715,1.8534280658426006,1.2930189379747938,0.25774876509082945,0.1830092987392517,65800.0,30275.0
681,PF00397,PF07679,72,0,44.04522349787962,6.247637969030705,88.07585189190671,9.44554728366256,34.45049111539599,63.66128339025547,7.292449697522858,19.078484146135715,1.3406101399364536,1.2802744563950217,0.08592800136329184,0.17031128906017906,41450.0,22275.0
682,PF00397,PF07679,78,0,43.09501795670003,4.432780636648628,74.46952646503536,10.080803929462373,34.45049111539599,63.66128339025547,7.292449697522858,19.078484146135715,1.1854078121705083,0.6511898130068465,0.09637481564240112,0.015760336618029787,36625.0,12450.0
683,PF00153,PF00271,12,0,91.70178852060008,15.256307032093321,167.40256656397517,17.967431958255897,92.55486889551554,149.57930952191575,25.61876806220977,27.18196726964319,0.5050881063924417,0.7648789063405502,0.010208520152019618,0.02733811725031647,22475.0,21375.0
684,PF00153,PF00271,18,0,96.10931651110674,14.154654381549483,151.55082490876515,20.553981433604456,92.55486889551554,149.57930952191575,25.61876806220977,27.18196726964319,0.45396455566776983,0.6095517117823067,0.01841051131947335,0.011084161392243467,24050.0,23700.0
685,PF00153,PF00271,24,0,99.4582259645162,13.850523498004325,159.8806285667066,19.043509117019514,92.55486889551554,149.57930952191575,25.61876806220977,27.18196726964319,0.4807753155385702,0.6798171487999187,0.02948081527977121,0.02114333539455271,25700.0,22975.0
686,PF00153,PF00271,30,0,96.38333188226292,11.54106688099804,151.46596943189607,18.081742534909655,92.55486889551554,149.57930952191575,25.61876806220977,27.18196726964319,0.3611722467995383,0.5171279338515162,0.015217501558234476,0.02672298154551086,19900.0,25725.0
687,PF00153,PF00271,36,0,107.67283064550908,14.45224259859023,163.08750826341912,20.423044806136524,92.55486889551554,149.57930952191575,25.61876806220977,27.18196726964319,0.686345873600305,0.7414041911483144,0.08584207145976101,0.056948794498568246,36875.0,21925.0
688,PF00153,PF00271,42,0,109.4110559720194,12.70603399113923,151.580996107627,19.864041142021136,92.55486889551554,149.57930952191575,25.61876806220977,27.18196726964319,0.686512522618252,0.578991391786417,0.09263655185899315,0.01893463116146759,30050.0,25475.0
689,PF00153,PF00271,48,0,115.87602390255628,15.701258395940188,165.94269725235787,23.698015296881238,92.55486889551554,149.57930952191575,25.61876806220977,27.18196726964319,0.980783607112567,0.8919017948748962,0.1963879298922417,0.06962360739559509,45500.0,23900.0
690,PF00153,PF00271,54,0,121.82127089435973,15.53890240635441,156.05846280481492,27.616556561913242,92.55486889551554,149.57930952191575,25.61876806220977,27.18196726964319,1.185890605674598,0.8580697443103645,0.30179762807190924,0.1211833033015684,48400.0,41025.0
691,PF00153,PF00271,60,0,99.12554246603433,16.24318483572024,172.89332167683094,12.775334582730663,92.55486889551554,149.57930952191575,25.61876806220977,27.18196726964319,0.5610062515231984,0.8715270222224233,0.05912502218273973,0.06538133247807087,27900.0,25475.0
692,PF00153,PF00271,66,0,109.48378218988901,13.761513574580004,172.1372378491064,18.718181128299612,92.55486889551554,149.57930952191575,25.61876806220977,27.18196726964319,0.747201686320177,0.9121649842256585,0.15342996021552205,0.07716618620802089,25800.0,28550.0
693,PF00153,PF00271,72,0,114.49388569828253,9.775246597113352,170.40002171498247,22.13942481318006,92.55486889551554,149.57930952191575,25.61876806220977,27.18196726964319,0.8586072669647047,0.9334367237873393,0.1339365648896073,0.15041593565084357,24775.0,38225.0
694,PF00153,PF00271,78,0,116.68477948210257,14.562885536214463,171.01405233096625,14.452197292784716,92.55486889551554,149.57930952191575,25.61876806220977,27.18196726964319,0.9810413364793997,0.823675125571102,0.25289545743219494,0.032213509005963085,38850.0,27225.0
695,PF00153,PF00271,84,0,118.40386155923403,12.002223485431935,156.00122828634545,17.726725261070154,92.55486889551554,149.57930952191575,25.61876806220977,27.18196726964319,1.0216484276417486,0.5121680126236305,0.28819547895542186,0.0243777338720076,35175.0,28525.0
696,PF00153,PF00271,90,0,113.1217176609302,11.990116929130881,184.01167768032167,15.093481181981968,92.55486889551554,149.57930952191575,25.61876806220977,27.18196726964319,0.8245564798000885,1.2730908209651681,0.1978798084516695,0.2095512062264302,34550.0,49350.0
697,PF00271,PF00595,12,0,165.16203418491278,16.239238440932308,89.42411237538053,10.288517903795169,149.57930952191575,87.53057527636871,27.18196726964319,17.88808620089358,0.6842615486113172,0.4576717029991598,0.019925918282710686,0.0077981020577350575,22525.0,15425.0
698,PF00271,PF00595,18,0,171.55805954235566,21.684612058973624,89.99250144445145,11.177834388173439,149.57930952191575,87.53057527636871,27.18196726964319,17.88808620089358,0.9201136209936531,0.47478721916343924,0.11818013113110787,0.00881183485507281,39375.0,15675.0
699,PF00271,PF00595,24,0,164.75244023700495,20.273976258219726,89.86303475828988,9.766488045728854,149.57930952191575,87.53057527636871,27.18196726964319,17.88808620089358,0.7614329113884847,0.45313648411069435,0.05038373758889673,0.00765956651574026,32725.0,14400.0
700,PF00271,PF00595,30,0,159.27778490968785,24.84350941130076,92.72841521262022,10.038035633677113,149.57930952191575,87.53057527636871,27.18196726964319,17.88808620089358,0.7559315522922297,0.47658149778593123,0.054200685792178405,0.010291241879934016,28375.0,16125.0
701,PF00271,PF00595,36,0,147.92759583059055,18.138218760782273,89.76279738648047,8.976598461617368,149.57930952191575,87.53057527636871,27.18196726964319,17.88808620089358,0.5337261920253806,0.41715056191334426,0.017053129043666418,0.008907545064588036,20875.0,14625.0
702,PF00271,PF00595,42,0,156.36826582142268,18.603832824402875,92.62343156691428,12.701188031744712,149.57930952191575,87.53057527636871,27.18196726964319,17.88808620089358,0.6052682845970887,0.6185715339688136,0.021459514075747844,0.014106424760293923,20800.0,21450.0
703,PF00271,PF00595,48,0,155.51765191970918,16.803998345483826,110.40210309635788,11.287763676310838,149.57930952191575,87.53057527636871,27.18196726964319,17.88808620089358,0.5138438682366596,1.29309453102646,0.01134917110739261,0.12898485277025795,21450.0,30175.0
704,PF00271,PF00595,54,0,146.77482709777598,18.120950959972845,83.28090394890373,14.971239302316427,149.57930952191575,87.53057527636871,27.18196726964319,17.88808620089358,0.5648471945811363,0.7115581538463718,0.019031650262159076,0.013713153632950822,28875.0,17150.0
705,PF00271,PF00595,60,0,169.7205190611964,22.038219725417214,97.52499796292268,10.211799076031548,149.57930952191575,87.53057527636871,27.18196726964319,17.88808620089358,0.8911257033426299,0.6258111567923862,0.18651827800608867,0.015135748620541525,35750.0,18300.0
706,PF00271,PF00595,66,0,183.1180646037583,17.095985420685984,95.6262667718957,10.029341900392879,149.57930952191575,87.53057527636871,27.18196726964319,17.88808620089358,1.2544994346531795,0.5633396779868781,0.20116149909730863,0.015585545353983012,28875.0,17075.0
707,PF00271,PF00595,72,0,167.5084018048288,14.578274345445912,98.84218332911735,9.171871404490721,149.57930952191575,87.53057527636871,27.18196726964319,17.88808620089358,0.7044628579924958,0.6784989848254915,0.02507982085035711,0.02531231110583039,23425.0,17900.0
708,PF00271,PF00595,78,0,176.05037836745763,15.543245736966218,102.10705953798809,10.994571171802061,149.57930952191575,87.53057527636871,27.18196726964319,17.88808620089358,0.9958113398075473,0.8649965770956832,0.1242567539623033,0.035375890583872666,34450.0,22150.0
709,PF00271,PF00595,84,0,185.19706569573842,13.921807782797218,109.83182943636218,10.955997448694832,149.57930952191575,87.53057527636871,27.18196726964319,17.88808620089358,1.3103450467913922,1.2646243474911647,0.2544741575864326,0.148975874490345,27950.0,31775.0
710,PF00271,PF00595,90,0,192.7709356406316,14.025302151011246,100.90435875441486,11.679012464480394,149.57930952191575,87.53057527636871,27.18196726964319,17.88808620089358,1.5889808743516596,0.812339115163721,0.4840283931419609,0.029577148299589396,73225.0,23675.0
711,PF00397,PF02518,12,0,34.689083412992495,6.490295646349038,193.784973739644,15.978005144434356,34.45049111539599,186.84189492033835,7.292449697522858,26.052863003717928,0.7518166987366278,0.512966180199396,0.013463210019200665,0.008810497392321382,22875.0,9900.0
712,PF00397,PF02518,18,0,34.74322136375953,6.808208225614214,192.38357626685448,16.400701687507574,34.45049111539599,186.84189492033835,7.292449697522858,26.052863003717928,0.7843336417145059,0.543496770499448,0.010822991732750977,0.008561394961538802,20325.0,10200.0
713,PF00397,PF02518,24,0,37.4090147564017,6.473914488385185,199.4041451079615,15.335451860151354,34.45049111539599,186.84189492033835,7.292449697522858,26.052863003717928,0.7704256456226496,0.6269108803014044,0.019277080144189235,0.010243935837991682,21275.0,11825.0
714,PF00397,PF02518,30,0,40.78503261894415,6.25008710177639,189.61471101733045,13.84836613338715,34.45049111539599,186.84189492033835,7.292449697522858,26.052863003717928,0.9657892416106302,0.4435271748068131,0.026106989791388542,0.008593780040431072,26900.0,10250.0
715,PF00397,PF02518,36,0,40.13576930878933,5.999645076799347,201.02777655306315,14.41159958818412,34.45049111539599,186.84189492033835,7.292449697522858,26.052863003717928,0.9115832315126822,0.6321736123059676,0.029029494910806742,0.010996434709248604,27450.0,11450.0
716,PF00397,PF02518,42,0,43.49425141978126,5.424721694105826,194.60068510945322,13.874749342443598,34.45049111539599,186.84189492033835,7.292449697522858,26.052863003717928,1.2560148155601503,0.4955982024288997,0.10716887221850926,0.010383858521708344,40800.0,10000.0
717,PF00397,PF02518,48,0,41.36689294762754,7.142701930508108,194.16457966987664,16.357848004604616,34.45049111539599,186.84189492033835,7.292449697522858,26.052863003717928,1.1147672777136817,0.5481289586984709,0.040415773560300454,0.009701954764175532,36475.0,11000.0
718,PF00397,PF02518,54,0,37.10018331093106,5.543735348003828,197.59926296867633,14.919158792621076,34.45049111539599,186.84189492033835,7.292449697522858,26.052863003717928,0.6561339148741504,0.5618777423344783,0.014967292923653537,0.010455523115788212,20900.0,10500.0
719,PF00397,PF02518,60,0,37.867570375439456,4.2516566974802865,192.87066893038948,15.235042801672432,34.45049111539599,186.84189492033835,7.292449697522858,26.052863003717928,0.5972278696227336,0.49744597847864375,0.011695302810231652,0.007350315704628066,16275.0,9575.0
720,PF00397,PF02518,66,0,43.26586385000901,5.200744421936755,206.10952020850803,14.168120058559499,34.45049111539599,186.84189492033835,7.292449697522858,26.052863003717928,1.2541611923103826,0.7917019742827993,0.0707981859431186,0.01807244458384173,34800.0,11525.0
721,PF00397,PF02518,72,0,47.440662403022934,5.766347166943335,208.92999899904092,15.445454238296136,34.45049111539599,186.84189492033835,7.292449697522858,26.052863003717928,1.7813179146150997,0.887301708078985,0.3321629808294816,0.03242876088300137,69000.0,13450.0
722,PF00397,PF02518,78,0,45.771670129383295,4.621349867371559,219.50965644027912,12.68233472151573,34.45049111539599,186.84189492033835,7.292449697522858,26.052863003717928,1.5524521228899175,1.2562703596777824,0.24198828717756057,0.06912380255451833,61400.0,18400.0
723,PF00153,PF02518,12,0,89.59129572143294,14.300353211520644,187.60701227625148,13.480991617960278,92.55486889551554,186.84189492033835,25.61876806220977,26.052863003717928,0.44968524107961483,0.44227749938249267,0.01577816485924111,0.006820722025108483,21175.0,11650.0
724,PF00153,PF02518,18,0,96.34672761268203,14.749187805509504,189.6019927700437,17.033461979651026,92.55486889551554,186.84189492033835,25.61876806220977,26.052863003717928,0.4505737623127641,0.5177208641825236,0.02474944751517958,0.008909338124603611,24325.0,11725.0
725,PF00153,PF02518,24,0,96.477784625553,12.971266429604345,194.64560064578822,14.230024096554294,92.55486889551554,186.84189492033835,25.61876806220977,26.052863003717928,0.4348712765384138,0.5007236205787545,0.013214361088119702,0.007642859559415313,23200.0,12550.0
726,PF00153,PF02518,30,0,98.78828998882364,11.478956406560485,194.6317114772036,15.035646980028142,92.55486889551554,186.84189492033835,25.61876806220977,26.052863003717928,0.41341458534919623,0.526571370924609,0.01994425964889643,0.008885527700537662,25975.0,12750.0
727,PF00153,PF02518,36,0,98.72089140797894,12.471900838900357,198.16375241980262,15.578198712094457,92.55486889551554,186.84189492033835,25.61876806220977,26.052863003717928,0.43192792271612,0.5695597613496188,0.021580339702212233,0.009952984791614692,27100.0,14400.0
728,PF00153,PF02518,42,0,96.01733123653808,14.61763719218218,203.14772056905176,16.023696774452656,92.55486889551554,186.84189492033835,25.61876806220977,26.052863003717928,0.47753533002820236,0.7261231772856251,0.020020033458591924,0.019607689897839356,23775.0,16425.0
729,PF00153,PF02518,48,0,98.51031730660738,16.631818875189953,204.29788855978796,17.2813873134411,92.55486889551554,186.84189492033835,25.61876806220977,26.052863003717928,0.5783077410246666,0.7632416543187694,0.04878478318152529,0.019907951998182266,28375.0,15725.0
730,PF00153,PF02518,54,0,106.3973393585631,13.044306778730785,200.36174181756945,15.758675047234519,92.55486889551554,186.84189492033835,25.61876806220977,26.052863003717928,0.6326021986819026,0.6560479745390927,0.05368210330238053,0.008973321066205193,24675.0,14025.0
731,PF00153,PF02518,60,0,113.75097315895815,15.236040238426831,207.36551933156773,15.868602382389112,92.55486889551554,186.84189492033835,25.61876806220977,26.052863003717928,0.9040845781808448,0.8427645652902507,0.16099239711045477,0.02400284465703841,35500.0,16125.0
732,PF00153,PF02518,66,0,112.19465451061147,13.039701804150576,215.79704044494392,15.639453529518267,92.55486889551554,186.84189492033835,25.61876806220977,26.052863003717928,0.7787729446207183,1.118842031335916,0.1440839522612387,0.05382495318798766,36625.0,20025.0
733,PF00153,PF02518,72,0,103.50407504127504,14.311616070316482,211.41438670405051,15.93149495806849,92.55486889551554,186.84189492033835,25.61876806220977,26.052863003717928,0.5959441074415259,0.9691805861242194,0.053490759016219566,0.03200948657851722,24800.0,18125.0
734,PF00153,PF02518,78,0,101.94569511791062,14.635517416580212,215.43510683960827,15.487001800820105,92.55486889551554,186.84189492033835,25.61876806220977,26.052863003717928,0.5590736230205466,1.1065175426549476,0.03080026764331337,0.06406876528167277,27150.0,21325.0
735,PF00153,PF02518,84,0,99.54333361888128,18.86748969390991,217.41057096072043,14.44726476504167,92.55486889551554,186.84189492033835,25.61876806220977,26.052863003717928,0.6680752787019961,1.1999739101008604,0.06258347923798487,0.05577051023168941,28125.0,19425.0
736,PF00153,PF02518,90,0,107.27083730552049,15.918324407120348,213.27520591725212,16.35127070113099,92.55486889551554,186.84189492033835,25.61876806220977,26.052863003717928,0.7110307489773211,1.0362635647491762,0.10460574610479333,0.04601629575067495,36250.0,20575.0
737,PF00271,PF07679,12,0,162.1363209022616,18.743932030170622,66.18002107396092,10.708444347682763,149.57930952191575,63.66128339025547,27.18196726964319,19.078484146135715,0.7275623350523118,0.4700921100919962,0.022589726702038414,0.00948486787913918,20425.0,13350.0
738,PF00271,PF07679,18,0,150.10687859895594,19.744645060905352,69.301636329872,10.68678598154555,149.57930952191575,63.66128339025547,27.18196726964319,19.078484146135715,0.593365788700069,0.5286094645141031,0.0155261426822888,0.00898397611171026,25175.0,13375.0
739,PF00271,PF07679,24,0,152.83781108812153,18.53785815276575,66.37002826602122,12.173943606808379,149.57930952191575,63.66128339025547,27.18196726964319,19.078484146135715,0.5868374390507581,0.5277911564856693,0.014173317890090922,0.011401788244492667,19625.0,13100.0
740,PF00271,PF07679,30,0,160.02673617328009,20.12917466669117,70.22151196584278,10.704968831142905,149.57930952191575,63.66128339025547,27.18196726964319,19.078484146135715,0.6662584704235122,0.5401246115210844,0.025054938430407805,0.011285780743518185,26200.0,13750.0
741,PF00271,PF07679,36,0,149.0219295062333,17.955825494333286,74.2193883021178,9.743127717753474,149.57930952191575,63.66128339025547,27.18196726964319,19.078484146135715,0.5281420378219345,0.6376532740616587,0.01731436971490927,0.015113537178582508,21825.0,16325.0
742,PF00271,PF07679,42,0,147.85915243146056,20.670464702890015,76.19311020244405,8.692042820619124,149.57930952191575,63.66128339025547,27.18196726964319,19.078484146135715,0.66378034120055,0.6860600459055126,0.01568001407674804,0.017523787313406966,19450.0,16750.0
743,PF00271,PF07679,48,0,155.22947010036646,22.738931639001233,84.85366504698595,8.837422376955725,149.57930952191575,63.66128339025547,27.18196726964319,19.078484146135715,0.741088367162919,1.1126967510665131,0.04934622586374414,0.14629053391877125,25050.0,22300.0
744,PF00271,PF07679,54,0,143.88514644567874,18.41362914413159,81.75214812969668,8.692241307450583,149.57930952191575,63.66128339025547,27.18196726964319,19.078484146135715,0.581276499513005,0.9512404289811169,0.04170034330456119,0.10568308560922654,19775.0,24400.0
745,PF00271,PF07679,60,0,168.92993646793298,19.072831189374824,80.84030543798673,8.930130558790019,149.57930952191575,63.66128339025547,27.18196726964319,19.078484146135715,0.8437097983754591,0.9034503501882181,0.10165561603460775,0.06886723563488899,29775.0,20075.0
746,PF00271,PF07679,66,0,165.5502102779791,19.886780931549332,77.62650359665473,10.549870547935367,149.57930952191575,63.66128339025547,27.18196726964319,19.078484146135715,0.7354664480440749,0.8045002883082419,0.06665243564584343,0.04657861119553295,27200.0,18350.0
747,PF00271,PF07679,72,0,181.4516266448718,15.32321187544691,73.77762540933573,10.171839829703664,149.57930952191575,63.66128339025547,27.18196726964319,19.078484146135715,1.1971066447679684,0.6199021021244024,0.215294439267697,0.02661980541669478,33475.0,16025.0
748,PF00271,PF07679,78,0,169.70854431948374,20.829872112600736,78.69364180871544,11.786946903084932,149.57930952191575,63.66128339025547,27.18196726964319,19.078484146135715,0.8689660442423061,0.8781515690556381,0.1013515774736158,0.06097302081355559,36650.0,21750.0
749,PF00271,PF07679,84,0,186.2174767680869,15.05402137650648,77.1291534863604,10.719497859930188,149.57930952191575,63.66128339025547,27.18196726964319,19.078484146135715,1.348016098278575,0.7691227656852816,0.2790031488232199,0.037908203092738325,46775.0,18625.0
750,PF00271,PF07679,90,0,186.0540978198429,16.160615475831776,73.84725356913177,12.313001472423258,149.57930952191575,63.66128339025547,27.18196726964319,19.078484146135715,1.3591605333790937,0.7378388361871139,0.2666134039669027,0.02969728340403459,41325.0,16975.0
751,PF00512,PF00595,12,0,109.31773499410889,9.400519302526472,90.64592137078517,10.599546079092795,105.72150320304084,87.53057527636871,17.686172366262216,17.88808620089358,0.48063015425250655,0.5031935124428969,0.008001928791653089,0.008250867730054002,8800.0,12650.0
752,PF00512,PF00595,18,0,106.65338776040707,10.121653615631857,87.98369644562264,10.044265781074504,105.72150320304084,87.53057527636871,17.686172366262216,17.88808620089358,0.4563875164923899,0.45254818359831495,0.008154804202402608,0.007017281436551106,8100.0,13750.0
753,PF00512,PF00595,24,0,113.91364109358601,10.907780360537275,93.72658444096619,10.372934358260364,105.72150320304084,87.53057527636871,17.686172366262216,17.88808620089358,0.6532956822548127,0.5350085575844955,0.010863622094808865,0.008868909097692607,8700.0,15300.0
754,PF00512,PF00595,30,0,120.44162341237437,9.793307067349687,86.19374981213045,9.955323667097131,105.72150320304084,87.53057527636871,17.686172366262216,17.88808620089358,0.854513279740821,0.45251911759080804,0.03875713139809605,0.007294521497801967,11475.0,12225.0
755,PF00512,PF00595,36,0,114.57786237129379,9.341313397529442,90.24329609799219,9.542693221816029,105.72150320304084,87.53057527636871,17.686172366262216,17.88808620089358,0.611301827608846,0.414467452847776,0.010591085232820006,0.007835609994143636,8700.0,12375.0
756,PF00512,PF00595,42,0,116.8915468568982,10.599254188925041,90.02541434839202,13.11760548290564,105.72150320304084,87.53057527636871,17.686172366262216,17.88808620089358,0.737093128428515,0.6231957095066255,0.015001946889025605,0.009827703044057775,10950.0,15550.0
757,PF00512,PF00595,48,0,117.03229576545978,9.733865638859587,98.50694300584988,16.272282651269702,105.72150320304084,87.53057527636871,17.686172366262216,17.88808620089358,0.6997102540255908,0.9118904601736375,0.019364139188153672,0.027450483205553253,10775.0,18975.0
758,PF00512,PF00595,54,0,119.14398044741887,7.774726687786433,90.26818064103412,12.702749857234203,105.72150320304084,87.53057527636871,17.686172366262216,17.88808620089358,0.7740054713060041,0.5634954565900975,0.020385622748274282,0.01476575358430041,10250.0,14450.0
759,PF00512,PF00595,60,0,116.38796569830654,10.849483212072027,111.70410343224019,12.615752650341907,105.72150320304084,87.53057527636871,17.686172366262216,17.88808620089358,0.7064189300286803,1.3538220670086982,0.015799469125840213,0.16027512357986098,10725.0,36300.0
760,PF00512,PF00595,66,0,102.52064458969087,10.570823189467225,102.13521771436655,10.025233780584061,105.72150320304084,87.53057527636871,17.686172366262216,17.88808620089358,0.5185785865819696,0.8366943558292128,0.007503657804775402,0.03210218730062873,6825.0,14950.0
761,PF00512,PF00595,72,0,116.61011936672355,11.96629931276943,97.2346819684586,12.21977535464518,105.72150320304084,87.53057527636871,17.686172366262216,17.88808620089358,0.7679414798302608,0.6917773735807843,0.021479252350956376,0.014279803941474314,10450.0,17525.0
762,PF00512,PF00595,78,0,110.13384720075166,11.596068654557294,95.51166715110061,9.269452066088032,105.72150320304084,87.53057527636871,17.686172366262216,17.88808620089358,0.5698299079948991,0.540705491170562,0.012693479592934837,0.009791745675548698,9175.0,15175.0
763,PF00512,PF00595,84,0,128.5778900364507,9.23836648136131,104.59230163050402,11.774849532015832,105.72150320304084,87.53057527636871,17.686172366262216,17.88808620089358,1.2974936147988385,1.010824750596922,0.14647841986089982,0.045504485032212265,18200.0,23550.0
764,PF00512,PF00595,90,0,120.93619494318813,10.00379129979682,97.10753121844905,10.143372900597543,105.72150320304084,87.53057527636871,17.686172366262216,17.88808620089358,0.8888021723047084,0.6428827804555346,0.019504434304658272,0.018416279811345308,10500.0,16700.0
765,PF00271,PF02518,12,0,165.99164446153932,16.416422585898957,189.40062045378713,15.99964316106682,149.57930952191575,186.84189492033835,27.18196726964319,26.052863003717928,0.7207964338678398,0.4837562225439227,0.020707701348330686,0.009054767076223331,22700.0,12625.0
766,PF00271,PF02518,18,0,155.06573716834,17.77404196064208,197.12525740912884,13.356378478995289,149.57930952191575,186.84189492033835,27.18196726964319,26.052863003717928,0.5420721693784176,0.5306552803729416,0.013871858601515831,0.009266155412103213,26050.0,13325.0
767,PF00271,PF02518,24,0,160.21462628072624,18.33944661602317,201.10666947968613,15.696150291187186,149.57930952191575,186.84189492033835,27.18196726964319,26.052863003717928,0.6483107429175605,0.6646172684301673,0.017499336457802946,0.011744112775413141,21075.0,14725.0
768,PF00271,PF02518,30,0,156.01788038460373,20.196554998728896,197.53132997244202,14.440399060188966,149.57930952191575,186.84189492033835,27.18196726964319,26.052863003717928,0.6062054939717296,0.5605532835362131,0.03464934376961895,0.009795388704857659,29175.0,14100.0
769,PF00271,PF02518,36,0,168.38697811265098,18.134259820919755,205.72264156107144,15.016786574186646,149.57930952191575,186.84189492033835,27.18196726964319,26.052863003717928,0.8301093989386301,0.7802979411277149,0.05143982680095582,0.017739845902601196,24050.0,16600.0
770,PF00271,PF02518,42,0,162.11006875776647,23.785314201914105,204.36245930105488,14.737289785794593,149.57930952191575,186.84189492033835,27.18196726964319,26.052863003717928,0.8452178365014956,0.743961665775909,0.08776467109288363,0.016292883280176237,24550.0,16225.0
771,PF00271,PF02518,48,0,147.67124898263356,19.374333225622333,203.6169714682372,13.983138031278072,149.57930952191575,186.84189492033835,27.18196726964319,26.052863003717928,0.6008658915031702,0.710540539058822,0.015762510935174705,0.012179357491386156,22225.0,14425.0
772,PF00271,PF02518,54,0,136.83689479025102,14.567410172843564,200.56167808681963,13.855990980724052,149.57930952191575,186.84189492033835,27.18196726964319,26.052863003717928,0.595619913131777,0.6283575489270082,0.01764001890146161,0.009431428592857812,22150.0,14700.0
773,PF00271,PF02518,60,0,162.92955420178532,22.740517854922402,198.5989986984049,15.124699246047296,149.57930952191575,186.84189492033835,27.18196726964319,26.052863003717928,0.7436232052323548,0.6018086495156707,0.11889375783707726,0.010263111176508759,39700.0,13225.0
774,PF00271,PF02518,66,0,151.60849523571594,15.473697614617713,198.03917521934508,15.281472158315928,149.57930952191575,186.84189492033835,27.18196726964319,26.052863003717928,0.45980460645788573,0.5701657546697662,0.01836158555255095,0.01059295531046153,21575.0,14800.0
775,PF00271,PF02518,72,0,158.62829002820294,19.112115338328536,209.29832367166244,16.188003494681777,149.57930952191575,186.84189492033835,27.18196726964319,26.052863003717928,0.6034289124633267,0.8983941209587296,0.07954211963062213,0.023126228494410553,28875.0,19625.0
776,PF00271,PF02518,78,0,161.87900630516523,16.304317328005357,214.61446040623517,14.032085129352803,149.57930952191575,186.84189492033835,27.18196726964319,26.052863003717928,0.5854908316886607,1.0713878150530427,0.02287830469997111,0.05379756789205316,31125.0,20525.0
777,PF00271,PF02518,84,0,176.09642664358455,21.524855778857113,209.31011827745505,13.788506045697146,149.57930952191575,186.84189492033835,27.18196726964319,26.052863003717928,1.061371695753982,0.891596678424788,0.10323626354336943,0.035820589118128375,39925.0,19300.0
778,PF00271,PF02518,90,0,150.8523576970965,21.16598409169303,216.71176490818038,14.734592871864217,149.57930952191575,186.84189492033835,27.18196726964319,26.052863003717928,0.5949401142925229,1.1499020443331407,0.04241985343459218,0.05826666668951156,33525.0,19200.0
779,PF00512,PF07679,12,0,110.51253428340944,9.929594384338033,68.66639996399412,12.598991523376894,105.72150320304084,63.66128339025547,17.686172366262216,19.078484146135715,0.4997018075679436,0.5868868643634151,0.010744211065501443,0.008243992943910691,9275.0,12175.0
780,PF00512,PF07679,18,0,104.12658918902702,8.670897953903566,67.78918827502383,12.52165039566683,105.72150320304084,63.66128339025547,17.686172366262216,19.078484146135715,0.3930962911280562,0.5632271545772106,0.007536566127119566,0.010061326702121884,7925.0,12550.0
781,PF00512,PF07679,24,0,108.29124675390693,9.822532864059959,66.86611609089351,13.66513267193817,105.72150320304084,63.66128339025547,17.686172366262216,19.078484146135715,0.4590700266660963,0.6066896611632798,0.007986302159091166,0.012147935313488581,7925.0,12425.0
782,PF00512,PF07679,30,0,112.36459820577596,9.82791383167352,71.57743322267999,11.220135325131315,105.72150320304084,63.66128339025547,17.686172366262216,19.078484146135715,0.5502255415414186,0.6206090981345452,0.00855189561295456,0.015991671388919163,9775.0,14925.0
783,PF00512,PF07679,36,0,113.37232708410596,9.43574705029274,72.9585144533368,10.06280670255956,105.72150320304084,63.66128339025547,17.686172366262216,19.078484146135715,0.5676733204252253,0.5844067423326638,0.012291318053043452,0.013872553809550063,9375.0,14275.0
784,PF00512,PF07679,42,0,108.13611218738656,11.7627669158426,78.99578812256385,9.864643287088692,105.72150320304084,63.66128339025547,17.686172366262216,19.078484146135715,0.5676520766549985,0.8597671160169732,0.010218515357705191,0.04177583061479734,11050.0,16375.0
785,PF00512,PF07679,48,0,110.10051226792451,10.022579746626949,74.53572474715719,11.61700853643988,105.72150320304084,63.66128339025547,17.686172366262216,19.078484146135715,0.5075809446709069,0.7202419853444979,0.007432818398282107,0.020163226514295078,10175.0,13700.0
786,PF00512,PF07679,54,0,110.95781163506496,10.543090910481364,74.62810114713422,10.43747351239888,105.72150320304084,63.66128339025547,17.686172366262216,19.078484146135715,0.5330564612806726,0.6554931741518014,0.010778196837452868,0.03174808750790828,10225.0,16325.0
787,PF00512,PF07679,60,0,117.87943720095308,10.938655318680508,78.30752541677646,9.836388007509864,105.72150320304084,63.66128339025547,17.686172366262216,19.078484146135715,0.7679463828880115,0.8206456913834316,0.026007773228438252,0.04433561715097038,14100.0,18525.0
788,PF00512,PF07679,66,0,116.26958100170164,9.019952082468974,73.36306217085802,7.785983886606078,105.72150320304084,63.66128339025547,17.686172366262216,19.078484146135715,0.660073046486535,0.5545033780611182,0.013500798058626928,0.011946381479134079,9425.0,11800.0
789,PF00512,PF07679,72,0,119.61082235817244,10.215172681992655,73.52336144168552,11.169456959503808,105.72150320304084,63.66128339025547,17.686172366262216,19.078484146135715,0.8471517632416783,0.6430440424815015,0.03875638531813071,0.012825343018348156,14200.0,14300.0
790,PF00512,PF07679,78,0,119.22592972928864,9.929453333398087,78.43892137514158,10.2121889145934,105.72150320304084,63.66128339025547,17.686172366262216,19.078484146135715,0.8182796361407532,0.8196125972842946,0.021147664093904513,0.04247100854530693,12550.0,16325.0
791,PF00512,PF07679,84,0,116.08217522836964,8.31667655836045,70.22351341294717,9.595890042772425,105.72150320304084,63.66128339025547,17.686172366262216,19.078484146135715,0.6318281499553334,0.4944870825834009,0.013935043827543386,0.011610568619671555,11225.0,12025.0
792,PF00512,PF07679,90,0,119.82781823148451,8.391878887111394,75.5851832192763,10.57857290873734,105.72150320304084,63.66128339025547,17.686172366262216,19.078484146135715,0.8095636026412995,0.7171278998418957,0.0312306149114007,0.02243508650118349,12375.0,17825.0
793,PF00512,PF02518,12,0,111.44379811474163,9.027251364644755,191.1416630572639,14.852397774149958,105.72150320304084,186.84189492033835,17.686172366262216,26.052863003717928,0.4733000636012503,0.4805013526627288,0.010405218725679526,0.008011309321893112,10275.0,10375.0
794,PF00512,PF02518,18,0,108.26419217311896,9.992263112234395,191.00777169734457,15.506483919886637,105.72150320304084,186.84189492033835,17.686172366262216,26.052863003717928,0.4840887042888099,0.46642110077787335,0.008681492592442785,0.010409689722191312,8925.0,10550.0
795,PF00512,PF02518,24,0,113.70009641941141,9.844000631049878,201.1886801822935,15.425742792680563,105.72150320304084,186.84189492033835,17.686172366262216,26.052863003717928,0.618496084749036,0.6523584783485464,0.012135213136949976,0.011433937262988369,9925.0,13050.0
796,PF00512,PF02518,30,0,118.63071622374768,8.820435673575872,196.81391873275598,14.567608042470527,105.72150320304084,186.84189492033835,17.686172366262216,26.052863003717928,0.7604432964433754,0.5528216234805714,0.014337645040295064,0.009888496097674176,11375.0,10800.0
797,PF00512,PF02518,36,0,117.95171871925086,8.813210877556076,204.0572674378857,16.737470864339652,105.72150320304084,186.84189492033835,17.686172366262216,26.052863003717928,0.7234612938403309,0.7450977880323743,0.019358179844711748,0.011989348989656508,11375.0,14225.0
798,PF00512,PF02518,42,0,117.34971500483849,12.78944016809688,213.35102393357414,15.885612441549439,105.72150320304084,186.84189492033835,17.686172366262216,26.052863003717928,0.8022100637224338,1.0345429548818301,0.01733273369127829,0.030015343632110315,11650.0,18025.0
799,PF00512,PF02518,48,0,117.8709515723707,9.016125694120374,202.57418604470672,15.90120616277049,105.72150320304084,186.84189492033835,17.686172366262216,26.052863003717928,0.7262038313014746,0.6829865902599821,0.02267330474901873,0.011385994048032626,12400.0,12750.0
800,PF00512,PF02518,54,0,118.86686189698764,11.10308682399765,201.71010377848324,15.744686008183535,105.72150320304084,186.84189492033835,17.686172366262216,26.052863003717928,0.8542250210037171,0.6881631630891475,0.02093914755400989,0.01776121598844931,12800.0,12825.0
801,PF00512,PF02518,60,0,123.9147700308608,8.046410667903599,199.8774717340652,16.067464760451422,105.72150320304084,186.84189492033835,17.686172366262216,26.052863003717928,1.0293215063338408,0.6373236443069881,0.036778495597779154,0.012548634322520673,12575.0,12700.0
802,PF00512,PF02518,66,0,122.11498488870517,11.487214043994639,206.49613504864118,16.88189326270547,105.72150320304084,186.84189492033835,17.686172366262216,26.052863003717928,0.9450282757673091,0.8405127703175503,0.02561677758008873,0.01875838426917926,14325.0,15975.0
803,PF00512,PF02518,72,0,117.40312071690012,10.727991622650842,201.60582843965466,13.013445259553285,105.72150320304084,186.84189492033835,17.686172366262216,26.052863003717928,0.7387138670698239,0.6071053319513273,0.01969614848025053,0.013937349964943134,11150.0,13975.0
804,PF00512,PF02518,78,0,115.95070899932315,9.455869370576552,211.00307500973082,15.485050548074843,105.72150320304084,186.84189492033835,17.686172366262216,26.052863003717928,0.665656364538952,0.9596813668965009,0.016102887463367688,0.03000481557758035,10275.0,17100.0
805,PF00512,PF02518,84,0,124.18719079333823,10.733054186628381,208.08910884068493,16.41781032019273,105.72150320304084,186.84189492033835,17.686172366262216,26.052863003717928,1.0929041566909987,0.8786411301468281,0.03497143686150496,0.018622963430958574,13275.0,15450.0
806,PF00512,PF02518,90,0,112.09372142776039,12.128706143201049,210.38376228086173,15.544345684310752,105.72150320304084,186.84189492033835,17.686172366262216,26.052863003717928,0.6552372356304875,0.9358554394698027,0.014694283381096487,0.027585852943835084,10900.0,16150.0
807,PF00595,PF07679,12,0,89.62781824987864,11.941470056871296,69.07081526560125,12.030548112528177,87.53057527636871,63.66128339025547,17.88808620089358,19.078484146135715,0.524642583553224,0.5596218671844846,0.007717561031978567,0.011479158700764235,13675.0,13400.0
808,PF00595,PF07679,18,0,88.62491837048276,10.458571490751012,67.76090925501369,12.926305069167404,87.53057527636871,63.66128339025547,17.88808620089358,19.078484146135715,0.483658922705237,0.5783714728196179,0.006870619334869483,0.011550021557988135,14400.0,13800.0
809,PF00595,PF07679,24,0,87.44917548079698,9.078067804065814,65.53989607660817,11.576711298826613,87.53057527636871,63.66128339025547,17.88808620089358,19.078484146135715,0.41810553467064987,0.5091155361786597,0.007489900449631448,0.011717991223289044,14450.0,12700.0
810,PF00595,PF07679,30,0,87.66560067186832,9.725662011264324,68.18635846946269,11.52235910868113,87.53057527636871,63.66128339025547,17.88808620089358,19.078484146135715,0.4342022915405085,0.5377263848781869,0.0066053915187354465,0.01604476574555993,13475.0,13825.0
811,PF00595,PF07679,36,0,90.69219174708634,9.541504523004562,67.72368014390597,10.537441123386301,87.53057527636871,63.66128339025547,17.88808620089358,19.078484146135715,0.4494780609845994,0.474721424893837,0.007088272556457609,0.009045427181679756,14125.0,12575.0
812,PF00595,PF07679,42,0,88.10064155018692,10.321557389867682,81.9758109656745,8.957914036858904,87.53057527636871,63.66128339025547,17.88808620089358,19.078484146135715,0.4254274296343912,0.966048160581116,0.0075763878177026005,0.06908677710981374,14175.0,19850.0
813,PF00595,PF07679,48,0,106.1181234475517,12.007871280465373,78.69452967810349,11.547014906364192,87.53057527636871,63.66128339025547,17.88808620089358,19.078484146135715,1.0796248447835535,0.8062918487813907,0.047938150176742654,0.04577344416420129,25550.0,24650.0
814,PF00595,PF07679,54,0,91.0417198305549,12.255476087767178,72.97494529183079,13.222928134562395,87.53057527636871,63.66128339025547,17.88808620089358,19.078484146135715,0.591138966385974,0.7264708826578703,0.012390583715312853,0.021880163035748083,19500.0,15400.0
815,PF00595,PF07679,60,0,94.38687277714286,10.15040420399453,81.73876796067029,12.128233757871824,87.53057527636871,63.66128339025547,17.88808620089358,19.078484146135715,0.5702363887185463,1.0286042143371126,0.015259357168115604,0.06830098182170372,17550.0,21400.0
816,PF00595,PF07679,66,0,94.75567962286536,10.21980678509109,75.3205695519671,11.043225326255493,87.53057527636871,63.66128339025547,17.88808620089358,19.078484146135715,0.5580227618328983,0.7179046341922981,0.012115074144921632,0.015229266578453146,17550.0,14300.0
817,PF00595,PF07679,72,0,89.47374772099458,8.822985497743627,74.87994237675422,10.969482153800922,87.53057527636871,63.66128339025547,17.88808620089358,19.078484146135715,0.3940304694035244,0.7076025307478432,0.007040196984692847,0.022975034950447157,14350.0,12450.0
818,PF00595,PF07679,78,0,96.84472034097,9.954224438445422,78.08775497916682,12.95266583669866,87.53057527636871,63.66128339025547,17.88808620089358,19.078484146135715,0.5876537384153621,0.9108252558505923,0.012300348882134328,0.06684397527917922,20700.0,20850.0
819,PF00595,PF07679,84,0,112.56033798109348,10.759004793516894,70.88017738012437,15.193372399752596,87.53057527636871,63.66128339025547,17.88808620089358,19.078484146135715,1.4094318563827335,0.7222444755072881,0.29613394851911656,0.03395346134618675,40400.0,16100.0
820,PF00595,PF07679,90,0,96.31346456965477,9.677021122664806,78.311173823556,9.89168656026337,87.53057527636871,63.66128339025547,17.88808620089358,19.078484146135715,0.5746680169947844,0.8085430725307146,0.012415718160007784,0.026163467692627115,17025.0,17175.0
821,PF00595,PF02518,12,0,87.26767534739518,10.038307371909307,187.24293427589862,14.669973375596694,87.53057527636871,186.84189492033835,17.88808620089358,26.052863003717928,0.4288777024051463,0.44880771657772306,0.007189703889778821,0.007977035884671893,14775.0,11575.0
822,PF00595,PF02518,18,0,85.14993285238427,10.435169953845858,200.11260216684263,15.895113514839625,87.53057527636871,186.84189492033835,17.88808620089358,26.052863003717928,0.47366277617592056,0.6409845478447419,0.008053510706055844,0.010437950177272623,15225.0,14850.0
823,PF00595,PF02518,24,0,87.79461674929124,9.247244367315155,209.51763340064798,14.407054920598261,87.53057527636871,186.84189492033835,17.88808620089358,26.052863003717928,0.41898938217162474,0.9019113878572114,0.008116578261447845,0.024207751112262074,16450.0,18325.0
824,PF00595,PF02518,30,0,88.89021804389311,10.808173489333015,199.23166311415332,13.68745056561495,87.53057527636871,186.84189492033835,17.88808620089358,26.052863003717928,0.48426637452946786,0.5833815964661714,0.007969657948746987,0.01094669545218081,17025.0,13025.0
825,PF00595,PF02518,36,0,91.78554007852719,10.56169085480959,207.29446293751948,14.336647860122834,87.53057527636871,186.84189492033835,17.88808620089358,26.052863003717928,0.4898908356091543,0.816062998990088,0.011525933831354586,0.01678643122875349,17225.0,14875.0
826,PF00595,PF02518,42,0,91.36057588648482,9.308346046827905,199.7391261094529,15.33776891775876,87.53057527636871,186.84189492033835,17.88808620089358,26.052863003717928,0.45640719051096207,0.6377513002436777,0.009762896671981708,0.013530917395000668,16650.0,14650.0
827,PF00595,PF02518,48,0,103.99901993243573,12.34988344575634,195.94004833274903,14.422261186957094,87.53057527636871,186.84189492033835,17.88808620089358,26.052863003717928,0.9599599807485637,0.5152752166961008,0.03594526231895024,0.009398989556333918,24800.0,12325.0
828,PF00595,PF02518,54,0,98.07452587978105,12.691124130878357,197.96390522708586,16.205789358543058,87.53057527636871,186.84189492033835,17.88808620089358,26.052863003717928,0.7561860778076429,0.5882832128325198,0.01981320981104487,0.010643364646530463,22175.0,12300.0
829,PF00595,PF02518,60,0,97.50673920407272,9.922649973589682,200.62346125553842,15.246289947634192,87.53057527636871,186.84189492033835,17.88808620089358,26.052863003717928,0.6666962017650784,0.6660674642395682,0.017704212519073628,0.009134759748265742,19150.0,12300.0
830,PF00595,PF02518,66,0,89.36658683190076,14.135917996343187,211.09682964113728,13.881606545711474,87.53057527636871,186.84189492033835,17.88808620089358,26.052863003717928,0.6340884881350969,0.9575306352285753,0.01134696465885367,0.03671596683699614,17650.0,19625.0
831,PF00595,PF02518,72,0,88.04928096274207,8.34442311334987,206.02726636836687,13.978404311916048,87.53057527636871,186.84189492033835,17.88808620089358,26.052863003717928,0.3704139551416534,0.7746971542393992,0.007409599646008957,0.016329638670481393,14175.0,13950.0
832,PF00595,PF02518,78,0,92.6333324491352,8.7244149149713,205.2220299019035,13.61388024398823,87.53057527636871,186.84189492033835,17.88808620089358,26.052863003717928,0.45144740208411105,0.7456524333315744,0.009460940934575475,0.017676167461829203,15400.0,15600.0
833,PF00595,PF02518,84,0,103.82328918412617,10.468851440704766,189.39146056950284,12.808024364592905,87.53057527636871,186.84189492033835,17.88808620089358,26.052863003717928,0.9366602748587218,0.40795908278585324,0.027848126001338333,0.007290739783319695,24150.0,11225.0
834,PF00595,PF02518,90,0,89.00681309798341,13.192842407383063,208.86498235417767,12.554027028024336,87.53057527636871,186.84189492033835,17.88808620089358,26.052863003717928,0.6028377692821284,0.8565079311340582,0.013121036452366477,0.027710871453933594,17650.0,17775.0
835,PF02518,PF07679,12,0,187.5133534898832,14.287020978412501,68.66648292828768,10.405125496711475,186.84189492033835,63.66128339025547,26.052863003717928,19.078484146135715,0.4482028379744125,0.5082523488745134,0.00840215608838622,0.01070929597518326,11825.0,14250.0
836,PF02518,PF07679,18,0,193.0173041560412,12.330458984195547,73.51033274856941,10.290702647726727,186.84189492033835,63.66128339025547,26.052863003717928,19.078484146135715,0.4114655711860329,0.6181003843643963,0.006494412534035026,0.014374260638072964,12100.0,15775.0
837,PF02518,PF07679,24,0,192.68578707008774,17.57975716339354,71.56586367602863,10.4250141181036,186.84189492033835,63.66128339025547,26.052863003717928,19.078484146135715,0.5586876153105815,0.5651102349673913,0.006651470714806749,0.01426078307746778,12025.0,15650.0
838,PF02518,PF07679,30,0,188.22585995816175,16.965696481742256,75.30517853162797,9.58759260646997,186.84189492033835,63.66128339025547,26.052863003717928,19.078484146135715,0.5347648170419587,0.6831663717830684,0.008492915392962198,0.022190781595572348,11500.0,17075.0
839,PF02518,PF07679,36,0,195.95301351162342,15.949328128658259,71.07806601017812,10.956096600747534,186.84189492033835,63.66128339025547,26.052863003717928,19.078484146135715,0.5628198287904376,0.5657456405767272,0.009449884351789317,0.012880657627165589,13850.0,16825.0
840,PF02518,PF07679,42,0,196.00506825148852,15.461519308932731,64.9831872231189,9.943483772904653,186.84189492033835,63.66128339025547,26.052863003717928,19.078484146135715,0.5603304378095451,0.42660138301489076,0.0077777258228967725,0.008481274321035024,12300.0,15700.0
841,PF02518,PF07679,48,0,194.42660976723604,15.911774350029175,75.45174554904041,10.383107206251987,186.84189492033835,63.66128339025547,26.052863003717928,19.078484146135715,0.5394366222644277,0.7016777631548404,0.009034644351337391,0.01648853940803891,12550.0,15450.0
842,PF02518,PF07679,54,0,193.1960190972412,15.905086130231068,77.29753990459022,10.030573222194048,186.84189492033835,63.66128339025547,26.052863003717928,19.078484146135715,0.5318581608997188,0.7572361550019384,0.008293475426347958,0.028647160619203572,12850.0,18050.0
843,PF02518,PF07679,60,0,188.21400670459906,15.363168430956382,73.20522290713328,11.696673037721345,186.84189492033835,63.66128339025547,26.052863003717928,19.078484146135715,0.4622534626431193,0.6858430068824262,0.007759458224918595,0.02442681478967298,11425.0,17750.0
844,PF02518,PF07679,66,0,201.16385526983618,14.93770876036557,74.08238040470252,11.984874970372301,186.84189492033835,63.66128339025547,26.052863003717928,19.078484146135715,0.6421773593185438,0.7048931754227284,0.010374262821275636,0.022125718753586387,15275.0,17075.0
845,PF02518,PF07679,72,0,198.3554204655809,14.578473017646676,70.11399482009556,10.94467471929876,186.84189492033835,63.66128339025547,26.052863003717928,19.078484146135715,0.5762596142544273,0.5351051835109915,0.009319375525563578,0.011365554272635105,13125.0,15675.0
846,PF02518,PF07679,78,0,211.27134929226014,15.842235882802505,70.09327305198582,14.069300247254612,186.84189492033835,63.66128339025547,26.052863003717928,19.078484146135715,0.964846029490232,0.6809725109139587,0.022555834764704623,0.017385238904590875,15050.0,16725.0
847,PF02518,PF07679,84,0,199.7922696320019,14.555422132643947,75.06153728962109,10.193449824030287,186.84189492033835,63.66128339025547,26.052863003717928,19.078484146135715,0.6113659282707906,0.6733433362755818,0.01154079955949483,0.01702910202106319,13300.0,16100.0
848,PF02518,PF07679,90,0,214.60816348180782,14.708829137256945,73.49491411927318,8.819753889304717,186.84189492033835,63.66128339025547,26.052863003717928,19.078484146135715,1.0683803746197922,0.5605420101945033,0.03380615309353989,0.016413361084328264,17675.0,17775.0
