PF1,PF2,Overlap,Reading_Frame,Mean_E1,Std_E1,Mean_E2,Std_E2,Nat_Mean1,Nat_Mean2,Nat_Std1,Nat_Std2,Dist_1,Dist_2,Min_Dist_1,Min_Dist_2,Iter_Converged_1,Iter_Converged_2
PF00041,PF00096,12,0,132.47827212079883,12.014345861056098,17.825725860901574,3.7640304195310432,120.65601144257766,16.436232766230635,17.636853203436154,5.230388282054999,0.7877180811197256,0.6141888189424083,0.016365995803319988,0.009483655200872219,9125.0,11237.5
PF00041,PF00096,13,1,134.93781754820392,11.326342692813617,18.535833905055895,3.906466782853492,120.65601144257766,16.436232766230635,17.636853203436154,5.230388282054999,0.8840385685809921,0.6634086035022148,0.01982533638071961,0.011327175020243462,9262.5,34862.5
PF00041,PF00096,14,2,130.05167069534215,11.302964568735831,16.756029638480275,3.1139152429511476,120.65601144257766,16.436232766230635,17.636853203436154,5.230388282054999,0.6861572025497648,0.4688202734534763,0.012972629409207001,0.008858293416013328,9112.5,10750.0
PF00041,PF00096,18,0,136.91161475842543,10.580510244405364,30.311928634726236,3.8529508301736546,120.65601144257766,16.436232766230635,17.636853203436154,5.230388282054999,0.9478543646653028,2.652899769621672,0.02674886773790903,0.9768465573396647,10525.0,180212.5
PF00041,PF00096,19,1,142.9248307536012,10.03964083796641,16.93691276292056,4.178891457340032,120.65601144257766,16.436232766230635,17.636853203436154,5.230388282054999,1.2719301111007513,0.6263251834019585,0.10392037154023753,0.02019007551892673,13087.5,49787.5
PF00041,PF00096,20,2,132.70161153945523,11.953970523583804,29.334286258993917,4.172689888813574,120.65601144257766,16.436232766230635,17.636853203436154,5.230388282054999,0.8167617223681135,2.465983937944982,0.016542607990794437,0.66629309483222,9575.0,93112.5
PF00041,PF00096,24,0,130.79391629069633,10.242496490705282,14.090082438950544,3.590423861417262,120.65601144257766,16.436232766230635,17.636853203436154,5.230388282054999,0.6732236019454868,0.6869879093502346,0.013528384472758264,0.01281683504667794,8662.5,10950.0
PF00041,PF00096,25,1,147.72830217715372,9.721442848659866,16.9632952930157,3.9846277556992633,120.65601144257766,16.436232766230635,17.636853203436154,5.230388282054999,1.5359280534788855,0.6206486881543642,0.3092376110124684,0.009634275936836058,26587.5,12925.0
PF00041,PF00096,26,2,132.85979603144168,10.757513063145868,16.50373181744063,3.872838010262638,120.65601144257766,16.436232766230635,17.636853203436154,5.230388282054999,0.7747590300724019,0.5942043447008905,0.015360012097062597,0.00979435769426232,9800.0,10575.0
PF00041,PF00096,30,0,137.9734999040094,9.43194598963341,16.023930750474698,3.9914737157416136,120.65601144257766,16.436232766230635,17.636853203436154,5.230388282054999,0.9916674509022659,0.6155614679445798,0.040189660731920186,0.01097039968655456,10637.5,15537.5
PF00041,PF00096,31,1,144.5847401592932,10.293851933260123,16.36416838140251,3.5037689200570497,120.65601144257766,16.436232766230635,17.636853203436154,5.230388282054999,1.36263620328994,0.5244018211776778,0.15219061200544848,0.009798203446365669,18062.5,28400.0
PF00041,PF00096,32,2,125.10936502718927,13.12027673813518,15.959091905872974,4.0113833997572765,120.65601144257766,16.436232766230635,17.636853203436154,5.230388282054999,0.6410004791838391,0.6225197165222142,0.011607038173582078,0.00995430428606882,8937.5,12587.5
PF00041,PF00096,36,0,136.03124058575702,9.573015206547625,15.27422840290099,3.9544318704366455,120.65601144257766,16.436232766230635,17.636853203436154,5.230388282054999,0.8945130847673357,0.65013787276476,0.030236703002566614,0.009650158375583086,11012.5,11537.5
PF00041,PF00096,37,1,148.5830461217125,8.308326381484632,18.30572073608883,3.9151088753953482,120.65601144257766,16.436232766230635,17.636853203436154,5.230388282054999,1.583447702206529,0.6621898327339033,0.3730047119648067,0.011474496040144251,20762.5,28075.0
PF00041,PF00096,38,2,130.59429993016684,10.056839352753746,15.90457372180239,3.696382058478181,120.65601144257766,16.436232766230635,17.636853203436154,5.230388282054999,0.6877293095375637,0.5646982974623547,0.0137953554223736,0.01061537082193988,8437.5,10325.0
PF00041,PF00096,42,0,135.56440125332938,9.495680803538713,13.389116787980461,4.132966154035969,120.65601144257766,16.436232766230635,17.636853203436154,5.230388282054999,0.8785804087455634,0.8209513477519889,0.02549213568111716,0.014785132189893848,10650.0,11262.5
PF00041,PF00096,43,1,139.00561383629537,11.991050519475442,26.181665870129127,7.903998808203139,120.65601144257766,16.436232766230635,17.636853203436154,5.230388282054999,1.06698423488608,1.8764252836633344,0.029388831319002575,0.7551000247011019,11250.0,135675.0
PF00041,PF00096,44,2,121.98478388696874,13.214252301226443,15.337015672164108,3.822016416646749,120.65601144257766,16.436232766230635,17.636853203436154,5.230388282054999,0.6095099297979815,0.6136492818096155,0.009266037073227462,0.010388607032027304,8462.5,12712.5
PF00041,PF00096,48,0,139.67243386921197,9.697757196173825,16.467997910826664,4.020584124779826,120.65601144257766,16.436232766230635,17.636853203436154,5.230388282054999,1.09118305538701,0.6005102703560165,0.07032777116298723,0.00926550544433276,11350.0,11687.5
PF00041,PF00096,49,1,144.24507492161203,10.811353052976093,21.105729522533448,3.7659053127140365,120.65601144257766,16.436232766230635,17.636853203436154,5.230388282054999,1.3564906032569082,0.9630566110795901,0.1632125100438743,0.022093825084227536,17375.0,26300.0
PF00041,PF00096,50,2,140.08935797417834,9.017149385383096,19.176132591386505,3.5220215999043782,120.65601144257766,16.436232766230635,17.636853203436154,5.230388282054999,1.1152509713792578,0.6638367839686924,0.05384052811600555,0.012817474900873482,12625.0,11787.5
PF00041,PF00096,54,0,138.61544232412203,10.222531494321828,22.352257811985083,6.84868030380306,120.65601144257766,16.436232766230635,17.636853203436154,5.230388282054999,1.0320824773813435,1.2256363733531344,0.03217095039430706,0.38063383153347446,10462.5,89525.0
PF00041,PF00096,55,1,154.39640922638824,10.357296809080717,20.08503640374137,3.67131975877202,120.65601144257766,16.436232766230635,17.636853203436154,5.230388282054999,1.9130622336436411,0.7915045321587015,0.2705711458785565,0.05632879743866145,40400.0,68100.0
PF00041,PF00096,56,2,138.41678175341724,10.145043603262986,29.17254187680138,3.8454551461296647,120.65601144257766,16.436232766230635,17.636853203436154,5.230388282054999,1.0285361612364505,2.435059965675568,0.045680794539730875,0.700193326849497,12262.5,109162.5
PF00041,PF00096,60,0,139.94502591110322,9.410818594974533,19.74640035981524,3.0485800760669286,120.65601144257766,16.436232766230635,17.636853203436154,5.230388282054999,1.1043050930586944,0.6945868615739201,0.05546830886680743,0.011768241578957315,11687.5,11262.5
PF00041,PF00096,61,1,151.74899398902696,9.455252280563409,19.5119094858931,3.631286105192941,120.65601144257766,16.436232766230635,17.636853203436154,5.230388282054999,1.7629552272052424,0.7320709236872885,0.39320031088392776,0.01135545078892094,39737.5,34487.5
PF00041,PF00096,62,2,141.77859371294625,10.037469355552657,17.689964893611872,4.054997781278488,120.65601144257766,16.436232766230635,17.636853203436154,5.230388282054999,1.212651730247719,0.6471812930150374,0.06623905911968594,0.008702080043592728,13875.0,9562.5
PF00004,PF00096,12,0,155.43007100551313,14.460649140255738,18.101475134744867,4.383992857775349,145.87937104727615,16.436232766230635,38.247866096571364,5.230388282054999,0.35553859375743085,0.6850927364521715,0.009657238966381775,0.010694353756941626,25550.0,20375.0
PF00004,PF00096,13,1,160.93364402145065,20.366216946693243,27.55071180680756,8.572070848498853,145.87937104727615,16.436232766230635,38.247866096571364,5.230388282054999,0.5146723259982767,2.1974309959714047,0.01797422349931067,1.1013026060845739,32987.5,172750.0
PF00004,PF00096,14,2,179.79819993374332,22.560198906595378,18.459348395200426,3.5568284441310674,145.87937104727615,16.436232766230635,38.247866096571364,5.230388282054999,0.9249539798279777,0.6168993344384841,0.16909726446592688,0.00921904507860291,34987.5,15612.5
PF00004,PF00096,18,0,183.0161884622264,25.635188198370987,33.16328125823732,3.946782264691477,145.87937104727615,16.436232766230635,38.247866096571364,5.230388282054999,1.017248812445083,3.198051003095834,0.27953486503190844,1.1433411777840792,53650.0,204687.5
PF00004,PF00096,19,1,193.57216198714806,21.62561423993075,17.9122381998549,3.897634201663159,145.87937104727615,16.436232766230635,38.247866096571364,5.230388282054999,1.2589037358080077,0.6387644067646058,0.46783984656987443,0.010721747714404803,57550.0,22825.0
PF00004,PF00096,20,2,165.53435473593993,26.275048029541182,28.68383006137783,4.261689880297969,145.87937104727615,16.436232766230635,38.247866096571364,5.230388282054999,0.6477588313542862,2.3416229607976953,0.1549941409833192,0.741958555415756,57275.0,114250.0
PF00004,PF00096,24,0,161.86438649141326,22.0640738805233,15.615085409542509,3.7689975044978024,145.87937104727615,16.436232766230635,38.247866096571364,5.230388282054999,0.5278890526812471,0.606031967392672,0.05602654665886195,0.009802619434948362,42650.0,16500.0
PF00004,PF00096,25,1,168.71812577776888,19.76692874151917,18.192034787996263,4.193745425420531,145.87937104727615,16.436232766230635,38.247866096571364,5.230388282054999,0.6352188049560022,0.6208276624036901,0.040322858647699855,0.05264676457581172,45562.5,51775.0
PF00004,PF00096,26,2,166.5322414795642,20.462290539855804,18.510425301266338,4.236996041809604,145.87937104727615,16.436232766230635,38.247866096571364,5.230388282054999,0.579471520070164,0.7230794466911942,0.06002320885178387,0.012854868267056929,56375.0,32500.0
PF00004,PF00096,30,0,163.18385829312626,27.97446958233689,19.155670964971073,4.138166027224152,145.87937104727615,16.436232766230635,38.247866096571364,5.230388282054999,0.6016563573874353,0.7770942951892909,0.13367360579749232,0.018346722451630826,63675.0,15512.5
PF00004,PF00096,31,1,183.97704742102266,26.753458873317495,15.01879052167855,3.7737344449794508,145.87937104727615,16.436232766230635,38.247866096571364,5.230388282054999,1.0357352779180886,0.6294408471350948,0.35958831924093004,0.011853264180788343,75287.5,16537.5
PF00004,PF00096,32,2,180.19086867250837,26.6261429132144,16.403215148403724,3.611782516657257,145.87937104727615,16.436232766230635,38.247866096571364,5.230388282054999,0.9647752538280201,0.5691009372139462,0.27537077331497345,0.00869473117201101,49225.0,16287.5
PF00004,PF00096,36,0,174.02021713254572,23.855609274358343,21.636878610568964,6.8750386402021855,145.87937104727615,16.436232766230635,38.247866096571364,5.230388282054999,0.7778307698308943,1.249100073998803,0.04932818037435968,0.21275371820640904,46512.5,57875.0
PF00004,PF00096,37,1,170.58398273215798,24.78728244762058,34.90846919515003,8.162829495891598,145.87937104727615,16.436232766230635,38.247866096571364,5.230388282054999,0.7262026535610093,3.5534703874466143,0.1030990335176136,1.8684837692362948,68137.5,209212.5
PF00004,PF00096,38,2,166.93269981511804,18.663968794594037,23.17123736031752,7.720402050184721,145.87937104727615,16.436232766230635,38.247866096571364,5.230388282054999,0.5934118191227582,1.424385648103391,0.01818104190251356,0.366184436879442,35987.5,110625.0
PF00004,PF00096,42,0,172.82101999094274,29.775318879911367,21.048684009936323,3.8335324404580082,145.87937104727615,16.436232766230635,38.247866096571364,5.230388282054999,0.8387318956648372,0.9611303156173853,0.2425847861687637,0.020180693354250615,61600.0,16925.0
PF00004,PF00096,43,1,180.6088196840944,21.138383750452913,20.276848863883668,3.298535199158483,145.87937104727615,16.436232766230635,38.247866096571364,5.230388282054999,0.925395351095212,0.7855352996167493,0.10482968756796457,0.013350412478855147,51587.5,20000.0
PF00004,PF00096,44,2,150.82757974194917,14.540698317060597,16.389732958709352,3.3651695386408553,145.87937104727615,16.436232766230635,38.247866096571364,5.230388282054999,0.30998873055007964,0.4834480582974053,0.005643773862477208,0.008717729322214384,20837.5,14350.0
PF00004,PF00096,48,0,187.7614031252988,24.42304033772337,15.331048184413655,5.168214863501932,145.87937104727615,16.436232766230635,38.247866096571364,5.230388282054999,1.1131382757944033,0.7478771751773502,0.23442697042922397,0.0304016889331527,54525.0,29012.5
PF00004,PF00096,49,1,170.99062378426532,29.149619415740666,25.838741125318315,7.894746379841246,145.87937104727615,16.436232766230635,38.247866096571364,5.230388282054999,0.7660810018800184,1.8345333132562172,0.11984319078101374,0.7311356502070319,58050.0,130025.0
PF00004,PF00096,50,2,179.7629128013549,29.230707383072172,22.15640952987227,3.777160496387238,145.87937104727615,16.436232766230635,38.247866096571364,5.230388282054999,0.9846636873923242,1.1109816625225606,0.3017524570965087,0.10966238023074502,67662.5,71587.5
PF00004,PF00096,54,0,168.62698480937667,19.773346280533463,21.90150048396664,4.842157527607727,145.87937104727615,16.436232766230635,38.247866096571364,5.230388282054999,0.6302291218367005,1.0601929012977294,0.03551027208449789,0.21222611275914652,41587.5,47262.5
PF00004,PF00096,55,1,191.1544480245537,22.8158756646449,25.413887528797297,5.871133157963067,145.87937104727615,16.436232766230635,38.247866096571364,5.230388282054999,1.1891678461389064,1.7349571541667128,0.19412166590436597,0.3779923421531045,66700.0,75775.0
PF00004,PF00096,56,2,193.40406008572788,19.10224392542473,31.11670454545504,3.7475958978648523,145.87937104727615,16.436232766230635,38.247866096571364,5.230388282054999,1.250550446216659,2.806765193626601,0.418118532719072,1.1490212934170538,46237.5,213825.0
PF00004,PF00096,60,0,211.40593110633367,24.308325120180026,17.366374619182658,4.211789321977041,145.87937104727615,16.436232766230635,38.247866096571364,5.230388282054999,1.7272321517609925,0.6739614380400079,0.8035356692258914,0.011906064587007537,168237.5,16350.0
PF00004,PF00096,61,1,188.61167831689522,22.19715246875951,30.56077308850614,9.650667889320982,145.87937104727615,16.436232766230635,38.247866096571364,5.230388282054999,1.1269661451380717,2.745403951378737,0.26836096968410494,1.5226342686768215,81825.0,188875.0
PF00004,PF00096,62,2,177.07887408959814,20.43474804544222,20.823221013810926,3.886071761955248,145.87937104727615,16.436232766230635,38.247866096571364,5.230388282054999,0.8309742724665867,0.8987193617422995,0.07909952955718015,0.013601115339942961,58387.5,40712.5
PF00004,PF00397,12,0,150.16153185006928,15.502585605349656,33.67724887108315,6.2952009323541915,145.87937104727615,34.45049111539599,38.247866096571364,7.292449697522858,0.30632144827148344,0.7187051434327002,0.009021549962979323,0.01478445690003266,24600.0,21050.0
PF00004,PF00397,13,1,159.4266451125549,15.93168830193532,35.880300996412466,6.5415069720195005,145.87937104727615,34.45049111539599,38.247866096571364,7.292449697522858,0.4267112045154441,0.7398878576166951,0.028804049472365173,0.013614107093886628,36400.0,22100.0
PF00004,PF00397,14,2,173.6456502337994,19.961243592232666,31.57317874722641,5.387942885673491,145.87937104727615,34.45049111539599,38.247866096571364,7.292449697522858,0.7710941870286238,0.7008228826677769,0.08433193863206849,0.01271032088005548,27675.0,18887.5
PF00004,PF00397,18,0,154.72004449746584,17.623060533124036,35.24506132623773,6.254721276145082,145.87937104727615,34.45049111539599,38.247866096571364,7.292449697522858,0.41046190122831194,0.7035430708958732,0.010190929249216172,0.012244775848744576,27325.0,20087.5
PF00004,PF00397,19,1,197.6321253376109,22.000043059180594,37.244637024490046,5.617837904228257,145.87937104727615,34.45049111539599,38.247866096571364,7.292449697522858,1.3586496794609906,0.6896663405823863,0.5534179933508123,0.013531723407402356,95787.5,19250.0
PF00004,PF00397,20,2,165.3820137623399,24.838329048343976,35.606264852134174,6.009636181608379,145.87937104727615,34.45049111539599,38.247866096571364,7.292449697522858,0.6384540546842707,0.6544007313363437,0.054605191061308476,0.01264074399608452,55200.0,19050.0
PF00004,PF00397,24,0,165.81050548757347,23.775508137081506,41.63558260655218,6.345216012565183,145.87937104727615,34.45049111539599,38.247866096571364,7.292449697522858,0.6329463680079237,1.0746133702901002,0.07455887947441711,0.041636098455471345,36125.0,28737.5
PF00004,PF00397,25,1,164.73703358519495,17.41306179849906,45.00003921105793,5.7123006639817016,145.87937104727615,34.45049111539599,38.247866096571364,7.292449697522858,0.5197747368843121,1.4597931906836996,0.01832323639330794,0.12216536803386845,41037.5,42712.5
PF00004,PF00397,26,2,158.09776200089303,17.227201163939885,43.523228954462155,5.681724938224903,145.87937104727615,34.45049111539599,38.247866096571364,7.292449697522858,0.4320013756687493,1.2592951429382413,0.014562385978808821,0.08378692206574959,39312.5,38475.0
PF00004,PF00397,30,0,192.70148456974138,25.88336027608961,36.97625709727144,5.4975231887719795,145.87937104727615,34.45049111539599,38.247866096571364,7.292449697522858,1.242841108699769,0.652197823390496,0.40945358389537034,0.017881613423866335,71562.5,24287.5
PF00004,PF00397,31,1,193.29672880246147,23.612231931000878,38.92518253086651,5.851038449413323,145.87937104727615,34.45049111539599,38.247866096571364,7.292449697522858,1.2496631990683145,0.8003589198032968,0.34622739611645387,0.02105505186081727,64762.5,28812.5
PF00004,PF00397,32,2,176.13454105585453,24.217598418303965,40.105349148275565,5.948962163403295,145.87937104727615,34.45049111539599,38.247866096571364,7.292449697522858,0.8499000577703143,0.9183649035166499,0.15684771316187698,0.022045159175549774,38575.0,23612.5
PF00004,PF00397,36,0,188.41805484991244,23.47060760259655,39.799686626596255,5.346044066838462,145.87937104727615,34.45049111539599,38.247866096571364,7.292449697522858,1.135399853027677,0.8531429122536801,0.2625063709903912,0.0335816733073762,53562.5,23437.5
PF00004,PF00397,37,1,183.35210233484847,26.730284609387255,41.04525872540162,5.655760168706993,145.87937104727615,34.45049111539599,38.247866096571364,7.292449697522858,1.016139303394506,0.9778094600307131,0.21613521250933274,0.07075068232069329,80062.5,36775.0
PF00004,PF00397,38,2,162.52726214328425,19.41742083231226,45.69955421125944,5.261402582141968,145.87937104727615,34.45049111539599,38.247866096571364,7.292449697522858,0.5315664911882323,1.5437862463678416,0.01615062067151595,0.23225947741773365,33100.0,59537.5
PF00004,PF00397,42,0,159.15707161307472,17.96322423312012,44.915954480873715,5.587215835606016,145.87937104727615,34.45049111539599,38.247866096571364,7.292449697522858,0.44793754542921166,1.4512197422149296,0.012583838528620949,0.18037315460129025,40212.5,40050.0
PF00004,PF00397,43,1,164.69077996458662,21.95407282614677,41.86301946628773,5.37233586157287,145.87937104727615,34.45049111539599,38.247866096571364,7.292449697522858,0.5657574623907482,1.0580135653235296,0.10503541971530313,0.054280536779104514,65650.0,27875.0
PF00004,PF00397,44,2,185.65305327403465,21.406022412856174,35.335625810957744,6.572519766523027,145.87937104727615,34.45049111539599,38.247866096571364,7.292449697522858,1.0607892069980709,0.7312583265416893,0.21207945485734667,0.012677579055109885,33675.0,20900.0
PF00004,PF00397,48,0,173.4068286651639,26.966991832155784,48.26936799023511,5.6275797423434915,145.87937104727615,34.45049111539599,38.247866096571364,7.292449697522858,0.8258854185293785,1.8949567632304964,0.19792053603804732,0.32911271838103157,57025.0,65550.0
PF00004,PF00397,49,1,175.18471078264224,20.722473016240844,46.44621537556466,5.437167353410012,145.87937104727615,34.45049111539599,38.247866096571364,7.292449697522858,0.822451882648559,1.6538119281317056,0.10881230727571531,0.23681772352693906,40187.5,63200.0
PF00004,PF00397,50,2,157.3237765052393,17.527142280578428,47.136837024113014,4.3509099188858436,145.87937104727615,34.45049111539599,38.247866096571364,7.292449697522858,0.41790867132615434,1.7396549081478598,0.008344757524342135,0.5195239612570305,31362.5,94450.0
PF00004,PF00397,54,0,210.07678790378998,21.08392473343586,48.3031353892946,7.176162446707065,145.87937104727615,34.45049111539599,38.247866096571364,7.292449697522858,1.6808879055382755,1.9052468121650066,0.7471294929129564,0.18246234743898074,154700.0,62625.0
PF00004,PF00397,55,1,213.7438163958738,21.93930112118594,47.198480049401404,5.986870516778882,145.87937104727615,34.45049111539599,38.247866096571364,7.292449697522858,1.7743328523805197,1.7778278906179923,0.8498345928759825,0.31493379904285557,172662.5,74525.0
PF00004,PF00397,56,2,182.5735612526147,20.980431942042607,44.990879075424516,5.180279773834097,145.87937104727615,34.45049111539599,38.247866096571364,7.292449697522858,0.9692430122795288,1.4453837046841675,0.14382067370476354,0.16203743619718178,42525.0,57700.0
PF00004,PF00397,60,0,179.52456257923757,30.091389834119006,40.23989363459007,5.872781931124942,145.87937104727615,34.45049111539599,38.247866096571364,7.292449697522858,0.8880860013332588,0.8964002815031354,0.2979785249781706,0.026652904789018113,126425.0,29387.5
PF00004,PF00397,61,1,197.05203519456228,25.744838514258465,48.666153327205954,5.730790085444959,145.87937104727615,34.45049111539599,38.247866096571364,7.292449697522858,1.3379220691183442,1.9493671950371936,0.46082298818010203,0.5466714829742227,115912.5,118550.0
PF00004,PF00397,62,2,192.34108826844073,18.72815585330932,39.74651859224163,6.100240398002487,145.87937104727615,34.45049111539599,38.247866096571364,7.292449697522858,1.2168463954411117,0.9140548167178628,0.2485593997321166,0.02215381190336683,47112.5,20950.0
PF00004,PF00397,66,0,201.44790412418232,26.84911313869673,46.61954370608091,6.032682132310618,145.87937104727615,34.45049111539599,38.247866096571364,7.292449697522858,1.4581699050919865,1.6821570716213108,0.5464385011279547,0.151696335843595,140537.5,49300.0
PF00004,PF00397,67,1,202.6801253156542,26.32935080996511,57.51091484053618,6.708578883537311,145.87937104727615,34.45049111539599,38.247866096571364,7.292449697522858,1.49278123501994,3.162232813614537,0.4574484140353974,1.3229732048471206,98950.0,218162.5
PF00004,PF00397,68,2,191.68403715781943,20.906379143506022,43.73945265716488,4.973700076691045,145.87937104727615,34.45049111539599,38.247866096571364,7.292449697522858,1.2011693225941016,1.307506659247239,0.2609319248506381,0.1478843538639698,52962.5,53225.0
PF00004,PF00397,72,0,197.07227783379528,32.063654463456785,49.24711833261446,6.015710223167262,145.87937104727615,34.45049111539599,38.247866096571364,7.292449697522858,1.4168556754103483,2.0326668195293296,0.4451686595056667,0.4971392949032813,122875.0,111512.5
PF00004,PF00397,73,1,216.3942396320691,14.492488403627275,56.25548728670317,5.67824465504896,145.87937104727615,34.45049111539599,38.247866096571364,7.292449697522858,1.8436288290371852,2.990078379109566,1.0355918810510776,1.1050020666182656,211075.0,202562.5
PF00004,PF00397,74,2,195.41910250927216,23.939281176776166,43.65361416874216,5.88533536814476,145.87937104727615,34.45049111539599,38.247866096571364,7.292449697522858,1.3060205630706747,1.2782994196325497,0.5468258233183186,0.12068411666924607,116700.0,38225.0
PF00004,PF00397,78,0,154.74217586579707,16.350818945278174,46.86936804853842,4.703605661410465,145.87937104727615,34.45049111539599,38.247866096571364,7.292449697522858,0.379353332674947,1.7058378782951618,0.00814830842323209,0.3906420543203579,25312.5,58862.5
PF00041,PF00076,12,0,135.36814457179614,9.99523775683169,79.75274182210649,11.296861664369079,120.65601144257766,80.84820765078511,17.636853203436154,17.495265548880706,0.8788892095129686,0.5134168577820376,0.023631801918488834,0.010332121938954384,11900.0,12437.5
PF00041,PF00076,13,1,131.74565959606937,11.444376766918907,75.56759132470268,11.039706199830698,120.65601144257766,80.84820765078511,17.636853203436154,17.495265548880706,0.7812424830847504,0.5745226060324496,0.015433272833522573,0.008489013373377282,11525.0,11062.5
PF00041,PF00076,14,2,130.49131827134772,10.261629496452771,70.92465984276329,12.668917072294306,120.65601144257766,80.84820765078511,17.636853203436154,17.495265548880706,0.669481229269541,0.7881017709039118,0.013505528739723245,0.017724380735864506,10800.0,11975.0
PF00041,PF00076,18,0,135.62919453729498,9.736734304233726,81.95754023032495,10.562855271630076,120.65601144257766,80.84820765078511,17.636853203436154,17.495265548880706,0.8849995050843836,0.49278576039509203,0.02492595547761161,0.00791945704700276,11625.0,11600.0
PF00041,PF00076,19,1,137.09000309157244,10.44342589022911,81.29295580368591,11.002350844121274,120.65601144257766,80.84820765078511,17.636853203436154,17.495265548880706,0.9657533019224787,0.5104150338717098,0.035421149016464246,0.00882667238163208,13350.0,11600.0
PF00041,PF00076,20,2,137.2097288981518,11.429196451485565,77.1114232151989,10.961216606899862,120.65601144257766,80.84820765078511,17.636853203436154,17.495265548880706,0.9886511833524722,0.5571266283929678,0.029323146224227114,0.010438014331587149,12962.5,11000.0
PF00041,PF00076,24,0,136.6108500755559,9.471490708910641,82.51505432926096,10.432836278201114,120.65601144257766,80.84820765078511,17.636853203436154,17.495265548880706,0.9288023515216411,0.47621518091924303,0.021813447034737796,0.009829307754812782,11787.5,11412.5
PF00041,PF00076,25,1,135.72941445465923,9.745817559929122,79.6080757754696,10.64548208739199,120.65601144257766,80.84820765078511,17.636853203436154,17.495265548880706,0.9007582800800882,0.48879217590492,0.025974566110204163,0.008055788866268598,12487.5,11225.0
PF00041,PF00076,26,2,134.13272847702612,10.285782122173362,81.53837453402244,12.005514064098271,120.65601144257766,80.84820765078511,17.636853203436154,17.495265548880706,0.8062497585063519,0.5506359350188313,0.0184099635913188,0.010377441824086666,11612.5,10950.0
PF00041,PF00076,30,0,131.50895149030595,11.857857985368469,80.66288342485366,13.359214198966864,120.65601144257766,80.84820765078511,17.636853203436154,17.495265548880706,0.7699938507624375,0.6317677607240572,0.015045851104281645,0.01173739513663183,11337.5,14962.5
PF00041,PF00076,31,1,132.40438304223227,10.49661869235261,89.68115725107003,11.477654703059267,120.65601144257766,80.84820765078511,17.636853203436154,17.495265548880706,0.7545758761029717,0.6689212329696792,0.016534269627370077,0.014215097255079913,10912.5,17450.0
PF00041,PF00076,32,2,128.8742215025422,13.622093210018498,88.3266503979977,13.203621538946456,120.65601144257766,80.84820765078511,17.636853203436154,17.495265548880706,0.7519184389205867,0.7137271729474199,0.013022182464863948,0.015329071041283528,10512.5,14775.0
PF00041,PF00076,36,0,136.01833009820467,11.281280534007701,82.1050194126338,11.73181583756888,120.65601144257766,80.84820765078511,17.636853203436154,17.495265548880706,0.9606345901667013,0.5580051584324459,0.0228380682035304,0.008545486564271796,12725.0,12687.5
PF00041,PF00076,37,1,133.56857969395617,11.613940125137283,76.98738487905034,12.566438014823854,120.65601144257766,80.84820765078511,17.636853203436154,17.495265548880706,0.8144868089752711,0.6171378155849585,0.02091870017577305,0.010884414751577054,13162.5,11400.0
PF00041,PF00076,38,2,132.51008107760157,11.51053189011951,79.34713607728277,11.398014782647339,120.65601144257766,80.84820765078511,17.636853203436154,17.495265548880706,0.8020240467914225,0.5170645473205324,0.01736737040545011,0.00960273376420022,10587.5,11162.5
PF00041,PF00076,42,0,137.79898470566778,9.013586398316372,83.80689672243027,12.488791117733873,120.65601144257766,80.84820765078511,17.636853203436154,17.495265548880706,0.9841277507527971,0.6184837234221292,0.04563524365163314,0.014623073802824436,15700.0,13912.5
PF00041,PF00076,43,1,131.88333148072763,12.283665197383705,87.44726958863814,10.550030797342284,120.65601144257766,80.84820765078511,17.636853203436154,17.495265548880706,0.7772856392914229,0.5618937152889404,0.017208187398880536,0.009539373685988548,12525.0,13250.0
PF00041,PF00076,44,2,134.12799864857615,9.678473617968281,83.41459068365015,11.035360627006282,120.65601144257766,80.84820765078511,17.636853203436154,17.495265548880706,0.8062159090650046,0.5020829943567008,0.019777479269951402,0.007384597078786198,10800.0,12175.0
PF00041,PF00076,48,0,136.5636988093409,9.428007934947106,83.2516969742101,10.9676719564808,120.65601144257766,80.84820765078511,17.636853203436154,17.495265548880706,0.9153524999984438,0.5151861836208842,0.03907531557703147,0.009652533950492972,12550.0,12175.0
PF00041,PF00076,49,1,130.363616626455,13.122693858843576,80.89181375733504,11.49110001578042,120.65601144257766,80.84820765078511,17.636853203436154,17.495265548880706,0.7631639533979828,0.5290939396034802,0.015421876370901397,0.008692105520649456,11537.5,11587.5
PF00041,PF00076,50,2,141.2837767379584,9.493160053486719,81.02153055068828,11.85372557481155,120.65601144257766,80.84820765078511,17.636853203436154,17.495265548880706,1.1721450038913594,0.5431899734948936,0.08672532479761508,0.008323093456648152,16550.0,11800.0
PF00041,PF00076,54,0,133.1316188841984,10.880405150367205,82.06191071115514,10.793911241923624,120.65601144257766,80.84820765078511,17.636853203436154,17.495265548880706,0.784718409455466,0.49794885248860354,0.020172674582287716,0.007844079320329303,10750.0,10637.5
PF00041,PF00076,55,1,132.74768401746897,11.010840999102463,86.21242208798736,10.933268062990535,120.65601144257766,80.84820765078511,17.636853203436154,17.495265548880706,0.7608108407754256,0.540246004505524,0.01991543499347384,0.008876462405229258,14062.5,11900.0
PF00041,PF00076,56,2,137.34272233710396,10.583699476593164,82.7273916355831,10.92723620642881,120.65601144257766,80.84820765078511,17.636853203436154,17.495265548880706,0.9635014459933551,0.4932753689350622,0.02808701341948158,0.008739227410224322,13037.5,12262.5
PF00041,PF00076,60,0,138.46462534516928,10.132231407474514,83.00060289551502,10.415773652182283,120.65601144257766,80.84820765078511,17.636853203436154,17.495265548880706,1.0345488040160922,0.4856714462322707,0.04040465057074545,0.008115796884938702,13050.0,11112.5
PF00041,PF00076,61,1,135.5946331899321,10.976495051368287,90.35766782790651,9.123189262526791,120.65601144257766,80.84820765078511,17.636853203436154,17.495265548880706,0.9083138724442421,0.6278431477390812,0.026932574603136805,0.012024208500853284,14400.0,12850.0
PF00041,PF00076,62,2,140.23148055071067,9.828622089043275,79.20044487350698,11.125903988828796,120.65601144257766,80.84820765078511,17.636853203436154,17.495265548880706,1.1162347959928725,0.5155337722770407,0.04819290077215939,0.00827825074133497,15137.5,12050.0
PF00041,PF00076,66,0,147.88712305427464,10.794970471034189,96.14193370079705,13.9058533657501,120.65601144257766,80.84820765078511,17.636853203436154,17.495265548880706,1.5460856614471523,1.023592160241406,0.17333851483541152,0.04281620823445685,25950.0,19700.0
PF00041,PF00076,67,1,148.60293481350433,9.291905222545877,74.19580252540594,13.231759328656677,120.65601144257766,80.84820765078511,17.636853203436154,17.495265548880706,1.5845753802317648,0.707116144073708,0.2722155285264444,0.008839209226249369,26237.5,10400.0
PF00041,PF00076,68,2,137.30790573528967,9.4159093197671,80.62521670034816,9.447239664367766,120.65601144257766,80.84820765078511,17.636853203436154,17.495265548880706,0.9601084282355566,0.4457661534080624,0.034584250830007005,0.008072943039372407,15525.0,12687.5
PF00041,PF00076,72,0,148.15530471760377,12.622251744608873,96.90361025236433,11.068287928937337,120.65601144257766,80.84820765078511,17.636853203436154,17.495265548880706,1.587239703423997,0.9577036146700127,0.17405131244092742,0.03668205695680865,29287.5,17987.5
PF00041,PF00076,73,1,152.79375069543946,8.912743709567295,82.63404826679736,11.619601031346303,120.65601144257766,80.84820765078511,17.636853203436154,17.495265548880706,1.8221923651663916,0.5554612183543106,0.6554855765328077,0.010480843588247057,86562.5,12875.0
PF00041,PF00076,74,2,142.65842361652108,9.815323998340904,92.4219997361795,12.260244745636102,120.65601144257766,80.84820765078511,17.636853203436154,17.495265548880706,1.2545929976309529,0.8105108426319275,0.0877851323928019,0.027603576619814246,21175.0,18462.5
PF00041,PF00076,78,0,139.69979698069713,10.012586801028867,87.27088508077556,11.54084004484322,120.65601144257766,80.84820765078511,17.636853203436154,17.495265548880706,1.092186769377034,0.6074858198144732,0.03758803299064175,0.013288914534417553,14587.5,13937.5
PF00041,PF00076,79,1,153.83312810683776,9.363751999925222,97.36408482440258,10.341816218189775,120.65601144257766,80.84820765078511,17.636853203436154,17.495265548880706,1.8811245000211416,0.9803067018809358,0.532812035480857,0.0470301227487694,61025.0,18762.5
PF00041,PF00076,80,2,144.07116037426306,10.52913358727477,88.1437915336869,11.161080304482855,120.65601144257766,80.84820765078511,17.636853203436154,17.495265548880706,1.3303279812348727,0.614275217083976,0.1077205967788332,0.012346027597613026,18075.0,13487.5
PF00041,PF00076,84,0,141.77063570647778,10.028015670062171,90.84772067912388,9.140263539317985,120.65601144257766,80.84820765078511,17.636853203436154,17.495265548880706,1.2118826799444595,0.6319157564046998,0.07760994725056221,0.01240368416053389,16475.0,11950.0
PF00041,PF00076,85,1,147.23145516101047,9.879630222950865,94.24849109487954,10.40683773447938,120.65601144257766,80.84820765078511,17.636853203436154,17.495265548880706,1.5184713257008429,0.8133377376538266,0.2103125331283396,0.02578662455489316,25800.0,16025.0
PF00041,PF00076,86,2,142.74833963083273,9.353232524233464,90.77790431192588,11.594098192398619,120.65601144257766,80.84820765078511,17.636853203436154,17.495265548880706,1.2600068879987674,0.7070331328135644,0.09729383745106929,0.013827868594844119,21950.0,15437.5
PF00041,PF00397,12,0,133.45715746495262,10.265592207833473,33.65752305442675,6.4201155824772504,120.65601144257766,34.45049111539599,17.636853203436154,7.292449697522858,0.7859071910392066,0.7414395466236389,0.01817645763617813,0.01434469325585039,10250.0,15950.0
PF00041,PF00397,13,1,133.06311459077853,10.762239795830858,33.48437833237581,6.032636444319952,120.65601144257766,34.45049111539599,17.636853203436154,7.292449697522858,0.8061585377897429,0.6764235555909451,0.017857161686654358,0.01238033050580154,9675.0,17225.0
PF00041,PF00397,14,2,130.89523440400467,11.713243733450813,35.53724490501949,6.951302704544978,120.65601144257766,34.45049111539599,17.636853203436154,7.292449697522858,0.7237220281615623,0.7575065691168206,0.012986801503620495,0.013245310676478116,9500.0,17400.0
PF00041,PF00397,18,0,136.73063696327011,9.686515061925324,35.63171793390152,5.182878398762469,120.65601144257766,34.45049111539599,17.636853203436154,7.292449697522858,0.938596450905623,0.5613914772332628,0.03323547927655483,0.011754713423131584,11375.0,16387.5
PF00041,PF00397,19,1,139.23524802617877,10.469704952105783,36.00152717170027,5.754504008176192,120.65601144257766,34.45049111539599,17.636853203436154,7.292449697522858,1.0727289010840317,0.6653810400464075,0.05719507688220928,0.010570582593704074,12687.5,15600.0
PF00041,PF00397,20,2,132.55733637117163,12.45107879257481,33.47301880052573,6.559910039586212,120.65601144257766,34.45049111539599,17.636853203436154,7.292449697522858,0.8483735903730522,0.7723173504573546,0.017188435932759902,0.012428191767978708,10325.0,15287.5
PF00041,PF00397,24,0,136.92418143651287,9.494663248551669,37.58949455448542,6.035567990085316,120.65601144257766,34.45049111539599,17.636853203436154,7.292449697522858,0.9425500055172674,0.7475599515200102,0.026734893222334296,0.014627108765440431,9787.5,16762.5
PF00041,PF00397,25,1,139.02615830204704,10.26068495584189,39.72587290053043,4.853901226941708,120.65601144257766,34.45049111539599,17.636853203436154,7.292449697522858,1.0564916736461685,0.8102783913558068,0.04088916933754562,0.02109028841623817,11137.5,20212.5
PF00041,PF00397,26,2,133.98733891327413,8.873999412565553,39.322976748587514,5.299263927563609,120.65601144257766,34.45049111539599,17.636853203436154,7.292449697522858,0.7802312060443941,0.7867859852717843,0.015936558064237792,0.0183982010692711,10087.5,20175.0
PF00041,PF00397,30,0,136.70311159066918,10.750741589688761,38.655120726786,6.648204702235184,120.65601144257766,34.45049111539599,17.636853203436154,7.292449697522858,0.9611435223753676,0.8421764450728463,0.030616970480645992,0.01592652800194803,11062.5,22475.0
PF00041,PF00397,31,1,143.95838138520404,9.905688611073865,35.60984130753928,5.732648080680794,120.65601144257766,34.45049111539599,17.636853203436154,7.292449697522858,1.3237478101104452,0.6306074484041535,0.11203379738739933,0.01283238551637658,15637.5,21262.5
PF00041,PF00397,32,2,128.67172795170168,14.459553707837665,36.05399324669039,6.065590834426022,120.65601144257766,34.45049111539599,17.636853203436154,7.292449697522858,0.7813287565083229,0.6811244060099989,0.012119482817111511,0.011735282810407652,10875.0,15287.5
PF00041,PF00397,36,0,137.5496303467762,10.287712600983529,40.131123852397124,4.772374023110189,120.65601144257766,34.45049111539599,17.636853203436154,7.292449697522858,0.9846480809979521,0.8229291852326692,0.03414875591101816,0.018939590865308865,10575.0,19312.5
PF00041,PF00397,37,1,139.86779599333846,10.021306340615668,33.183956652454974,5.7843478769910615,120.65601144257766,34.45049111539599,17.636853203436154,7.292449697522858,1.0995695826663456,0.6615600206492656,0.047752925826092626,0.011467024419218905,13262.5,11325.0
PF00041,PF00397,38,2,138.80102789798045,9.044769995556226,43.38989111272808,4.624247173887744,120.65601144257766,34.45049111539599,17.636853203436154,7.292449697522858,1.0444031643149196,1.2267939401622459,0.036189948536536704,0.10008533669035792,10650.0,37137.5
PF00041,PF00397,42,0,144.5039416506712,10.27679523525003,39.80797006326141,5.902849826623722,120.65601144257766,34.45049111539599,17.636853203436154,7.292449697522858,1.3561566656830328,0.8818171516932715,0.14539133375606622,0.020038141025052195,15837.5,22762.5
PF00041,PF00397,43,1,147.58682202028373,10.270016284829092,39.47063848426657,5.491663713720426,120.65601144257766,34.45049111539599,17.636853203436154,7.292449697522858,1.5269623365952372,0.8088083825677913,0.2332169501084727,0.015811129841464648,26362.5,18750.0
PF00041,PF00397,44,2,135.465377048331,10.239445990229335,37.2828539203769,6.372731013622656,120.65601144257766,34.45049111539599,17.636853203436154,7.292449697522858,0.8877467684256031,0.7679164309646935,0.02541432423770147,0.01179038250149695,10887.5,19475.0
PF00041,PF00397,48,0,132.39389255448543,13.938251424853531,46.53626513780985,5.359245497993154,120.65601144257766,34.45049111539599,17.636853203436154,7.292449697522858,0.86491415234235,1.6605545265032766,0.019925492124983027,0.13372584996674422,12175.0,46687.5
PF00041,PF00397,49,1,148.57076355441893,9.06846576089102,41.75390368890752,5.433732263496771,120.65601144257766,34.45049111539599,17.636853203436154,7.292449697522858,1.582751287310295,1.0641527258318149,0.22968322359114815,0.03591641568602933,23350.0,25787.5
PF00041,PF00397,50,2,143.60832867836217,10.115775786398888,41.922214768964785,6.546489532063772,120.65601144257766,34.45049111539599,17.636853203436154,7.292449697522858,1.3100449431304841,1.0875620308481195,0.11386055076423213,0.059366377990631186,16875.0,39575.0
PF00041,PF00397,54,0,144.17581350900656,9.762659767314972,46.88809764505075,7.280685302488169,120.65601144257766,34.45049111539599,17.636853203436154,7.292449697522858,1.338933298176335,1.7153204351222309,0.18543099355930373,0.4818300254929186,18862.5,114387.5
PF00041,PF00397,55,1,148.55909174537135,9.22211853699136,44.2967516553347,6.423831905702606,120.65601144257766,34.45049111539599,17.636853203436154,7.292449697522858,1.5822393564691621,1.3630695823238375,0.3162370329480335,0.21220867579393907,31875.0,70700.0
PF00041,PF00397,56,2,142.2851653899885,10.474233082140758,44.7425461779562,5.456089322202201,120.65601144257766,34.45049111539599,17.636853203436154,7.292449697522858,1.2388618347060747,1.4232000237174314,0.08226911718285618,0.16249606654740856,16212.5,48612.5
PF00041,PF00397,60,0,147.68103243958325,8.382234660559078,42.36411892245647,5.417856402661864,120.65601144257766,34.45049111539599,17.636853203436154,7.292449697522858,1.5341985406482879,1.1187099390789996,0.2763714374666761,0.0358236173026213,26262.5,24462.5
PF00041,PF00397,61,1,153.29936008767407,9.138888655261008,37.23324289214062,6.763720120498778,120.65601144257766,34.45049111539599,17.636853203436154,7.292449697522858,1.8508601431652534,0.8270690578164703,0.5910535215907169,0.017477266260214085,62275.0,20975.0
PF00041,PF00397,62,2,139.7368869918854,10.210814448704696,40.055829899123005,5.183578727376017,120.65601144257766,34.45049111539599,17.636853203436154,7.292449697522858,1.0970754106643485,0.8692845225131967,0.05256010052537698,0.018640301071401865,14612.5,23275.0
PF00041,PF00397,66,0,135.2279112103232,9.835514700113068,42.411860271140355,5.1761434299339015,120.65601144257766,34.45049111539599,17.636853203436154,7.292449697522858,0.8514332147189654,1.1390067225876317,0.025493192879784417,0.03793086985880206,10512.5,25050.0
PF00041,PF00397,67,1,143.80912246379444,9.385839458602586,41.028542595076544,5.170466938849288,120.65601144257766,34.45049111539599,17.636853203436154,7.292449697522858,1.3136628336419116,0.985509349121225,0.2295231249524024,0.08354445854085549,19275.0,30987.5
PF00041,PF00397,68,2,135.6906519848105,9.759747150129781,39.98243482983127,4.929868809376426,120.65601144257766,34.45049111539599,17.636853203436154,7.292449697522858,0.8801716272428359,0.8229727958661113,0.025422466291116524,0.022137636323837508,11925.0,23575.0
PF00041,PF00397,72,0,150.86610670201358,9.660883085635007,46.700964002378505,5.13392967250839,120.65601144257766,34.45049111539599,17.636853203436154,7.292449697522858,1.7128959974305484,1.685555029072937,0.3368576577625605,0.11764282613323968,36362.5,37287.5
PF00041,PF00397,73,1,154.36636185591573,9.674006048917054,46.73898592056967,5.268462315911623,120.65601144257766,34.45049111539599,17.636853203436154,7.292449697522858,1.911358564053271,1.685098329762618,0.3870951415870282,0.3855375890018381,48875.0,85187.5
PF00041,PF00397,74,2,144.63642514824886,9.410539756644209,42.544473661077355,5.565923542055016,120.65601144257766,34.45049111539599,17.636853203436154,7.292449697522858,1.361452950124319,1.1316778466333297,0.15943322244597768,0.046396453484876955,19425.0,28737.5
PF00041,PF00397,78,0,148.3513810795045,9.490156022033087,40.335465273189214,4.887024947511255,120.65601144257766,34.45049111539599,17.636853203436154,7.292449697522858,1.5703124201051366,0.8516688104140775,0.28743506593895496,0.016074269810181716,24912.5,19975.0
PF00041,PF00153,12,0,132.4308373306415,11.0580149515623,90.63992962495709,14.7622991663922,120.65601144257766,92.55486889551554,17.636853203436154,25.61876806220977,0.7759093737452487,0.4747192872653234,0.016507824631368108,0.013257329227743236,11600.0,20262.5
PF00041,PF00153,13,1,132.94032408656236,10.120760152234572,94.01209070134232,12.752778736381224,120.65601144257766,92.55486889551554,17.636853203436154,25.61876806220977,0.7703918450987862,0.40405689688932817,0.01658238282441834,0.013006395260893245,11912.5,21712.5
PF00041,PF00153,14,2,131.6034420633527,10.945756186658052,94.6329238248569,12.201879159211403,120.65601144257766,92.55486889551554,17.636853203436154,25.61876806220977,0.7257401389223037,0.37130252407540604,0.015646397723961005,0.012107415269256403,11712.5,20762.5
PF00041,PF00153,18,0,133.70594782568648,10.435465518326223,92.6234562695129,14.505095133246474,120.65601144257766,92.55486889551554,17.636853203436154,25.61876806220977,0.7935952676660472,0.4577992115366456,0.019487204868091246,0.01976750541955348,12087.5,20625.0
PF00041,PF00153,19,1,136.66507824111102,10.277356063966927,93.61343981453585,13.81910827976294,120.65601144257766,92.55486889551554,17.636853203436154,25.61876806220977,0.9396574650455719,0.42637691208054845,0.02521917463839496,0.014177310761819393,13175.0,22537.5
PF00041,PF00153,20,2,132.64421570708924,11.158462969758721,91.68003810996555,12.827837712002294,120.65601144257766,92.55486889551554,17.636853203436154,25.61876806220977,0.7930307570820239,0.41055502504490204,0.020503930683336717,0.010267287076661255,12662.5,18737.5
PF00041,PF00153,24,0,131.59333084226154,11.92750034318479,94.46544984459652,13.074693746784737,120.65601144257766,92.55486889551554,17.636853203436154,25.61876806220977,0.7750073215279383,0.42083074148938193,0.015126862305858002,0.011383102614876777,12037.5,18987.5
PF00041,PF00153,25,1,134.68839867171977,11.63327537577626,94.70497518349312,13.881275487919744,120.65601144257766,92.55486889551554,17.636853203436154,25.61876806220977,0.8886703856020829,0.4341282357564632,0.02470229341791068,0.012362756699424483,12487.5,20200.0
PF00041,PF00153,26,2,132.29759494047693,10.54737031175576,96.41343515775011,13.799307706687685,120.65601144257766,92.55486889551554,17.636853203436154,25.61876806220977,0.7404697299941359,0.4380682136999049,0.01893771469333911,0.012963454745929246,12475.0,21037.5
PF00041,PF00153,30,0,131.57428809185717,9.557927369936907,95.88496511116541,11.627988310974628,120.65601144257766,92.55486889551554,17.636853203436154,25.61876806220977,0.684863245008717,0.3763657277034973,0.016561269967569507,0.01183489778715189,11700.0,19662.5
PF00041,PF00153,31,1,136.11732068699774,10.358333829112244,89.83269204015771,13.876832472048742,120.65601144257766,92.55486889551554,17.636853203436154,25.61876806220977,0.9305532665982613,0.44683108781736697,0.027612242945106016,0.012840912240922845,12912.5,18487.5
PF00041,PF00153,32,2,126.03088602167023,14.51198658133801,95.5849872633411,13.104409342489543,120.65601144257766,92.55486889551554,17.636853203436154,25.61876806220977,0.724269259525346,0.41671264813296544,0.013103174608219121,0.01717243827197603,11700.0,23337.5
PF00041,PF00153,36,0,132.6212269819615,11.080585577012503,95.6375134449035,12.49038360359226,120.65601144257766,92.55486889551554,17.636853203436154,25.61876806220977,0.7885512603196987,0.3960792040582841,0.01833071765496486,0.013339556260817715,13475.0,19412.5
PF00041,PF00153,37,1,138.12841339917054,10.190212121792852,97.88754597580144,11.201132195307268,120.65601144257766,92.55486889551554,17.636853203436154,25.61876806220977,1.0031495502855103,0.38152504565435774,0.03367161741494993,0.009299536441515202,13200.0,19962.5
PF00041,PF00153,38,2,127.41482268367348,12.7178379244999,98.42498385041237,12.370057024604929,120.65601144257766,92.55486889551554,17.636853203436154,25.61876806220977,0.6680535545532729,0.42369157334787333,0.013653646970838174,0.010294551082123054,11500.0,19687.5
PF00041,PF00153,42,0,139.886497119037,8.816358479802156,100.10952673032392,13.706260783487258,120.65601144257766,92.55486889551554,17.636853203436154,25.61876806220977,1.0906170455251614,0.48752778540836716,0.05570540303447606,0.022596355880604366,13925.0,23287.5
PF00041,PF00153,43,1,134.69028527452107,14.842734556620396,96.98569521821472,13.803510268515554,120.65601144257766,92.55486889551554,17.636853203436154,25.61876806220977,1.017999102963387,0.4437833330225726,0.03312451107010115,0.012930298955666721,14687.5,20287.5
PF00041,PF00153,44,2,134.78057300786637,11.068527155565155,94.46596906061372,14.636311596313814,120.65601144257766,92.55486889551554,17.636853203436154,25.61876806220977,0.8655014654209227,0.43871034937236414,0.022250428625173728,0.01768034089250406,12512.5,21612.5
PF00041,PF00153,48,0,136.18397142756578,10.154757125832905,100.66376372769788,14.968268269193167,120.65601144257766,92.55486889551554,17.636853203436154,25.61876806220977,0.9122164819667296,0.5417112195401806,0.023483680436218575,0.03606908063258292,13937.5,23887.5
PF00041,PF00153,49,1,139.49141225031428,11.215434475447065,102.90294521943986,15.354439748696485,120.65601144257766,92.55486889551554,17.636853203436154,25.61876806220977,1.1150695988252806,0.5903488626721426,0.045854279240207865,0.07241635694537184,15112.5,34412.5
PF00041,PF00153,50,2,138.72534474300016,9.707942920525246,99.10181895577301,13.623224833662317,120.65601144257766,92.55486889551554,17.636853203436154,25.61876806220977,1.0531613351359908,0.4898024466085877,0.060461964380292416,0.021937706318869214,16150.0,21862.5
PF00041,PF00153,54,0,138.7298152479677,10.168802068209375,100.40369080919093,15.896306698214842,120.65601144257766,92.55486889551554,17.636853203436154,25.61876806220977,1.0434956691431203,0.5713081006962198,0.042258881903589514,0.029590176104125013,13625.0,26975.0
PF00041,PF00153,55,1,140.38633937860774,9.274810970311298,99.77741257273847,11.687272240119619,120.65601144257766,92.55486889551554,17.636853203436154,25.61876806220977,1.1220348342121138,0.4188060143339852,0.07133214560755577,0.012906334166571871,20900.0,21050.0
PF00041,PF00153,56,2,136.88124735153812,9.572872175562544,97.12757048525964,16.327605566520106,120.65601144257766,92.55486889551554,17.636853203436154,25.61876806220977,0.9375412437574656,0.5531778100627782,0.0381300487515724,0.026885016059500933,14825.0,21800.0
PF00041,PF00153,60,0,139.38851189883465,9.693643796147372,97.39223813591565,13.482020986020949,120.65601144257766,92.55486889551554,17.636853203436154,25.61876806220977,1.076232831484017,0.4442872290707157,0.07383022024798609,0.017131885268049568,16037.5,25112.5
PF00041,PF00153,61,1,140.85493724694808,10.118048771913932,112.07295680555333,14.47903799786218,120.65601144257766,92.55486889551554,17.636853203436154,25.61876806220977,1.1532987839968851,0.8079794008964182,0.0763333158720698,0.1320581099918389,16600.0,46375.0
PF00041,PF00153,62,2,138.37092492939482,10.020239029560631,100.65411739328394,12.067860031484498,120.65601144257766,92.55486889551554,17.636853203436154,25.61876806220977,1.0251677033677848,0.4465758950154934,0.04967422745469362,0.019227916054986003,15800.0,21325.0
PF00041,PF00153,66,0,137.2971512191367,11.886363457248137,109.07878795520003,14.220151334394558,120.65601144257766,92.55486889551554,17.636853203436154,25.61876806220977,1.0112850896385897,0.7338695038200618,0.045884421978383154,0.09463393931733126,16950.0,23887.5
PF00041,PF00153,67,1,135.53457272482734,10.141698804948076,112.64817084047768,15.136595033557166,120.65601144257766,92.55486889551554,17.636853203436154,25.61876806220977,0.8813694266985668,0.843352091149348,0.027930390569006053,0.15792395964776412,16975.0,32425.0
PF00041,PF00153,68,2,141.26484337763438,9.342046135505242,99.91302890886577,14.44549294251783,120.65601144257766,92.55486889551554,17.636853203436154,25.61876806220977,1.170877619979405,0.5007407627672211,0.09268812417184909,0.03256141008933069,20712.5,22400.0
PF00041,PF00153,72,0,141.15507036764177,9.904407971341158,99.32496646701098,12.36486617650365,120.65601144257766,92.55486889551554,17.636853203436154,25.61876806220977,1.162680344266682,0.4392072436201749,0.08135152703467569,0.01551961758000026,18412.5,19912.5
PF00041,PF00153,73,1,122.25828495070756,15.167118808230324,113.83952195265712,11.446387536162785,120.65601144257766,92.55486889551554,17.636853203436154,25.61876806220977,0.70627960432764,0.8462643632362002,0.01813911305385457,0.1650535471029631,16825.0,32875.0
PF00041,PF00153,74,2,138.16471301095865,9.25234626435437,95.36066743270494,12.69037194048774,120.65601144257766,92.55486889551554,17.636853203436154,25.61876806220977,1.0008045285641374,0.39612441006548216,0.05874478083110596,0.02248480701442996,16675.0,24675.0
PF00041,PF00153,78,0,139.7981793378053,10.180426730341487,100.35296242212313,16.10789078890077,120.65601144257766,92.55486889551554,17.636853203436154,25.61876806220977,1.1021695723112592,0.5691612567608648,0.0839003581654486,0.04618588503158244,16925.0,23950.0
PF00041,PF00153,79,1,137.49237956313698,10.485343378499607,108.10669304778037,13.388688933762317,120.65601144257766,92.55486889551554,17.636853203436154,25.61876806220977,0.9751410713237781,0.6457783841983606,0.04921346335677408,0.09649017392082092,18450.0,26300.0
PF00041,PF00153,80,2,142.10273621495887,10.109063524689216,108.2340351658599,13.120646933646801,120.65601144257766,92.55486889551554,17.636853203436154,25.61876806220977,1.2228963070174685,0.6802846179184453,0.09921883394611719,0.07985811392014347,21525.0,28012.5
PF00041,PF00153,84,0,141.3844759623034,9.642442507236245,105.5581640733442,11.510434756099002,120.65601144257766,92.55486889551554,17.636853203436154,25.61876806220977,1.1752926829196069,0.5715159417334159,0.09018023749699373,0.07178617337012483,19037.5,20750.0
PF00041,PF00153,85,1,141.0576756616864,11.27249340323392,118.676038551868,11.48765766791076,120.65601144257766,92.55486889551554,17.636853203436154,25.61876806220977,1.1864063520549326,1.0206149573252585,0.06594238594841012,0.2806013916925857,19212.5,36175.0
PF00041,PF00153,86,2,138.3377216913063,11.857039216637519,110.79904752689126,17.820714969750473,120.65601144257766,92.55486889551554,17.636853203436154,25.61876806220977,1.0714696374363748,0.8309867499672042,0.05484358466881863,0.1410165012318435,16775.0,34525.0
PF00004,PF00076,12,0,144.16351011081667,15.586555176213455,81.20800556282043,11.105414323299057,145.87937104727615,80.84820765078511,38.247866096571364,17.495265548880706,0.31918212925325745,0.5008937716387347,0.008090318841540586,0.00899887751318134,21775.0,13375.0
PF00004,PF00076,13,1,167.2089180464995,21.31985822781344,76.84631399598779,12.189746763718844,145.87937104727615,80.84820765078511,38.247866096571364,17.495265548880706,0.6041419994247953,0.5697872863275706,0.09145381887226713,0.01166812355448333,51000.0,12212.5
PF00004,PF00076,14,2,172.50294691200216,21.399244922375566,74.30927830112837,12.206685643366166,145.87937104727615,80.84820765078511,38.247866096571364,17.495265548880706,0.7465550385179281,0.6516638410202593,0.10248370208457612,0.013989705910691472,31725.0,14012.5
PF00004,PF00076,18,0,169.72993745547396,24.283336984558648,84.11896473217537,11.623285103136155,145.87937104727615,80.84820765078511,38.247866096571364,17.495265548880706,0.7017621842116081,0.5485481826628719,0.14972797347199918,0.009694786882748371,45962.5,14512.5
PF00004,PF00076,19,1,164.5093582680959,19.228364881409306,83.7273916909302,10.159371179082086,145.87937104727615,80.84820765078511,38.247866096571364,17.495265548880706,0.5499619870736183,0.4916766267709325,0.037994752543408804,0.008390198314831239,36787.5,13012.5
PF00004,PF00076,20,2,155.6384491585307,16.681634102955886,81.70813958044126,11.541479288119268,145.87937104727615,80.84820765078511,38.247866096571364,17.495265548880706,0.391321044472895,0.5262050730376768,0.015561767116391043,0.00880282729039912,33737.5,14150.0
PF00004,PF00076,24,0,163.90105507799748,24.683671641482327,84.57567215337477,11.262595512501546,145.87937104727615,80.84820765078511,38.247866096571364,17.495265548880706,0.5908111850412635,0.5309513936925047,0.07353411982214944,0.009007839484729595,44237.5,15225.0
PF00004,PF00076,25,1,163.18028886165948,18.74346005098112,87.34504305342976,10.504619553091361,145.87937104727615,80.84820765078511,38.247866096571364,17.495265548880706,0.5152529858721132,0.5816371954372677,0.025480415770062766,0.010785945944375422,38787.5,13687.5
PF00004,PF00076,26,2,154.70930999707286,19.070291839817397,83.5419259794664,10.435361264197223,145.87937104727615,80.84820765078511,38.247866096571364,17.495265548880706,0.4039750293688196,0.4874853303910186,0.009775539584700732,0.008202399348046428,38950.0,13987.5
PF00004,PF00076,30,0,168.92016148627152,24.79262624298168,83.38994784201043,12.832649091799412,145.87937104727615,80.84820765078511,38.247866096571364,17.495265548880706,0.6936892701152695,0.6047722525075894,0.12274287182938483,0.014624903752854228,55962.5,18225.0
PF00004,PF00076,31,1,166.3145411731452,22.608136546253895,96.96945258209735,12.69990310141431,145.87937104727615,80.84820765078511,38.247866096571364,17.495265548880706,0.6358603854688369,0.9974731764461978,0.1246841452557549,0.050481200179141546,41962.5,25725.0
PF00004,PF00076,32,2,174.41290476832992,26.646551792795318,88.34140591254521,10.216574125814134,145.87937104727615,80.84820765078511,38.247866096571364,17.495265548880706,0.8476138788541568,0.5946371376945436,0.21402149662768466,0.010672263914332309,53975.0,16125.0
PF00004,PF00076,36,0,154.03648233094162,18.17960825865652,91.91446173842218,10.315732200054496,145.87937104727615,80.84820765078511,38.247866096571364,17.495265548880706,0.390104909141208,0.7060280980508505,0.01229376728751039,0.0186092910142267,39875.0,15962.5
PF00004,PF00076,37,1,174.13117288965933,24.92683728104227,83.59699967569857,13.509956653018042,145.87937104727615,80.84820765078511,38.247866096571364,17.495265548880706,0.8044266863522427,0.6266469537419103,0.11655259142141743,0.010757704624617781,81775.0,14575.0
PF00004,PF00076,38,2,147.18298380445722,15.397142531892866,75.49154600676708,10.627173108780907,145.87937104727615,80.84820765078511,38.247866096571364,17.495265548880706,0.3165848677786302,0.5658953776214464,0.0053203788494984305,0.010817907455022433,27462.5,14375.0
PF00004,PF00076,42,0,161.0965066164851,23.667526462027293,89.24597020921006,10.121353191864909,145.87937104727615,80.84820765078511,38.247866096571364,17.495265548880706,0.5494968068569639,0.6017023746569626,0.068249636733564,0.011316443363661449,50200.0,14412.5
PF00004,PF00076,43,1,185.4038292620982,23.96454189043399,87.66594232376292,8.305253506826467,145.87937104727615,80.84820765078511,38.247866096571364,17.495265548880706,1.0679598901391985,0.4976225164573363,0.28566130645263305,0.012387605561632249,48787.5,15162.5
PF00004,PF00076,44,2,153.86253618506643,15.492935869657448,79.27551949958573,10.30712974236363,145.87937104727615,80.84820765078511,38.247866096571364,17.495265548880706,0.34548358354966574,0.49201001289824775,0.01551872388885588,0.007125392050008328,30975.0,13312.5
PF00004,PF00076,48,0,192.27141919319902,28.691234837685116,90.29875661860454,11.426346400468308,145.87937104727615,80.84820765078511,38.247866096571364,17.495265548880706,1.2660038482403886,0.7132126647711878,0.5332914190154502,0.015435203041211982,98012.5,16250.0
PF00004,PF00076,49,1,179.68604426032513,23.670850014558475,89.83315569619077,11.715450982982425,145.87937104727615,80.84820765078511,38.247866096571364,17.495265548880706,0.9234031437907304,0.688410398704908,0.23994707854633773,0.018912568284368256,72500.0,16837.5
PF00004,PF00076,50,2,159.69379399424972,21.700234345444787,86.97708995815334,11.160115392925348,145.87937104727615,80.84820765078511,38.247866096571364,17.495265548880706,0.49500630627552183,0.6038525631080947,0.03026914378431733,0.013915436924410529,29637.5,14625.0
PF00004,PF00076,54,0,177.88573130305332,20.32398963791262,88.72296308301313,11.289328269660013,145.87937104727615,80.84820765078511,38.247866096571364,17.495265548880706,0.8601218565507451,0.6150580163746113,0.15242142386565877,0.009904316028496691,41100.0,13837.5
PF00004,PF00076,55,1,169.13342673710576,22.602424694262403,95.77164866909352,10.232221941300892,145.87937104727615,80.84820765078511,38.247866096571364,17.495265548880706,0.6936383133452089,0.8912244015950589,0.06801776252892804,0.02564649828495581,60600.0,17312.5
PF00004,PF00076,56,2,177.53590028280487,19.969861182731695,80.74641390176544,10.122926775597989,145.87937104727615,80.84820765078511,38.247866096571364,17.495265548880706,0.8715561798119665,0.4599324049292359,0.15371735900443517,0.008227607028425636,31325.0,12612.5
PF00004,PF00076,60,0,161.8975389648106,28.12699719632972,91.92046788970612,11.55643581881293,145.87937104727615,80.84820765078511,38.247866096571364,17.495265548880706,0.6389153337154092,0.7232531055378674,0.08584520071657831,0.020480154664250162,68175.0,16650.0
PF00004,PF00076,61,1,183.2019200784219,26.851138683136043,91.97487779396828,11.609570983845419,145.87937104727615,80.84820765078511,38.247866096571364,17.495265548880706,0.9894589066221723,0.7679944619747675,0.18069645993349415,0.01654969776091499,82562.5,15625.0
PF00004,PF00076,62,2,174.08725183253472,23.85275657385609,76.68569174919084,10.159549676363461,145.87937104727615,80.84820765078511,38.247866096571364,17.495265548880706,0.8254218100036931,0.5242670379471788,0.08601959438430637,0.008887464778271468,40712.5,12237.5
PF00004,PF00076,66,0,191.22816005929081,22.692668866819396,95.93226393071633,10.41424424385821,145.87937104727615,80.84820765078511,38.247866096571364,17.495265548880706,1.2022295044325146,0.9282214904197845,0.40001675167590817,0.05000688145334303,62650.0,17937.5
PF00004,PF00076,67,1,192.19520317465162,30.273049769333518,93.48047712665502,10.802636026388086,145.87937104727615,80.84820765078511,38.247866096571364,17.495265548880706,1.21680513318616,0.7918991340041888,0.43601881277999566,0.026488426789938024,128575.0,16237.5
PF00004,PF00076,68,2,183.4062925565053,25.412589005149023,94.28061233930974,10.784160971761146,145.87937104727615,80.84820765078511,38.247866096571364,17.495265548880706,1.015019517549153,0.8547790619342629,0.3025852451759035,0.038315460922804676,73862.5,17625.0
PF00004,PF00076,72,0,218.0851973190539,18.758804035729845,96.9049606742264,10.053084251000545,145.87937104727615,80.84820765078511,38.247866096571364,17.495265548880706,1.8916111123681014,0.9446176111002867,1.006963122282715,0.03723209968922992,204225.0,20950.0
PF00004,PF00076,73,1,212.62670256151807,18.195799640449245,94.04400036463925,10.729875821286619,145.87937104727615,80.84820765078511,38.247866096571364,17.495265548880706,1.7451256325179754,0.8357544613602408,0.8300025696339947,0.028540631038235977,179012.5,15875.0
PF00004,PF00076,74,2,166.28807997071223,22.017513136154392,104.05225617525916,7.970970840816323,145.87937104727615,80.84820765078511,38.247866096571364,17.495265548880706,0.6123014097040128,1.3268956611140794,0.08915990511456906,0.2516356172897137,32050.0,22750.0
PF00004,PF00076,78,0,202.18831734619903,17.0808089850381,85.16031270859632,12.490689085790041,145.87937104727615,80.84820765078511,38.247866096571364,17.495265548880706,1.4739359097217983,0.5736256184858572,0.6816463861086831,0.012261599136801193,106700.0,17562.5
PF00004,PF00076,79,1,153.56233341473057,18.507074444200036,113.23011083557748,7.380156110721354,145.87937104727615,80.84820765078511,38.247866096571364,17.495265548880706,0.40456992639539197,1.8508952090106487,0.016104298752930766,0.7013539002172504,33475.0,85125.0
PF00004,PF00076,80,2,172.57508911220356,18.37055678517547,92.47217318853188,8.945915641555198,145.87937104727615,80.84820765078511,38.247866096571364,17.495265548880706,0.7234814181132228,0.7078758325809935,0.050356647227418214,0.014466287709220127,44787.5,14362.5
PF00004,PF00076,84,0,169.94128920954682,27.96946886286299,99.20182009718883,9.635861434854633,145.87937104727615,80.84820765078511,38.247866096571364,17.495265548880706,0.7445935893794919,1.0642082774574844,0.16694455963457816,0.0849752673918967,76112.5,20787.5
PF00004,PF00076,85,1,192.30066018969708,25.672455512497137,108.19723441402701,9.034087129298937,145.87937104727615,80.84820765078511,38.247866096571364,17.495265548880706,1.2181508720681686,1.5652608043236274,0.5462391339337629,0.3731984828704665,132987.5,44200.0
PF00004,PF00076,86,2,194.5314503657775,17.635626866722735,95.94739633570383,10.378514222208908,145.87937104727615,80.84820765078511,38.247866096571364,17.495265548880706,1.282871626161189,0.9019729356010288,0.4616348579294852,0.05037205413962113,45700.0,20750.0
PF00004,PF00512,12,0,151.31579626236558,16.71391858679274,113.67652315295501,10.513460367761255,145.87937104727615,105.72150320304084,38.247866096571364,17.686172366262216,0.3634883221549211,0.621326005093417,0.015026242726111479,0.010021849222161445,28612.5,9962.5
PF00004,PF00512,13,1,164.07730077336674,20.680139845256008,110.53254683725183,9.879019391212047,145.87937104727615,105.72150320304084,38.247866096571364,17.686172366262216,0.5509127743364295,0.49502352599323074,0.07817766292858655,0.00807220132450505,47375.0,9500.0
PF00004,PF00512,14,2,175.43636632229627,22.632474948101528,104.22709780996652,10.941793792636005,145.87937104727615,105.72150320304084,38.247866096571364,17.686172366262216,0.828928683216105,0.4974396751077843,0.15973949859965775,0.007499327447496565,40662.5,8900.0
PF00004,PF00512,18,0,181.62892274021283,24.766547382770646,108.57852335196586,10.105100739342026,145.87937104727615,105.72150320304084,38.247866096571364,17.686172366262216,0.975153397822266,0.4758130486013261,0.31610997131206303,0.007074037872789169,48500.0,8825.0
PF00004,PF00512,19,1,183.15923545511453,21.662367159018114,111.18428263069538,10.39745192687792,145.87937104727615,105.72150320304084,38.247866096571364,17.686172366262216,0.9936698534738297,0.5409994950948437,0.3012968813434473,0.010391297455955382,43862.5,9950.0
PF00004,PF00512,20,2,158.11736866876743,17.832652790554743,111.08341696128421,8.988609081624073,145.87937104727615,105.72150320304084,38.247866096571364,17.686172366262216,0.4314435347248968,0.47282084160481186,0.02245251246670411,0.0077576055891275105,36887.5,9550.0
PF00004,PF00512,24,0,147.9950113409121,20.26841726852939,113.56102167748621,10.093534033458894,145.87937104727615,105.72150320304084,38.247866096571364,17.686172366262216,0.4040316060311644,0.590782228762773,0.021224924982954772,0.010087815458039238,32675.0,9175.0
PF00004,PF00512,25,1,160.4551673984575,16.82556847898417,118.0335126312788,9.670106913452132,145.87937104727615,105.72150320304084,38.247866096571364,17.686172366262216,0.4686612524212542,0.7518701466045035,0.030323614301341027,0.017174201593396998,48175.0,10887.5
PF00004,PF00512,26,2,149.96215943989813,14.931782339225869,111.93284046173898,8.758735751618412,145.87937104727615,105.72150320304084,38.247866096571364,17.686172366262216,0.3192789960149589,0.4904303118938044,0.005865148850238762,0.008039989675015957,31900.0,9837.5
PF00004,PF00512,30,0,153.0502204539706,16.851088570470292,120.9089220497532,9.550844918455917,145.87937104727615,105.72150320304084,38.247866096571364,17.686172366262216,0.3816830212822262,0.8966091336733936,0.012849050391304137,0.0323590243814099,46775.0,10875.0
PF00004,PF00512,31,1,175.23696713958333,27.47017552799591,108.17639288121798,10.15129803130906,145.87937104727615,105.72150320304084,38.247866096571364,17.686172366262216,0.8755872503959244,0.4633160784831577,0.18707072708939776,0.007594427483843681,58550.0,9362.5
PF00004,PF00512,32,2,166.66248204269104,21.884181900110825,109.44598986778432,11.370388873895532,145.87937104727615,105.72150320304084,38.247866096571364,17.686172366262216,0.6267975606619427,0.5471915617592853,0.06880124658748145,0.00952177936893343,53725.0,9925.0
PF00004,PF00512,36,0,171.112469951479,25.72808754662208,127.14882370167328,10.607758603786692,145.87937104727615,105.72150320304084,38.247866096571364,17.686172366262216,0.7501479341534304,1.2316801171229104,0.09331363541942891,0.08735797521458956,57875.0,15000.0
PF00004,PF00512,37,1,175.8262553700088,27.367997139749516,114.41320116314124,11.821110227708823,145.87937104727615,105.72150320304084,38.247866096571364,17.686172366262216,0.8680706472364883,0.6840249358698628,0.26099409755009056,0.013332208869773923,76325.0,11787.5
PF00004,PF00512,38,2,156.90155435450697,21.848029822465147,114.36823080688033,10.659695338863408,145.87937104727615,105.72150320304084,38.247866096571364,17.686172366262216,0.489584154662594,0.626410482016549,0.027771593683441686,0.010380435940022971,27375.0,9562.5
PF00004,PF00512,42,0,188.53821035769798,24.963251907777558,115.9240333419115,10.714047196987444,145.87937104727615,105.72150320304084,38.247866096571364,17.686172366262216,1.146958882718312,0.6964093880776852,0.4107326364178231,0.014257947005435968,57825.0,10675.0
PF00004,PF00512,43,1,190.25588277464718,24.566210527220242,113.91244881986958,10.212726175467758,145.87937104727615,105.72150320304084,38.247866096571364,17.686172366262216,1.1909755029641562,0.6025046391987849,0.44027404088596955,0.009417499061872772,72050.0,9900.0
PF00004,PF00512,44,2,154.03286724276052,16.09636037648771,104.26219172372876,8.368398810167957,145.87937104727615,105.72150320304084,38.247866096571364,17.686172366262216,0.35240685922953224,0.37103207257557413,0.010537257650053457,0.00703368698561192,30612.5,8850.0
PF00004,PF00512,48,0,167.82032834912425,20.18195593666412,127.17244935744844,9.280996323317083,145.87937104727615,105.72150320304084,38.247866096571364,17.686172366262216,0.6236039997415628,1.2146031633129122,0.03836061479123177,0.10958354530466402,51462.5,14087.5
PF00004,PF00512,49,1,186.1363319718979,24.84688749888619,122.98229500292338,10.06457213662133,145.87937104727615,105.72150320304084,38.247866096571364,17.686172366262216,1.0682100899241567,0.9990425657847439,0.2472986696226884,0.044787824967982795,71225.0,13212.5
PF00004,PF00512,50,2,160.73721480387687,19.908731825594852,114.75123600915843,8.956490101840195,145.87937104727615,105.72150320304084,38.247866096571364,17.686172366262216,0.5097295957552296,0.6038524949198105,0.01689177785345683,0.010794343436810953,28512.5,9987.5
PF00004,PF00512,54,0,186.65633836344182,23.136238696317736,119.77656708885756,9.267515420203626,145.87937104727615,105.72150320304084,38.247866096571364,17.686172366262216,1.0911652870514212,0.8253477711971826,0.3610899134637336,0.0206219503447197,59062.5,10250.0
PF00004,PF00512,55,1,206.86151186491495,19.50517528606694,106.46544837060857,8.297671837947487,145.87937104727615,105.72150320304084,38.247866096571364,17.686172366262216,1.59640080674146,0.373237862350808,0.8489788077304116,0.006272715641375934,172250.0,8762.5
PF00004,PF00512,56,2,174.59104134342954,20.335077348633636,110.52886784042056,10.67564005531291,145.87937104727615,105.72150320304084,38.247866096571364,17.686172366262216,0.7694474223675105,0.5357694434165223,0.0768291570864004,0.008545970240486415,36862.5,8975.0
PF00004,PF00512,60,0,188.78464294161998,30.966824289319757,117.68099141381403,10.882222570819911,145.87937104727615,105.72150320304084,38.247866096571364,17.686172366262216,1.1972499257855374,0.7678834979081673,0.38664252279133293,0.019629118431702883,92325.0,13650.0
PF00004,PF00512,61,1,207.1237516591658,25.445090379976957,116.19025616209494,10.009579023425351,145.87937104727615,105.72150320304084,38.247866096571364,17.686172366262216,1.6096907032898184,0.676303468224732,0.7443334873649724,0.009508835637763263,176837.5,10262.5
PF00004,PF00512,62,2,166.98324702765024,19.86405864855139,119.50747614140825,8.714837410963764,145.87937104727615,105.72150320304084,38.247866096571364,17.686172366262216,0.6197524322517519,0.8083250932453372,0.05339065459896984,0.02278662500008932,40262.5,10100.0
PF00004,PF00512,66,0,163.60029807750848,27.60638193777638,115.70398763402446,10.474339992975258,145.87937104727615,105.72150320304084,38.247866096571364,17.686172366262216,0.6587015158445461,0.6707480298165936,0.08816149258567632,0.014641011647661873,55525.0,9625.0
PF00004,PF00512,67,1,192.4598207442822,22.063932983338415,115.90552741297437,10.352440182300674,145.87937104727615,105.72150320304084,38.247866096571364,17.686172366262216,1.2240841068102086,0.6845655468070916,0.35097866146003165,0.012263698181573525,104975.0,10525.0
PF00004,PF00512,68,2,156.94565730307067,13.488495004897056,104.69252701995167,10.000752003133204,145.87937104727615,105.72150320304084,38.247866096571364,17.686172366262216,0.370235062110567,0.4599771652667694,0.008297577176479599,0.007065417202673825,27975.0,8950.0
PF00004,PF00512,72,0,184.89823044388794,25.03103848891457,129.21841729491166,9.658174619543638,145.87937104727615,105.72150320304084,38.247866096571364,17.686172366262216,1.078458281137938,1.345293185952877,0.22765231205227748,0.13014894149463968,53800.0,17825.0
PF00004,PF00512,73,1,180.16483558314448,23.864972646757494,118.53697645700011,9.22885430947355,145.87937104727615,105.72150320304084,38.247866096571364,17.686172366262216,0.9404690198504676,0.7650010793965722,0.28429003210310005,0.019551411282352115,52525.0,9612.5
PF00004,PF00512,74,2,166.31071457916087,21.63624728320139,109.01756810387703,9.868209354770444,145.87937104727615,105.72150320304084,38.247866096571364,17.686172366262216,0.6064332075409833,0.4623668345975264,0.07880078316339845,0.007477596085761798,39875.0,8987.5
PF00004,PF00512,78,0,179.13476714731868,26.196973391009994,133.00697865687772,9.01103545011743,145.87937104727615,105.72150320304084,38.247866096571364,17.686172366262216,0.9117490605447057,1.5427575220224634,0.1736249136037911,0.24773288346515915,66575.0,23175.0
PF00004,PF00512,79,1,187.63779815191214,27.667650701330707,125.26681169369894,8.829885496692695,145.87937104727615,105.72150320304084,38.247866096571364,17.686172366262216,1.113665957560455,1.1104020405829338,0.37249040936429706,0.06688232119979005,94462.5,12475.0
PF00004,PF00512,80,2,163.31414143075312,17.4398255489588,105.53615158457848,8.619604782441128,145.87937104727615,105.72150320304084,38.247866096571364,17.686172366262216,0.5176105163446906,0.39410802545510515,0.0173047592188744,0.0062043729797977695,26525.0,8362.5
PF00004,PF00512,84,0,170.3781235125286,21.40916186111466,132.2655782209661,8.814977338330571,145.87937104727615,105.72150320304084,38.247866096571364,17.686172366262216,0.6883102601087834,1.5008377430811535,0.07346646232544915,0.21396108281546927,38125.0,21462.5
PF00004,PF00512,85,1,195.08915851275435,17.476054411009986,120.06640208727549,9.602264019147853,145.87937104727615,105.72150320304084,38.247866096571364,17.686172366262216,1.2866021686341744,0.863153970766866,0.4178855792343552,0.02046915328770179,68300.0,11637.5
PF00004,PF00512,86,2,191.5747197876308,13.430183530199068,107.39834763435954,10.143937510784331,145.87937104727615,105.72150320304084,38.247866096571364,17.686172366262216,1.1951055638991885,0.468662063252809,0.39087568440049864,0.0066823243636063975,29300.0,9137.5
PF00004,PF00595,12,0,149.69711857217706,16.24231168194975,90.07959265516287,9.67420117723558,145.87937104727615,87.53057527636871,38.247866096571364,17.88808620089358,0.33278737629166566,0.4458146301250325,0.014441458624096517,0.008588235987770136,29037.5,15800.0
PF00004,PF00595,13,1,159.52163052537637,18.847869125784715,89.80285030255354,9.402897290033666,145.87937104727615,87.53057527636871,38.247866096571364,17.88808620089358,0.46438712152149164,0.4126317217257446,0.04958781761441003,0.0071093852486711915,46050.0,16425.0
PF00004,PF00595,14,2,186.5305023632058,21.478835668125722,87.0044807965917,11.114357438705154,145.87937104727615,87.53057527636871,38.247866096571364,17.88808620089358,1.082120786911769,0.48539199923662507,0.27545258346911156,0.010401630442608558,50225.0,15300.0
PF00004,PF00595,18,0,169.80162676873218,23.67366816224587,85.76758733762517,9.529490756376365,145.87937104727615,87.53057527636871,38.247866096571364,17.88808620089358,0.6990483708425442,0.42377000224395006,0.12728643970769105,0.00838054146953898,70975.0,15975.0
PF00004,PF00595,19,1,181.9887198559196,22.27685776828949,92.01354907722074,10.646582092794175,145.87937104727615,87.53057527636871,38.247866096571364,17.88808620089358,0.9723466267478351,0.5055504107174837,0.2569633311327539,0.008073919105593165,61737.5,16162.5
PF00004,PF00595,20,2,153.5149521329647,17.078824655034804,84.7797475806583,10.586230550515694,145.87937104727615,87.53057527636871,38.247866096571364,17.88808620089358,0.37606037255167096,0.48580806455713343,0.028197630788841285,0.00801611032466722,43687.5,15850.0
PF00004,PF00595,24,0,178.0739798072014,24.152944135023713,93.17311737820964,10.179041167518838,145.87937104727615,87.53057527636871,38.247866096571364,17.88808620089358,0.9156831057597968,0.5165391677024349,0.24712178365088847,0.009236269039310723,44950.0,16687.5
PF00004,PF00595,25,1,162.06937076458337,20.362378261306915,91.11363210063818,9.545491834683249,145.87937104727615,87.53057527636871,38.247866096571364,17.88808620089358,0.5221210259722046,0.42538591597275455,0.04191154740105864,0.008457765165120718,53462.5,17450.0
PF00004,PF00595,26,2,148.5060188769789,15.110975760170158,88.67821524229174,10.495487699499996,145.87937104727615,87.53057527636871,38.247866096571364,17.88808620089358,0.3225542686024715,0.46774433576682073,0.008169829387523813,0.007962040518695484,29212.5,16150.0
PF00004,PF00595,30,0,172.54437611863287,25.905723478005914,91.61084738342119,10.723954513838368,145.87937104727615,87.53057527636871,38.247866096571364,17.88808620089358,0.756536771811565,0.5094810229247231,0.17104018563011514,0.007688559547297056,75175.0,16537.5
PF00004,PF00595,31,1,152.8348456597735,18.549014822633136,90.37062804689874,9.512029651045646,145.87937104727615,87.53057527636871,38.247866096571364,17.88808620089358,0.4120868006395375,0.4528960068853653,0.01913386368484991,0.006978991241226588,49675.0,16725.0
PF00004,PF00595,32,2,169.7577482800997,25.30120759190099,89.36360172102769,10.617034017815906,145.87937104727615,87.53057527636871,38.247866096571364,17.88808620089358,0.7556866210635594,0.47834506421031364,0.12529140736473426,0.008461481977781184,52762.5,17612.5
PF00004,PF00595,36,0,155.19605944561096,17.509384429700248,88.76875654374408,10.504109627149415,145.87937104727615,87.53057527636871,38.247866096571364,17.88808620089358,0.40657722374061683,0.47537371334463024,0.023021597046202453,0.00874752766241298,50737.5,16187.5
PF00004,PF00595,37,1,161.64062334103892,18.42827633806305,104.84111758035208,10.909808619009917,145.87937104727615,87.53057527636871,38.247866096571364,17.88808620089358,0.48333384872720037,0.9826581999384143,0.029758576622787004,0.05039971585847778,56087.5,24975.0
PF00004,PF00595,38,2,156.62220444642404,21.323139479891896,89.63787126385405,9.854200483366583,145.87937104727615,87.53057527636871,38.247866096571364,17.88808620089358,0.4893548620834796,0.43057275504879994,0.013947701759391036,0.007905564620354187,32662.5,16312.5
PF00004,PF00595,42,0,164.35165375539265,26.748412328649316,87.18517265790265,9.924650421959555,145.87937104727615,87.53057527636871,38.247866096571364,17.88808620089358,0.6674666781555092,0.43156797541543485,0.09184020637433839,0.0072746406586094515,55612.5,16350.0
PF00004,PF00595,43,1,166.2762447338059,21.71676672127625,98.02921025530937,10.208724094163315,145.87937104727615,87.53057527636871,38.247866096571364,17.88808620089358,0.6108981318803582,0.6654992606422959,0.08655164021650263,0.013237475051333743,59500.0,17912.5
PF00004,PF00595,44,2,177.85561351421254,23.632152601015896,89.63509264036875,11.113264913184857,145.87937104727615,87.53057527636871,38.247866096571364,17.88808620089358,0.8990166216465261,0.4874152048408758,0.2528712414378521,0.008557347913817905,32750.0,14575.0
PF00004,PF00595,48,0,161.83251004163967,16.851864185043343,89.07916947160683,10.904675540592018,145.87937104727615,87.53057527636871,38.247866096571364,17.88808620089358,0.4883388513731972,0.49138999531838584,0.02792783948680393,0.010178545531516621,43012.5,22837.5
PF00004,PF00595,49,1,167.55291975642285,19.77983688242353,108.39227873149021,11.068986071507114,145.87937104727615,87.53057527636871,38.247866096571364,17.88808620089358,0.6624403685194116,1.1833630217036253,0.054737806667786465,0.0932452347678808,38262.5,30062.5
PF00004,PF00595,50,2,156.75859685912877,17.564624447883638,95.21196899933747,11.783536490438841,145.87937104727615,87.53057527636871,38.247866096571364,17.88808620089358,0.42310104750338257,0.6357895807599282,0.02188392546653014,0.013039038390701472,26275.0,20012.5
PF00004,PF00595,54,0,189.04254490769955,21.734838496994158,93.71599780567652,11.959189796275776,145.87937104727615,87.53057527636871,38.247866096571364,17.88808620089358,1.1437116971271206,0.5976097399360036,0.34133555663325327,0.011476249098298086,44262.5,17537.5
PF00004,PF00595,55,1,189.55665933974072,30.061320497729234,91.60999117573017,10.256390559906068,145.87937104727615,87.53057527636871,38.247866096571364,17.88808620089358,1.1830960589092576,0.4801075580123064,0.5645316706077073,0.00829645590575013,138812.5,16237.5
PF00004,PF00595,56,2,162.10029045032027,20.62424954153513,101.38282283869889,10.321122773562305,145.87937104727615,87.53057527636871,38.247866096571364,17.88808620089358,0.5293273482167588,0.8360095777416379,0.04170774038983629,0.021199994246570757,33525.0,17950.0
PF00004,PF00595,60,0,200.282582315998,20.831540794138462,91.7976118467978,9.611109323347991,145.87937104727615,87.53057527636871,38.247866096571364,17.88808620089358,1.4324922862559846,0.45930007094867503,0.5278623113504067,0.009405786942154002,81112.5,16487.5
PF00004,PF00595,61,1,189.47745050640913,28.047316568466783,104.99024931601505,12.586918430298622,145.87937104727615,87.53057527636871,38.247866096571364,17.88808620089358,1.1562479289956584,1.018779665038435,0.44217353135026444,0.06982083346875564,130562.5,34850.0
PF00004,PF00595,62,2,164.25840683323565,20.04197907835549,86.46842452318248,9.008465072118382,145.87937104727615,87.53057527636871,38.247866096571364,17.88808620089358,0.5642889997777476,0.404796322230068,0.022438329671942876,0.00729159618099887,35175.0,15425.0
PF00004,PF00595,66,0,184.03513716187965,23.862800408610777,101.5805944746922,13.184647170186837,145.87937104727615,87.53057527636871,38.247866096571364,17.88808620089358,1.0109143682240558,0.8866095736549372,0.2610248120740564,0.0484190209979683,88912.5,23375.0
PF00004,PF00595,67,1,185.04508174042223,26.686303647254515,101.37619370313143,11.980413255768049,145.87937104727615,87.53057527636871,38.247866096571364,17.88808620089358,1.0399024552376779,0.8527517225107232,0.3632173126377063,0.052543341866356744,114300.0,19900.0
PF00004,PF00595,68,2,170.1554276491331,20.04880654004212,93.45163142292978,13.314439756129651,145.87937104727615,87.53057527636871,38.247866096571364,17.88808620089358,0.6952448117556912,0.6546902596609157,0.09285693190347295,0.012467601418923207,41962.5,17975.0
PF00004,PF00595,72,0,177.18817480314854,31.658484264532373,108.6396370793313,11.255428633269366,145.87937104727615,87.53057527636871,38.247866096571364,17.88808620089358,0.950696207839443,1.192956586515944,0.2631956313177605,0.0832566677757962,90775.0,25250.0
PF00004,PF00595,73,1,178.0101628058545,21.654507111401465,111.85571368275494,11.246765229278854,145.87937104727615,87.53057527636871,38.247866096571364,17.88808620089358,0.8585071165298379,1.366998339212194,0.1046321729910758,0.2445842772562433,60087.5,49000.0
PF00004,PF00595,74,2,185.7341835024015,17.64666891682859,94.69811297397558,9.305567104619508,145.87937104727615,87.53057527636871,38.247866096571364,17.88808620089358,1.051478805936071,0.525251592226804,0.21743326296842497,0.009930351056987603,28350.0,16737.5
PF00004,PF00595,78,0,175.70373188141167,22.440589696661004,105.63470665022592,14.529391654166112,145.87937104727615,87.53057527636871,38.247866096571364,17.88808620089358,0.8079788499914019,1.1255624629043282,0.11804064297427827,0.05694296030913586,52412.5,21250.0
PF00004,PF00595,79,1,185.67465227015316,19.103889423417964,106.70434276046063,10.211625824141821,145.87937104727615,87.53057527636871,38.247866096571364,17.88808620089358,1.0498114612965495,1.0834857885422893,0.20548646709145807,0.07015963953630948,75262.5,28525.0
PF00004,PF00595,80,2,186.0394924333355,15.550117860615112,95.66975592042131,10.058938389668166,145.87937104727615,87.53057527636871,38.247866096571364,17.88808620089358,1.0499963915544925,0.5800172664470479,0.3292690772681668,0.011988069775362957,36937.5,17650.0
PF00004,PF00595,84,0,179.7655069445868,21.961448940537572,105.89064218148658,12.542490563629595,145.87937104727615,87.53057527636871,38.247866096571364,17.88808620089358,0.9149480535403111,1.096604292708932,0.13648335677317014,0.16017727483669716,46012.5,25812.5
PF00004,PF00595,85,1,181.99285731401156,15.967915382207977,111.78911572869725,8.943760790985413,145.87937104727615,87.53057527636871,38.247866096571364,17.88808620089358,0.9460227402038118,1.356839978850975,0.13818737345423396,0.2725005427471968,47837.5,35825.0
PF00004,PF00595,86,2,186.85784680594736,22.444429341659212,94.16015516216567,10.808046205734152,145.87937104727615,87.53057527636871,38.247866096571364,17.88808620089358,1.0915219524290212,0.5722573323619278,0.3502532887645459,0.009760725650669566,52687.5,15887.5
PF00041,PF00271,12,0,132.34116581612614,9.676268909639871,163.80020351304722,18.280476547539873,120.65601144257766,149.57930952191575,17.636853203436154,27.18196726964319,0.741046558700269,0.6994706851696386,0.01581787605155044,0.020053609218131454,12200.0,20787.5
PF00041,PF00271,13,1,131.98252623267882,11.748606135660301,155.4134386118638,19.417190910366593,120.65601144257766,149.57930952191575,17.636853203436154,27.18196726964319,0.7719371886631783,0.6073718874373679,0.019929357970775382,0.01620715270505863,12100.0,21350.0
PF00041,PF00271,14,2,130.9134855824953,11.708917322970455,161.29691507903712,22.968935110511552,120.65601144257766,149.57930952191575,17.636853203436154,27.18196726964319,0.7199220086796589,0.7775905082000244,0.016307213459152516,0.0687865341240894,11650.0,28625.0
PF00041,PF00271,18,0,134.11615141141564,10.916933153108733,154.64202702635362,21.420320401186636,120.65601144257766,149.57930952191575,17.636853203436154,27.18196726964319,0.8529482260548354,0.6339691560727865,0.021391112166138794,0.02344100448188124,12987.5,24512.5
PF00041,PF00271,19,1,135.15227857427027,11.660594714145548,152.95520860788554,17.11724216470273,120.65601144257766,149.57930952191575,17.636853203436154,27.18196726964319,0.8833551814475831,0.49604065487537186,0.023930247964845056,0.014517799485078307,13775.0,24150.0
PF00041,PF00271,20,2,138.03683253440673,11.039192489319316,157.41247063017028,22.187137163185387,120.65601144257766,149.57930952191575,17.636853203436154,27.18196726964319,1.0339382198298055,0.7141690762660869,0.030925998189504735,0.021615252019000317,14100.0,23537.5
PF00041,PF00271,24,0,134.05975610449946,10.406508380943462,152.58201667667615,19.290144847944177,120.65601144257766,149.57930952191575,17.636853203436154,27.18196726964319,0.8279210616682573,0.5894095762795246,0.02271641012922709,0.016963789367161426,13212.5,17775.0
PF00041,PF00271,25,1,140.11877730058518,10.755580218701065,149.61405069184585,19.936611131252732,120.65601144257766,149.57930952191575,17.636853203436154,27.18196726964319,1.1265748155747213,0.600383714854793,0.06532138172966856,0.020830010747868267,17762.5,20812.5
PF00041,PF00271,26,2,133.78830069911547,10.138663710254473,158.5392131970896,22.158456925688743,120.65601144257766,149.57930952191575,17.636853203436154,27.18196726964319,0.7871133027254169,0.7270480315532967,0.020206037569404308,0.027696652631225466,14037.5,22512.5
PF00041,PF00271,30,0,121.20078741518671,13.26573701075112,147.94576057281307,18.53909901055216,120.65601144257766,149.57930952191575,17.636853203436154,27.18196726964319,0.5942959712822844,0.5709013400449762,0.009309807775462963,0.02028643660460558,10600.0,22412.5
PF00041,PF00271,31,1,141.19790188694176,8.51275686457734,145.99926769160794,21.698791116631444,120.65601144257766,149.57930952191575,17.636853203436154,27.18196726964319,1.171468650310259,0.6829569126552302,0.09971434686733346,0.022214471171425085,18625.0,19462.5
PF00041,PF00271,32,2,132.50766448782736,12.355588946510064,159.77598939216068,20.320801551421418,120.65601144257766,149.57930952191575,17.636853203436154,27.18196726964319,0.8026291106151423,0.6908760966433019,0.018233825028782725,0.046622609683590444,13237.5,24862.5
PF00041,PF00271,36,0,135.73781521591138,9.667369145422457,147.86149712144726,18.894335577419724,120.65601144257766,149.57930952191575,17.636853203436154,27.18196726964319,0.8852390024266554,0.5820406895979582,0.027336633253366265,0.010274947261325778,12262.5,18562.5
PF00041,PF00271,37,1,142.30066091722873,9.587084098647077,153.56914362665563,13.397907079443476,120.65601144257766,149.57930952191575,17.636853203436154,27.18196726964319,1.2335272598122045,0.41925540382598386,0.0938299225818561,0.009413191147340527,18800.0,17362.5
PF00041,PF00271,38,2,135.64056336025038,10.260563742975025,164.18689466744786,18.149123626150473,120.65601144257766,149.57930952191575,17.636853203436154,27.18196726964319,0.8959889669641373,0.713487076855204,0.02799978720087461,0.02784210902229591,14200.0,23412.5
PF00041,PF00271,42,0,137.0616693134516,10.010438205503293,152.09482653277078,22.167468297962763,120.65601144257766,149.57930952191575,17.636853203436154,27.18196726964319,0.9500825458193752,0.6648540416533322,0.045222685043689835,0.024367670217983674,15250.0,19300.0
PF00041,PF00271,43,1,143.81536570865237,8.381445442076494,158.58978844236478,21.455483297060614,120.65601144257766,149.57930952191575,17.636853203436154,27.18196726964319,1.3131228115887819,0.6846665260378318,0.1517275707296589,0.02850871557112275,24162.5,24312.5
PF00041,PF00271,44,2,129.4031838182237,12.701891583168932,161.4534301108767,16.105889190224378,120.65601144257766,149.57930952191575,17.636853203436154,27.18196726964319,0.6937830439472727,0.5876973587101504,0.01338231735535226,0.019682513966479197,13125.0,18400.0
PF00041,PF00271,48,0,134.12255936211213,11.02620761765688,164.85843761391357,24.422248765338658,120.65601144257766,149.57930952191575,17.636853203436154,27.18196726964319,0.8547399071759247,0.8738477505594002,0.02122884118949969,0.06461483857572195,13087.5,27725.0
PF00041,PF00271,49,1,149.17857659425815,8.990227331922608,156.5327514948569,20.759347384282336,120.65601144257766,149.57930952191575,17.636853203436154,27.18196726964319,1.6178759508891898,0.6001951967689345,0.34307702153666797,0.04603575807319563,32612.5,37425.0
PF00041,PF00271,50,2,133.02734095483225,11.914810008234692,157.96943187747667,19.671384321588494,120.65601144257766,149.57930952191575,17.636853203436154,27.18196726964319,0.8358206410620109,0.6381326415606263,0.02832067233753948,0.01868339713624405,15500.0,21662.5
PF00041,PF00271,54,0,141.01110526117398,8.647610229075546,140.06419657582435,19.21181927862947,120.65601144257766,149.57930952191575,17.636853203436154,27.18196726964319,1.1562532972581747,0.6696385595711756,0.08001611406702017,0.015365359257757316,16775.0,22412.5
PF00041,PF00271,55,1,138.40107845351977,10.278651875812928,163.54568736943855,21.33636233091203,120.65601144257766,149.57930952191575,17.636853203436154,27.18196726964319,1.0328433827769439,0.716557233494948,0.03378697659185089,0.040180033861767106,19112.5,43750.0
PF00041,PF00271,56,2,134.84635620225598,10.71104298076932,159.09038406740595,19.815446947481547,120.65601144257766,149.57930952191575,17.636853203436154,27.18196726964319,0.8659216603882498,0.6882606217753682,0.023871091295055612,0.015740440506756843,13912.5,19525.0
PF00041,PF00271,60,0,140.26621492693766,9.55329947449771,161.1083682492605,19.57527117120574,120.65601144257766,149.57930952191575,17.636853203436154,27.18196726964319,1.1187351999531179,0.6274610924650937,0.057245307589824004,0.07352504626864212,16787.5,36625.0
PF00041,PF00271,61,1,138.2588177421941,8.532996297002075,172.2330421945907,15.548703178032275,120.65601144257766,149.57930952191575,17.636853203436154,27.18196726964319,1.004171517790586,0.8585815459995578,0.04195382693226267,0.03174542477650836,14725.0,28762.5
PF00041,PF00271,62,2,136.2170149103709,10.499524146966298,170.40583062501304,14.55348014387955,120.65601144257766,149.57930952191575,17.636853203436154,27.18196726964319,0.9292636570054384,0.8164191929827582,0.03025443576213238,0.031365343430646106,14525.0,24362.5
PF00041,PF00271,66,0,141.98708934588188,9.289955106767524,155.0432540697799,17.817964709777037,120.65601144257766,149.57930952191575,17.636853203436154,27.18196726964319,1.2210688802029768,0.525694222127212,0.048613640729284285,0.018800931404277993,17550.0,21500.0
PF00041,PF00271,67,1,151.58375166199048,10.223452879303416,174.54280370610667,17.4583796224849,120.65601144257766,149.57930952191575,17.636853203436154,27.18196726964319,1.7535860769872047,0.9533325739718802,0.3333187686493877,0.047927704187748874,35787.5,31350.0
PF00041,PF00271,68,2,135.67701207438478,10.683023631597399,161.84195844129914,17.294075533203532,120.65601144257766,149.57930952191575,17.636853203436154,27.18196726964319,0.8926518222651275,0.6181916274266651,0.02845607218603246,0.017413041150686436,12500.0,20362.5
PF00041,PF00271,72,0,135.57379362899334,10.814288480124372,176.1340896456887,14.242775646497584,120.65601144257766,149.57930952191575,17.636853203436154,27.18196726964319,0.8870051603370334,0.9916930569616415,0.024708572085580974,0.09085406075984558,14075.0,23675.0
PF00041,PF00271,73,1,147.9706572677509,8.920492538000081,156.33456209588283,17.55723340503642,120.65601144257766,149.57930952191575,17.636853203436154,27.18196726964319,1.5493511329210727,0.5187243109938959,0.2562071067948785,0.03430001749959137,25425.0,32437.5
PF00041,PF00271,74,2,139.44266808913744,9.030052246489571,167.68393266677768,16.816973866323742,120.65601144257766,149.57930952191575,17.636853203436154,27.18196726964319,1.0694346016590868,0.7729092119559189,0.05082231617666176,0.055882499379349644,16962.5,23175.0
PF00041,PF00271,78,0,147.5802745870061,8.856385997017348,158.90540496508757,18.415632752214933,120.65601144257766,149.57930952191575,17.636853203436154,27.18196726964319,1.526591100683587,0.5991439100421568,0.26166945751005377,0.022460734054853857,25887.5,27012.5
PF00041,PF00271,79,1,156.69247029091846,10.434229541120471,168.03721698753208,24.0853915174704,120.65601144257766,149.57930952191575,17.636853203436154,27.18196726964319,2.0432476492643197,0.8760551565182223,0.5048810190905848,0.13244222318862023,66012.5,59962.5
PF00041,PF00271,80,2,144.0264933252834,10.154657449737707,147.03490061576025,18.839336621863886,120.65601144257766,149.57930952191575,17.636853203436154,27.18196726964319,1.332767162250339,0.5624305340582916,0.133721071717518,0.025468538856158532,19212.5,23500.0
PF00041,PF00271,84,0,152.60897571780765,10.895606491542585,159.82494612419734,18.472005215372356,120.65601144257766,149.57930952191575,17.636853203436154,27.18196726964319,1.8125584618730053,0.5907071835467864,0.4056412297473772,0.027337008987084455,48050.0,28600.0
PF00041,PF00271,85,1,148.2097984240487,9.235971956916432,167.7773733244915,18.578257246358582,120.65601144257766,149.57930952191575,17.636853203436154,27.18196726964319,1.5622847604187575,0.785895397706087,0.3233163877071472,0.0342054683898507,42950.0,23337.5
PF00041,PF00271,86,2,145.39046985885932,9.810485588650987,171.65003386851524,13.469081076644935,120.65601144257766,149.57930952191575,17.636853203436154,27.18196726964319,1.4036940598468226,0.8249251593574272,0.20297591096177625,0.03471334760459365,30137.5,21850.0
PF00004,PF00153,12,0,146.75303493558042,16.501779307593434,94.02322417430143,14.490146811430309,145.87937104727615,92.55486889551554,38.247866096571364,25.61876806220977,0.3263563165494985,0.4525090937759956,0.02073167544708478,0.018272029129765843,29437.5,22162.5
PF00004,PF00153,13,1,154.6454461273389,17.51705322575015,94.20571678397185,13.457953352174599,145.87937104727615,92.55486889551554,38.247866096571364,25.61876806220977,0.3934160664883388,0.42341469548870586,0.027032063597181757,0.01358095573544644,38500.0,25362.5
PF00004,PF00153,14,2,175.34570450701838,22.0183438098804,92.88683864740105,13.217564214215978,145.87937104727615,92.55486889551554,38.247866096571364,25.61876806220977,0.811671497120106,0.4050280787238534,0.10758928791782975,0.016437940332899317,33887.5,23262.5
PF00004,PF00153,18,0,157.79045349868852,20.515999058442578,94.68061242395198,15.797682334241374,145.87937104727615,92.55486889551554,38.247866096571364,25.61876806220977,0.46929652567825514,0.5135106509833159,0.03786282035780061,0.02535480288480203,41675.0,26637.5
PF00004,PF00153,19,1,170.21460508420813,20.82938938541533,97.45212474471387,14.565658334376723,145.87937104727615,92.55486889551554,38.247866096571364,25.61876806220977,0.6761616228488324,0.4813461291158662,0.14295711774361775,0.028735960688620388,42837.5,25137.5
PF00004,PF00153,20,2,153.55635945390276,17.09461035419191,92.13036760474245,14.49833160279646,145.87937104727615,92.55486889551554,38.247866096571364,25.61876806220977,0.3828463914519468,0.44752377239163676,0.03321752022685199,0.012895244411937004,40812.5,21800.0
PF00004,PF00153,24,0,154.50665200364153,19.40834541108293,93.65425500342661,12.790873242278,145.87937104727615,92.55486889551554,38.247866096571364,25.61876806220977,0.41397776489055294,0.40504969965377186,0.04439159431037341,0.012165105910061407,33875.0,24662.5
PF00004,PF00153,25,1,160.97599746303393,17.429357551766547,97.56914199095074,13.727211254271385,145.87937104727615,92.55486889551554,38.247866096571364,25.61876806220977,0.4695831675180882,0.4535852645891185,0.036801765085958976,0.02409514545414403,52575.0,26225.0
PF00004,PF00153,26,2,153.52731854001408,16.72003641559309,98.5925096208713,13.017189685664817,145.87937104727615,92.55486889551554,38.247866096571364,25.61876806220977,0.35420034610716966,0.44787914748194413,0.02251756723499888,0.021126885716678513,42512.5,23225.0
PF00004,PF00153,30,0,170.93728238632667,25.850570844544993,103.88881245778201,12.47851555616275,145.87937104727615,92.55486889551554,38.247866096571364,25.61876806220977,0.7686711188661345,0.5322257515107682,0.182626839037395,0.04640249841578166,48350.0,23975.0
PF00004,PF00153,31,1,161.36751621538005,22.675905572177275,98.12580849892245,13.82912732995838,145.87937104727615,92.55486889551554,38.247866096571364,25.61876806220977,0.5581387246862086,0.4701332646672469,0.08662055524990685,0.026754383698731538,37112.5,21025.0
PF00004,PF00153,32,2,174.8537875568536,23.499960109575362,98.66629413467894,15.014318310970996,145.87937104727615,92.55486889551554,38.247866096571364,25.61876806220977,0.8149300464308382,0.504332235997865,0.13176851325529287,0.030333089973340197,43175.0,27050.0
PF00004,PF00153,36,0,157.40755638648193,22.337442748912682,98.0534562682197,14.453805115327162,145.87937104727615,92.55486889551554,38.247866096571364,25.61876806220977,0.47176539733341166,0.4673955797838646,0.056122439179276624,0.020517555155924568,35175.0,24662.5
PF00004,PF00153,37,1,167.536849705405,20.811018906855125,100.41400196566781,10.62979494390655,145.87937104727615,92.55486889551554,38.247866096571364,25.61876806220977,0.6345329040452294,0.4059821064136911,0.1434491161295443,0.021849690300797652,55937.5,23250.0
PF00004,PF00153,38,2,142.1183030125189,16.083558820682914,98.52547985047627,12.0560990180702,145.87937104727615,92.55486889551554,38.247866096571364,25.61876806220977,0.3466734110607881,0.41816907909766243,0.012022013831972343,0.024333319107602062,32537.5,24125.0
PF00004,PF00153,42,0,185.78695299513194,25.734254806136036,102.36473684067056,14.778811150234352,145.87937104727615,92.55486889551554,38.247866096571364,25.61876806220977,1.0592877499977273,0.5667841385443899,0.3679131491346153,0.04829310726230775,100200.0,30325.0
PF00004,PF00153,43,1,178.87753789242262,23.043931571892383,103.9054707943977,12.0851626132369,145.87937104727615,92.55486889551554,38.247866096571364,25.61876806220977,0.9043392965716397,0.5374996978979156,0.17461664486097966,0.041999496671911454,54387.5,26025.0
PF00004,PF00153,44,2,160.69764424542592,21.47188022572874,97.45561640857886,13.78248914730876,145.87937104727615,92.55486889551554,38.247866096571364,25.61876806220977,0.5204492463808529,0.47764781368415554,0.052139735453246044,0.018828650512805818,39012.5,23512.5
PF00004,PF00153,48,0,174.30988168672422,30.25914912161176,99.84849383135857,16.379156206313272,145.87937104727615,92.55486889551554,38.247866096571364,25.61876806220977,0.8441783314679498,0.5483139622580543,0.27253940543686483,0.03609909170866297,95550.0,31612.5
PF00004,PF00153,49,1,180.05966971344336,26.11786545771411,119.73196943856678,14.511848573906361,145.87937104727615,92.55486889551554,38.247866096571364,25.61876806220977,0.9450561675674771,1.0744936944027517,0.2796964355328222,0.3334721885118044,69150.0,61725.0
PF00004,PF00153,50,2,172.78030923338093,23.66672001987059,104.96640659578506,14.958711909499682,145.87937104727615,92.55486889551554,38.247866096571364,25.61876806220977,0.77511221488414,0.6338450067539015,0.1264677968491871,0.063826652208294,38750.0,33487.5
PF00004,PF00153,54,0,210.7025675243524,22.007791957303173,101.71688717993428,15.05645255357489,145.87937104727615,92.55486889551554,38.247866096571364,25.61876806220977,1.6948186419970535,0.580321485384724,0.9358713301581338,0.034481339910259534,197137.5,29175.0
PF00004,PF00153,55,1,194.26204975032903,24.907418127215617,111.72825755582602,12.819773784229227,145.87937104727615,92.55486889551554,38.247866096571364,25.61876806220977,1.269137985182929,0.7974659297944305,0.4541250827792901,0.16082901433303817,105875.0,30312.5
PF00004,PF00153,56,2,158.71908075998834,24.870352966655567,109.16619533641237,14.154804765905807,145.87937104727615,92.55486889551554,38.247866096571364,25.61876806220977,0.5376792111957556,0.7227045540587663,0.10482660617305081,0.08618185136940991,35787.5,26162.5
PF00004,PF00153,60,0,173.61357160550506,27.61007367074952,107.1669971030778,15.448633148520035,145.87937104727615,92.55486889551554,38.247866096571364,25.61876806220977,0.8100952003055376,0.7116187933079345,0.21846072849251288,0.07825861713859289,93337.5,25937.5
PF00004,PF00153,61,1,182.64203398791028,28.940133248877423,120.47934925490998,18.73772197298983,145.87937104727615,92.55486889551554,38.247866096571364,25.61876806220977,0.9950873594624065,1.1242409061408452,0.3106257105262414,0.3653259222746772,103862.5,73800.0
PF00004,PF00153,62,2,170.48769130518312,27.712818097724018,111.66762665059967,14.69894652921908,145.87937104727615,92.55486889551554,38.247866096571364,25.61876806220977,0.7646884968714822,0.8202672886067094,0.155756000384364,0.12456954993135971,73125.0,29862.5
PF00004,PF00153,66,0,183.01498065253793,30.414563604884275,111.50321210821225,13.57475193676126,145.87937104727615,92.55486889551554,38.247866096571364,25.61876806220977,1.020749577994475,0.7888047946509377,0.3593350881445771,0.14503634165321738,120525.0,29712.5
PF00004,PF00153,67,1,201.71496842569343,29.41542627164965,120.3591761850003,12.93122606396364,145.87937104727615,92.55486889551554,38.247866096571364,25.61876806220977,1.488057161563849,1.0998184492233394,0.842508328693861,0.33485951951116244,187225.0,46700.0
PF00004,PF00153,68,2,196.39559575359195,22.722203830209267,94.74494548243177,13.206796913864682,145.87937104727615,92.55486889551554,38.247866096571364,25.61876806220977,1.3359248664361463,0.4134904031561085,0.514460395851224,0.019444629451658445,100700.0,23775.0
PF00004,PF00153,72,0,182.89829106353164,28.829839780044793,111.18149463289723,14.585862808060378,145.87937104727615,92.55486889551554,38.247866096571364,25.61876806220977,1.050041056546115,0.7849195468043437,0.2597164250559165,0.11886221613109207,77862.5,33462.5
PF00004,PF00153,73,1,182.2063462388637,23.345720942709292,123.80479692882028,13.454281467670627,145.87937104727615,92.55486889551554,38.247866096571364,25.61876806220977,0.9632642629663767,1.2224026017665464,0.25335601216275855,0.47058766221272363,82062.5,67662.5
PF00004,PF00153,74,2,173.9884373928041,23.175934532117022,101.83912008962521,15.651027151880706,145.87937104727615,92.55486889551554,38.247866096571364,25.61876806220977,0.7902984030136433,0.5923069963512819,0.19126043542486376,0.07878243924167021,45612.5,27750.0
PF00004,PF00153,78,0,190.65684646867237,26.41202346421135,115.38951322158213,15.52602063234784,145.87937104727615,92.55486889551554,38.247866096571364,25.61876806220977,1.1801694781088157,0.9451523312747141,0.3535256799001171,0.15921069525329826,103150.0,35987.5
PF00004,PF00153,79,1,186.92673198252996,23.234485750987073,124.13777180984329,12.602068790812275,145.87937104727615,92.55486889551554,38.247866096571364,25.61876806220977,1.088990533659533,1.2398748932307786,0.3037088673599351,0.41594939100163203,84525.0,49425.0
PF00004,PF00153,80,2,191.88790520444473,24.547920804749133,108.24409720390842,12.873478831574728,145.87937104727615,92.55486889551554,38.247866096571364,25.61876806220977,1.2425636928800259,0.6764450227809162,0.4870372270920951,0.10131174160697441,66525.0,27375.0
PF00004,PF00153,84,0,206.76506494506754,25.14202791444458,103.97491829381174,14.894647091867595,145.87937104727615,92.55486889551554,38.247866096571364,25.61876806220977,1.6002843474004154,0.5858466940007365,0.7806865679389459,0.05197440199312034,163412.5,30000.0
PF00004,PF00153,85,1,184.72357613819457,16.821828774813632,123.24098444385967,10.678441470840943,145.87937104727615,92.55486889551554,38.247866096571364,25.61876806220977,1.018624823699592,1.201205262325917,0.21743863297709962,0.45654337819490615,39237.5,46900.0
PF00004,PF00153,86,2,194.11325608289346,21.25552364059478,110.35050367142405,12.41023377217824,145.87937104727615,92.55486889551554,38.247866096571364,25.61876806220977,1.2803420398836094,0.7557607710421271,0.5247977070524633,0.16079888611661414,64087.5,39587.5
PF00004,PF07679,12,0,149.9869291482471,17.706902535737207,68.8656418052548,11.975080218778114,145.87937104727615,63.66128339025547,38.247866096571364,19.078484146135715,0.34518230656104165,0.5552897508951314,0.01903385013031985,0.011562230168052173,30925.0,14712.5
PF00004,PF07679,13,1,154.91119699692388,16.835796051942832,68.7024318062307,10.69780996940794,145.87937104727615,63.66128339025547,38.247866096571364,19.078484146135715,0.3834190401357816,0.48157655628905993,0.024033648987127815,0.010444004330851995,32700.0,16037.5
PF00004,PF07679,14,2,178.76649452680027,23.91212394476963,66.71560275343921,13.115943214659875,145.87937104727615,63.66128339025547,38.247866096571364,19.078484146135715,0.9045032360016043,0.5720776099541862,0.18631632444795673,0.011104869839565988,43550.0,14925.0
PF00004,PF07679,18,0,164.7996006344394,20.35447485425717,69.10637918550543,12.837632952647,145.87937104727615,63.66128339025547,38.247866096571364,19.078484146135715,0.5654731947094953,0.5740754880714188,0.06921736557336584,0.011201679424251574,46637.5,15937.5
PF00004,PF07679,19,1,176.30936410329087,23.1791033632617,70.74603457605858,10.715151868416523,145.87937104727615,63.66128339025547,38.247866096571364,19.078484146135715,0.8350458539990404,0.5562760062329065,0.2160003934662934,0.01108949193838882,37862.5,16037.5
PF00004,PF07679,20,2,152.78066226145577,20.182872567999027,71.10285040136186,12.37008041130404,145.87937104727615,63.66128339025547,38.247866096571364,19.078484146135715,0.4259939280234978,0.6245013447337119,0.030217925417832543,0.02255056941558987,45362.5,17037.5
PF00004,PF07679,24,0,148.95368676956062,16.49838024472382,68.22421301143882,10.205658699173993,145.87937104727615,63.66128339025547,38.247866096571364,19.078484146135715,0.33799456559206303,0.48124218106837335,0.010983988043390824,0.009974506458155308,30037.5,15025.0
PF00004,PF07679,25,1,164.53750058642882,19.70380966747619,72.49187753898228,12.111025854808826,145.87937104727615,63.66128339025547,38.247866096571364,19.078484146135715,0.5687047984420733,0.6529890926403178,0.07247683949373225,0.01698070276334401,49562.5,16662.5
PF00004,PF07679,26,2,151.90975923771668,17.032145327936163,72.48411900175884,11.621473641830532,145.87937104727615,63.66128339025547,38.247866096571364,19.078484146135715,0.35960420315692104,0.6460857977461819,0.011988686362764235,0.014968371881263619,37937.5,16262.5
PF00004,PF07679,30,0,152.6479717744592,17.73069062360184,76.71931349772413,10.327132090249332,145.87937104727615,63.66128339025547,38.247866096571364,19.078484146135715,0.37908241670026954,0.7490588416424094,0.013698375760351657,0.033049455660009296,36625.0,18575.0
PF00004,PF07679,31,1,158.36129069066135,23.30937727992747,79.20289731492764,11.659853066116955,145.87937104727615,63.66128339025547,38.247866096571364,19.078484146135715,0.49464598770195795,0.8815856264343382,0.0978310074051312,0.0571250965132231,52225.0,21712.5
PF00004,PF07679,32,2,181.68393574932233,26.486637201982642,70.23401963583909,12.31640929922749,145.87937104727615,63.66128339025547,38.247866096571364,19.078484146135715,1.013549770566939,0.6017721505731352,0.2700427745060392,0.013244353399358836,65837.5,15862.5
PF00004,PF07679,36,0,151.70421391603858,18.146332332323443,72.11098353528227,10.658060496314224,145.87937104727615,63.66128339025547,38.247866096571364,19.078484146135715,0.3668361396702226,0.5852786856370521,0.030688155473273176,0.01615396428473722,43450.0,17487.5
PF00004,PF07679,37,1,157.5144876930835,18.12716405797599,87.0175445806333,9.866899494396458,145.87937104727615,63.66128339025547,38.247866096571364,19.078484146135715,0.41552514457663664,1.2244957154556375,0.030431059555910286,0.19181846813642223,48225.0,30225.0
PF00004,PF07679,38,2,152.02073620504913,19.452922867088496,80.43738064652663,11.122991288504748,145.87937104727615,63.66128339025547,38.247866096571364,19.078484146135715,0.40699984281524826,0.9213874410725483,0.02934143601813288,0.05767153074767794,39375.0,19262.5
PF00004,PF07679,42,0,161.34520599384447,20.231558749129437,80.30165325142367,9.714495412626201,145.87937104727615,63.66128339025547,38.247866096571364,19.078484146135715,0.5060945598549051,0.8977710449282048,0.045185401302388135,0.05129041349768879,38937.5,18200.0
PF00004,PF07679,43,1,168.60797826774606,22.41308287926872,78.23250882782915,11.574986149636887,145.87937104727615,63.66128339025547,38.247866096571364,19.078484146135715,0.676325571673352,0.8260494482401123,0.09284827849950338,0.05333794747536519,37550.0,23312.5
PF00004,PF07679,44,2,170.9149925107124,22.930371054770553,71.16315714231482,9.314377134962383,145.87937104727615,63.66128339025547,38.247866096571364,19.078484146135715,0.7218903507523668,0.5127913843566141,0.19555138638900174,0.009972065998139207,34112.5,15962.5
PF00004,PF07679,48,0,165.90011414699504,20.170658323521522,77.38883341762839,9.533053987806234,145.87937104727615,63.66128339025547,38.247866096571364,19.078484146135715,0.588788727045646,0.7555818222721661,0.07654458402433113,0.03417243996246226,37312.5,18537.5
PF00004,PF07679,49,1,170.27234473423763,19.35140806679593,70.08277526134977,9.985213826037203,145.87937104727615,63.66128339025547,38.247866096571364,19.078484146135715,0.6718111424735888,0.5105414210326373,0.06638225751169215,0.011990539488880845,45262.5,14325.0
PF00004,PF07679,50,2,167.4113313631235,22.858166768403137,80.00928038216955,10.040840181369848,145.87937104727615,63.66128339025547,38.247866096571364,19.078484146135715,0.6452124557548143,0.8838040230346994,0.12971204279535406,0.043172904985706057,46737.5,18037.5
PF00004,PF07679,54,0,170.5038921994491,22.382107165642154,84.386644880324,8.41222098275253,145.87937104727615,63.66128339025547,38.247866096571364,19.078484146135715,0.7019905654412115,1.0863211841841423,0.10695641847110675,0.134497213059123,38262.5,22050.0
PF00004,PF07679,55,1,208.84041367667893,25.444255461620052,63.609785675718776,21.681131801550517,145.87937104727615,63.66128339025547,38.247866096571364,19.078484146135715,1.6476043768079012,0.9940637697364555,0.9072390577443593,0.03728529797594906,195062.5,24050.0
PF00004,PF07679,56,2,166.97675868493687,23.817744502331703,71.45219988008523,12.29313748668505,145.87937104727615,63.66128339025547,38.247866096571364,19.078484146135715,0.6637358911793865,0.6353916008329965,0.1079384742376024,0.02538787936868765,41437.5,18950.0
PF00004,PF07679,60,0,189.5888569985547,30.870768155713595,72.8200388658088,12.559402220700818,145.87937104727615,63.66128339025547,38.247866096571364,19.078484146135715,1.170892518102175,0.688097107950123,0.5259564431357194,0.03247336737301336,149412.5,18287.5
PF00004,PF07679,61,1,184.39297282924676,24.08753365816231,81.55270802515297,9.873526897695994,145.87937104727615,63.66128339025547,38.247866096571364,19.078484146135715,1.0182016377086434,0.9637358105281337,0.26815449954644266,0.08183224944690749,89462.5,22050.0
PF00004,PF07679,62,2,180.26789583746896,27.902014595497224,77.11757675523107,11.997836322258689,145.87937104727615,63.66128339025547,38.247866096571364,19.078484146135715,0.9780439178020766,0.8290040022656805,0.314321124053508,0.05700369258446001,88587.5,22325.0
PF00004,PF07679,66,0,173.8391604991813,23.167762655914423,75.87867556243368,12.607235176898065,145.87937104727615,63.66128339025547,38.247866096571364,19.078484146135715,0.7666389981719766,0.7694998774760254,0.13122504634443197,0.04098079544564388,67825.0,22487.5
PF00004,PF07679,67,1,192.58377936126607,23.839263442278018,89.18721504393994,10.0027152473476,145.87937104727615,63.66128339025547,38.247866096571364,19.078484146135715,1.2303795493092562,1.3379433847135414,0.40155960796227846,0.2280614346883828,110725.0,29337.5
PF00004,PF07679,68,2,170.2132447294241,21.31143159066869,78.8854752916375,8.98427440746969,145.87937104727615,63.66128339025547,38.247866096571364,19.078484146135715,0.6965088855954511,0.8079955080378796,0.07078370590501848,0.03811433769304707,41637.5,19600.0
PF00004,PF07679,72,0,184.7958366746694,25.620569651155538,78.25219206018284,12.831640932127192,145.87937104727615,63.66128339025547,38.247866096571364,19.078484146135715,1.0505358644381735,0.8804420690397192,0.2760176196889177,0.04324721208442965,74587.5,16900.0
PF00004,PF07679,73,1,196.37660335749047,20.624198565100027,85.95659079451694,10.231034206663699,145.87937104727615,63.66128339025547,38.247866096571364,19.078484146135715,1.3227390868264373,1.1808744391357875,0.5424282457094083,0.1769330024995031,109537.5,28637.5
PF00004,PF07679,74,2,179.43833621727322,25.924444198241094,79.76891709556602,9.99638916825478,145.87937104727615,63.66128339025547,38.247866096571364,19.078484146135715,0.9464899816148915,0.8817848798979973,0.2007284225502063,0.06128853043136212,54912.5,20750.0
PF00004,PF07679,78,0,157.84505598737925,19.127217907360535,81.01570958413268,8.993128113655228,145.87937104727615,63.66128339025547,38.247866096571364,19.078484146135715,0.46060294812453884,0.9193821654078868,0.012949484715466898,0.06270271806115887,31312.5,19962.5
PF00004,PF07679,79,1,203.4734558402344,18.914217958649967,81.53062446083425,9.529685855044159,145.87937104727615,63.66128339025547,38.247866096571364,19.078484146135715,1.5070875617042925,0.9598794146607668,0.6742461746970512,0.06672405201200649,132287.5,19587.5
PF00004,PF07679,80,2,184.9514013198215,25.611693182590493,78.22061955631403,11.791877137643242,145.87937104727615,63.66128339025547,38.247866096571364,19.078484146135715,1.0518050804485852,0.8463696566223393,0.31944021851400284,0.04051766797451867,72350.0,19587.5
PF00004,PF07679,84,0,199.17063748260912,19.977028240728387,78.36571202308167,10.912332014300858,145.87937104727615,63.66128339025547,38.247866096571364,19.078484146135715,1.402190157427442,0.816719535282455,0.6112715823288468,0.038742412104124616,102462.5,17262.5
PF00004,PF07679,85,1,203.5000903594759,12.791774492836883,81.1861794669486,9.301047361233758,145.87937104727615,63.66128339025547,38.247866096571364,19.078484146135715,1.5065080798681485,0.9311760700254882,0.7677735176435718,0.0749702103931503,90037.5,21450.0
PF00004,PF07679,86,2,198.9369342296224,19.152816544642825,73.44326568795401,10.286558148361403,145.87937104727615,63.66128339025547,38.247866096571364,19.078484146135715,1.396267193138289,0.6204554474594022,0.5907321175760397,0.018304721057131785,81112.5,16075.0
PF00041,PF00072,12,0,131.90322596503927,12.434673123266085,204.4279691042131,18.047788104630417,120.65601144257766,201.36867883211482,17.636853203436154,29.97112677447452,0.8075478848513421,0.49855899150902616,0.015686210877813495,0.007571196281182586,13162.5,12425.0
PF00041,PF00072,13,1,130.57220024322854,12.844690681563003,209.14960399583023,16.434341598474482,120.65601144257766,201.36867883211482,17.636853203436154,29.97112677447452,0.7484110876480724,0.4780742470654144,0.013671406049793444,0.00952542162612257,12525.0,13087.5
PF00041,PF00072,14,2,132.9520242701333,10.486757817743118,211.2319165268513,17.519714688889675,120.65601144257766,201.36867883211482,17.636853203436154,29.97112677447452,0.7752861477628319,0.5460368005390179,0.016625014810466826,0.009110743314194357,13487.5,12637.5
PF00041,PF00072,18,0,135.69451912223406,11.472842491434685,211.50815151303496,17.268026627115173,120.65601144257766,201.36867883211482,17.636853203436154,29.97112677447452,0.9074989180043326,0.5503941818971307,0.02613099851567713,0.010114994361039837,14937.5,13125.0
PF00041,PF00072,19,1,133.48869804851492,9.563281862103825,210.69800913722221,14.95661206490237,120.65601144257766,201.36867883211482,17.636853203436154,29.97112677447452,0.7813390625772363,0.44584210899270743,0.017325980579756973,0.008884285461633572,13875.0,12125.0
PF00041,PF00072,20,2,135.37569950318712,10.652597612417,210.29743872613545,17.84097771373921,120.65601144257766,201.36867883211482,17.636853203436154,29.97112677447452,0.8966565184619687,0.5293247100622217,0.022470583397745002,0.009219831052482983,14525.0,13000.0
PF00041,PF00072,24,0,133.41376873927456,9.601479832810401,201.93955901231777,18.56860954832128,120.65601144257766,201.36867883211482,17.636853203436154,29.97112677447452,0.7829810797386352,0.5173026135210744,0.021400655800751452,0.008559622516805525,13000.0,12337.5
PF00041,PF00072,25,1,133.9943692742268,11.926641365850493,213.89016332596321,16.533920542949698,120.65601144257766,201.36867883211482,17.636853203436154,29.97112677447452,0.8683560410098065,0.5536359333813908,0.021488101365877196,0.011089881127284177,15037.5,13662.5
PF00041,PF00072,26,2,134.49267250278342,10.91230442578133,211.23325381429743,17.794312379673485,120.65601144257766,201.36867883211482,17.636853203436154,29.97112677447452,0.8597382740350582,0.5526684974707308,0.02284940436697835,0.009589750302469472,14375.0,12937.5
PF00041,PF00072,30,0,136.20639933207036,9.228778384756902,209.55558510799273,16.8845376182648,120.65601144257766,201.36867883211482,17.636853203436154,29.97112677447452,0.8977739331515511,0.49479970706796933,0.029196504048911973,0.008699800666318518,13862.5,12412.5
PF00041,PF00072,31,1,130.79458217572363,11.773740642639401,209.75839134691668,16.822470868373152,120.65601144257766,201.36867883211482,17.636853203436154,29.97112677447452,0.760869841342672,0.4966963552240322,0.012177671093621969,0.007173948082239537,13837.5,12600.0
PF00041,PF00072,32,2,131.8943100721659,13.0143739088445,213.41804429348275,16.893752057554934,120.65601144257766,201.36867883211482,17.636853203436154,29.97112677447452,0.8259624719482462,0.5655727117155698,0.015566028456181396,0.0102324026222491,12150.0,13300.0
PF00041,PF00072,36,0,136.7822929573914,9.96103664953437,217.08402417279038,16.88323028024412,120.65601144257766,201.36867883211482,17.636853203436154,29.97112677447452,0.9300068293530012,0.6356041316699165,0.027561490541666477,0.013442740087451319,13912.5,13562.5
PF00041,PF00072,37,1,129.47998134698133,10.93742419102717,214.59900583391482,16.187800463137503,120.65601144257766,201.36867883211482,17.636853203436154,29.97112677447452,0.6713854326267696,0.5695934355159111,0.010046206225859682,0.01015252891993721,11737.5,13337.5
PF00041,PF00072,38,2,130.91914104692486,10.600216174015344,204.22590646047738,17.640559733470308,120.65601144257766,201.36867883211482,17.636853203436154,29.97112677447452,0.6862165229645855,0.4837997901495074,0.013947146121983896,0.008589966991194159,12487.5,11912.5
PF00041,PF00072,42,0,137.38643621297618,8.748451433818266,216.73868184422952,16.871271877173946,120.65601144257766,201.36867883211482,17.636853203436154,29.97112677447452,0.9574044539417937,0.6260498246138693,0.036795763527091754,0.010105941543345256,14075.0,13500.0
PF00041,PF00072,43,1,129.01587798009427,12.347153718314358,207.861015560562,17.33785127082801,120.65601144257766,201.36867883211482,17.636853203436154,29.97112677447452,0.7018159950189806,0.4919609826618661,0.013917573960168763,0.009277574453235614,12687.5,12900.0
PF00041,PF00072,44,2,125.92566190976187,13.299256042907775,213.22353323197746,16.265714083507785,120.65601144257766,201.36867883211482,17.636853203436154,29.97112677447452,0.6631954567509024,0.5628491836190638,0.012288520942146289,0.011571761786859695,11762.5,14187.5
PF00041,PF00072,48,0,139.40418511157583,9.385592995621897,222.80076787585446,18.229812937841356,120.65601144257766,201.36867883211482,17.636853203436154,29.97112677447452,1.0680355394620649,0.7757599220209161,0.05793420598097074,0.025562700677101938,16425.0,17112.5
PF00041,PF00072,49,1,130.91849883982607,11.095442955069752,215.5773202509028,16.50504587962817,120.65601144257766,201.36867883211482,17.636853203436154,29.97112677447452,0.7083183257648435,0.5842698019598488,0.017214311126149656,0.010433743476570369,12337.5,13512.5
PF00041,PF00072,50,2,134.2356848180887,13.435585985939579,223.7334772692465,16.02588100318143,120.65601144257766,201.36867883211482,17.636853203436154,29.97112677447452,0.9231911167017625,0.7842545105165832,0.02342864749336188,0.02448749806744451,15275.0,14512.5
PF00041,PF00072,54,0,135.02398140290245,9.180700528294981,223.42585175446146,14.191874605414888,120.65601144257766,201.36867883211482,17.636853203436154,29.97112677447452,0.8538163003067806,0.7592828564943196,0.034338458611150875,0.02207040250982211,13925.0,15787.5
PF00041,PF00072,55,1,138.90885673201896,8.606115115203362,222.35118124815074,14.582333443707084,120.65601144257766,201.36867883211482,17.636853203436154,29.97112677447452,1.035446087039341,0.7440068691776704,0.056499548675991315,0.015911282683034225,17412.5,14062.5
PF00041,PF00072,56,2,132.4954115073245,9.833079782243232,224.28477914642542,16.943080128710605,120.65601144257766,201.36867883211482,17.636853203436154,29.97112677447452,0.7240901930437683,0.8138472314423265,0.013412619217265625,0.02277060666722094,12237.5,16062.5
PF00041,PF00072,60,0,138.20611357401071,9.94259397559793,214.54795801158394,16.838921109520275,120.65601144257766,201.36867883211482,17.636853203436154,29.97112677447452,1.0097628861869743,0.5789616557270179,0.0518406776441458,0.010260491648218415,16525.0,13600.0
PF00041,PF00072,61,1,138.42872830206068,9.02878568111173,222.92593201084534,16.875318204966515,120.65601144257766,201.36867883211482,17.636853203436154,29.97112677447452,1.0126964930686224,0.7668640096741265,0.06654238527144135,0.017678448758981523,18787.5,16287.5
PF00041,PF00072,62,2,142.77679544400505,11.34419465050677,220.99877091248857,16.028115490647995,120.65601144257766,201.36867883211482,17.636853203436154,29.97112677447452,1.2742941371345076,0.6991991070816715,0.07958517289232489,0.017554009593023286,18075.0,15025.0
PF00041,PF00072,66,0,131.04161958167518,13.035783321857073,218.0492384586313,16.97376876272331,120.65601144257766,201.36867883211482,17.636853203436154,29.97112677447452,0.7936377497797256,0.6344598121406924,0.017103349836818434,0.013108301744645974,13250.0,13337.5
PF00041,PF00072,67,1,138.59604595199812,10.36631024428486,226.8113447672603,15.466503196316832,120.65601144257766,201.36867883211482,17.636853203436154,29.97112677447452,1.0375614085015576,0.8755265335289034,0.035995323639594776,0.03134422965647174,17575.0,15400.0
PF00041,PF00072,68,2,134.8560404911879,9.505356089061664,217.18873350396717,17.555739920648044,120.65601144257766,201.36867883211482,17.636853203436154,29.97112677447452,0.8327633522082547,0.6439671425175217,0.027121828169216152,0.011042841016496708,13450.0,13600.0
PF00041,PF00072,72,0,141.57208454483222,9.491150693115056,224.2461664460758,17.211820370023315,120.65601144257766,201.36867883211482,17.636853203436154,29.97112677447452,1.1893382282644205,0.8211787633905138,0.11167735250752585,0.02673864334710699,20437.5,17862.5
PF00041,PF00072,73,1,136.42216810702683,11.95006969990075,220.19095619448467,16.006532754826157,120.65601144257766,201.36867883211482,17.636853203436154,29.97112677447452,0.9553999526365812,0.6888950194563188,0.030061315139849876,0.01461321397777161,20162.5,13800.0
PF00041,PF00072,74,2,140.45715591680815,9.576306320450035,219.02521491119532,16.417538836398396,120.65601144257766,201.36867883211482,17.636853203436154,29.97112677447452,1.1236148996131323,0.6550025566099156,0.05799391283987378,0.012183260752821543,16850.0,14237.5
PF00041,PF00072,78,0,133.72390846025795,10.435968231525758,223.3962788226805,16.32674330509516,120.65601144257766,201.36867883211482,17.636853203436154,29.97112677447452,0.8112713849114986,0.7879527408679455,0.018955691206767464,0.015807829713527857,13350.0,13725.0
PF00041,PF00072,79,1,133.10917408731922,12.554366064616959,225.1581357480556,14.350233103483196,120.65601144257766,201.36867883211482,17.636853203436154,29.97112677447452,0.8232744890948206,0.8073761146840891,0.016989618940483817,0.030118594727302515,17500.0,15512.5
PF00041,PF00072,80,2,138.03117110769134,10.998116125190615,222.425894905165,15.748256613954675,120.65601144257766,201.36867883211482,17.636853203436154,29.97112677447452,1.0314080055067634,0.7516061811562949,0.033477591806728796,0.02121435109168045,17362.5,14712.5
PF00041,PF00072,84,0,143.97341992602293,9.697383360031303,216.84757125160132,16.653990604941633,120.65601144257766,201.36867883211482,17.636853203436154,29.97112677447452,1.325705855044744,0.6222573586364768,0.1093549005919796,0.013782054494144073,21712.5,15362.5
PF00041,PF00072,85,1,130.72371271763822,13.156974586598665,226.66820425495374,14.445222036687625,120.65601144257766,201.36867883211482,17.636853203436154,29.97112677447452,0.7742500074988137,0.8568861836807483,0.018751764704618337,0.04289908681500379,14375.0,16362.5
PF00041,PF00072,86,2,128.71891084271618,12.442993638628353,218.56197728660945,14.2700182832572,120.65601144257766,201.36867883211482,17.636853203436154,29.97112677447452,0.6959337116645321,0.6239103865497162,0.013154219135408934,0.01752699645692625,11862.5,13200.0
PF00004,PF00271,12,0,145.27907463830644,15.747884852700098,162.72029090351893,19.512599399101802,145.87937104727615,149.57930952191575,38.247866096571364,27.18196726964319,0.3296372435491774,0.7353928925907376,0.012212794497196788,0.02759846973193397,26662.5,22587.5
PF00004,PF00271,13,1,155.88655928899166,17.431931522229373,163.78980162239105,21.29783428967936,145.87937104727615,149.57930952191575,38.247866096571364,27.18196726964319,0.3974384530212313,0.7664110307270855,0.03356584373036211,0.05649837388196308,39687.5,28225.0
PF00004,PF00271,14,2,177.39744627236672,20.01568599273776,167.3673196227495,24.419552844224995,145.87937104727615,149.57930952191575,38.247866096571364,27.18196726964319,0.8421246213744857,0.9300302532841728,0.142676089097074,0.09257668845724411,38687.5,30437.5
PF00004,PF00271,18,0,172.01044593283407,21.480953688746936,156.96476931291423,19.42087818996642,145.87937104727615,149.57930952191575,38.247866096571364,27.18196726964319,0.7420127298178768,0.6023343254309418,0.08712413680554604,0.0244443818071957,68300.0,29950.0
PF00004,PF00271,19,1,176.5470204298352,23.09549739015878,161.02847526767252,21.848917778619047,145.87937104727615,149.57930952191575,38.247866096571364,27.18196726964319,0.8282807494302378,0.7304394512511894,0.25025854012804744,0.042410866441320964,45987.5,29850.0
PF00004,PF00271,20,2,167.01279947905294,25.107080104024526,154.2024452156156,21.596838842899626,145.87937104727615,149.57930952191575,38.247866096571364,27.18196726964319,0.6672141019403373,0.6817390847522096,0.15577871971988735,0.033019406275437986,57487.5,26487.5
PF00004,PF00271,24,0,183.11661542725443,23.321447539211547,152.64232799889373,17.623775690242528,145.87937104727615,149.57930952191575,38.247866096571364,27.18196726964319,0.9846554393404694,0.5445114300073045,0.2932069360808929,0.012685769208796476,83325.0,23087.5
PF00004,PF00271,25,1,165.94548031068362,21.789295491611096,172.9284600372518,20.582179413894377,145.87937104727615,149.57930952191575,38.247866096571364,27.18196726964319,0.6050610378972862,0.9856663797686472,0.07445471164246778,0.19069423514430903,61137.5,39475.0
PF00004,PF00271,26,2,147.15602214900994,15.190687048091782,155.62375782860687,20.053363380329262,145.87937104727615,149.57930952191575,38.247866096571364,27.18196726964319,0.31601760760714803,0.6163939992605312,0.009030113794478154,0.026173452481185834,29162.5,25025.0
PF00004,PF00271,30,0,183.54803251101046,24.6813635496867,166.68684362274354,18.583232758450144,145.87937104727615,149.57930952191575,38.247866096571364,27.18196726964319,1.0134651763864688,0.7723192088092976,0.27687336218959757,0.03889503885743894,79237.5,30275.0
PF00004,PF00271,31,1,167.80452754428725,22.359938131714262,171.8940985647864,22.539716204072455,145.87937104727615,149.57930952191575,38.247866096571364,27.18196726964319,0.6406176143246932,0.9732318370111149,0.12137293495484076,0.11924454433321621,48262.5,36212.5
PF00004,PF00271,32,2,198.62876070325473,19.57977241719745,159.34145452028343,20.224935154416173,145.87937104727615,149.57930952191575,38.247866096571364,27.18196726964319,1.3850281342850785,0.6565933410334776,0.6345307147939503,0.027024610752001833,97662.5,26462.5
PF00004,PF00271,36,0,174.1267946270881,18.499198396046868,160.06347083719936,22.561286824322863,145.87937104727615,149.57930952191575,38.247866096571364,27.18196726964319,0.7512300691091128,0.7522113837193382,0.09129577510787054,0.050714640281003226,59175.0,24387.5
PF00004,PF00271,37,1,179.5028776650771,25.56537367673749,170.9073931601045,17.621710168662947,145.87937104727615,149.57930952191575,38.247866096571364,27.18196726964319,0.9076484836031156,0.8670551026137179,0.19998090067193902,0.03858129943438083,87575.0,27512.5
PF00004,PF00271,38,2,162.3018324635226,21.68717553662897,164.6661994088888,20.27841033167111,145.87937104727615,149.57930952191575,38.247866096571364,27.18196726964319,0.5133918396851963,0.7705468460503042,0.10996513408685417,0.06250409582397114,50625.0,25962.5
PF00004,PF00271,42,0,204.72545862649247,20.814771248500282,147.93728041858188,22.91435288479496,145.87937104727615,149.57930952191575,38.247866096571364,27.18196726964319,1.5562271852904315,0.6816630449366243,0.7906785437547308,0.0499428815049102,144837.5,28950.0
PF00004,PF00271,43,1,202.1279838021666,16.428780232545265,151.5725524053662,20.05024268667517,145.87937104727615,149.57930952191575,38.247866096571364,27.18196726964319,1.4781719013134131,0.5476652321116904,0.7500084595079853,0.04214803829403828,89250.0,32237.5
PF00004,PF00271,44,2,175.43618041970367,24.763219320368744,169.1358319997262,20.104645465304795,145.87937104727615,149.57930952191575,38.247866096571364,27.18196726964319,0.8434709045407456,0.8778144212130516,0.20408428960523467,0.06761825874408903,38775.0,22300.0
PF00004,PF00271,48,0,182.5625583925309,28.589960648310537,165.8922805726849,18.25731846803588,145.87937104727615,149.57930952191575,38.247866096571364,27.18196726964319,1.042924959196346,0.7580918004577083,0.34004802560483555,0.04785007686037302,72312.5,22725.0
PF00004,PF00271,49,1,188.16442209756067,17.540677417804197,163.36521011194114,20.905612604573502,145.87937104727615,149.57930952191575,38.247866096571364,27.18196726964319,1.1072965017519771,0.7215242542930903,0.3017682285182069,0.039649749063520846,51575.0,32750.0
PF00004,PF00271,50,2,159.27203443544383,15.570834014886499,153.98519161259566,21.739502255857662,145.87937104727615,149.57930952191575,38.247866096571364,27.18196726964319,0.43401068009147153,0.6882194022500272,0.009489777349121114,0.024596371982905308,31112.5,24537.5
PF00004,PF00271,54,0,193.961538738846,15.164162942895322,140.34367210999773,16.632356269894636,145.87937104727615,149.57930952191575,38.247866096571364,27.18196726964319,1.2571202683613263,0.5880680324704392,0.44613471648281716,0.018784720895716586,55312.5,23387.5
PF00004,PF00271,55,1,196.96853375392087,21.704849294519768,156.1789081218466,20.069991085649644,145.87937104727615,149.57930952191575,38.247866096571364,27.18196726964319,1.3368191993751442,0.5920885742306181,0.48599712036750986,0.0750623320328261,95975.0,37212.5
PF00004,PF00271,56,2,167.84235698908665,17.796847512407588,139.26615040652376,15.261388690298983,145.87937104727615,149.57930952191575,38.247866096571364,27.18196726964319,0.6098165732446165,0.5706003261516399,0.08347112107419258,0.024534518903843113,33462.5,24237.5
PF00004,PF00271,60,0,188.18038112431648,22.03477783442039,167.6584925246286,20.80322355114001,145.87937104727615,149.57930952191575,38.247866096571364,27.18196726964319,1.112664848022983,0.8381258452066376,0.33816471611894205,0.1237822101122871,66287.5,27962.5
PF00004,PF00271,61,1,195.1908075663123,18.881611447030203,155.66461182566866,14.106810933300661,145.87937104727615,149.57930952191575,38.247866096571364,27.18196726964319,1.2892598084957354,0.44803989264461835,0.43807898267821216,0.026466195603106826,102475.0,44900.0
PF00004,PF00271,62,2,184.70461650361358,20.8629042263491,166.1107530864355,22.20767772930495,145.87937104727615,149.57930952191575,38.247866096571364,27.18196726964319,1.0350973070230238,0.8872233105186759,0.2867865705659149,0.10877809661127644,67625.0,30050.0
PF00004,PF00271,66,0,201.10171412769853,19.64668718610869,162.9847566991553,20.07336988218304,145.87937104727615,149.57930952191575,38.247866096571364,27.18196726964319,1.450121340508401,0.7128633029024019,0.5776336770270153,0.09262259051957628,78050.0,27625.0
PF00004,PF00271,67,1,199.65667663209035,21.526045278600968,169.21281318799225,20.735942630666933,145.87937104727615,149.57930952191575,38.247866096571364,27.18196726964319,1.408427449320409,0.8381218620080836,0.47210451834457,0.10033067600486319,97237.5,49887.5
PF00004,PF00271,68,2,167.4372516036379,22.088270256030217,183.68938038725892,15.234467493760974,145.87937104727615,149.57930952191575,38.247866096571364,27.18196726964319,0.6428142633205605,1.2659277236262787,0.07490333235906149,0.2301462616646899,34462.5,34262.5
PF00004,PF00271,72,0,160.89132079665671,17.23134949116027,192.52578242769098,11.018660238347122,145.87937104727615,149.57930952191575,38.247866096571364,27.18196726964319,0.4840694769571386,1.5799619092963086,0.021990698648395392,0.6151106052038725,45612.5,70437.5
PF00004,PF00271,73,1,201.05992445087395,19.744504003971393,186.29247069911307,21.012377349868274,145.87937104727615,149.57930952191575,38.247866096571364,27.18196726964319,1.4427093334899632,1.3607983003574402,0.45720005346725906,0.47295533670693424,99387.5,134975.0
PF00004,PF00271,74,2,189.55278331223218,20.765700604611677,171.06142168357763,22.619695727021917,145.87937104727615,149.57930952191575,38.247866096571364,27.18196726964319,1.1489030161790488,0.9658560657964685,0.2905360939429704,0.15977566973523807,75050.0,43237.5
PF00004,PF00271,78,0,216.142486003959,13.2668405218784,155.00637800652044,20.99664867559758,145.87937104727615,149.57930952191575,38.247866096571364,27.18196726964319,1.83704666763047,0.6268801567979909,0.9906232393179529,0.032869778278408035,183087.5,30937.5
PF00004,PF00271,79,1,197.30550955670725,18.523404890516925,198.24367543727735,11.9057743326566,145.87937104727615,149.57930952191575,38.247866096571364,27.18196726964319,1.344559814009492,1.7903180234386458,0.47954927802424735,0.6720804414386712,118162.5,117362.5
PF00004,PF00271,80,2,205.2608296329979,16.661547201800097,137.05347558042,15.0479881085015,145.87937104727615,149.57930952191575,38.247866096571364,27.18196726964319,1.5525430473896387,0.6124886600173615,0.6904832213028752,0.016822070619508155,125612.5,20675.0
PF00004,PF00271,84,0,204.8338590408671,23.290585179776237,161.20285053954575,22.56432503115238,145.87937104727615,149.57930952191575,38.247866096571364,27.18196726964319,1.5453380307766735,0.6567042280076265,0.6356568501845404,0.10658419090770903,136687.5,51400.0
PF00004,PF00271,85,1,190.85766475820776,19.44400652949401,197.1697941871594,13.899452609096096,145.87937104727615,149.57930952191575,38.247866096571364,27.18196726964319,1.178725575219377,1.7544124223160913,0.33071297962923657,0.5940981927211062,81275.0,95437.5
PF00004,PF00271,86,2,189.2219403999765,19.50746425468698,169.56994945972437,21.308385389963032,145.87937104727615,149.57930952191575,38.247866096571364,27.18196726964319,1.1354773665570903,0.9080687579300816,0.3296575220788226,0.09257911221323827,45287.5,24175.0
PF00004,PF00041,12,0,145.21056932879847,15.885737084514227,133.9566985972259,10.346579254730132,145.87937104727615,120.65601144257766,38.247866096571364,17.636853203436154,0.3241631497954323,0.8262830794106949,0.010662156785257747,0.021068582193103508,26137.5,13225.0
PF00004,PF00041,13,1,154.4060048224046,16.44377541404801,132.42536108801235,11.885550708827731,145.87937104727615,120.65601144257766,38.247866096571364,17.636853203436154,0.3646586833015567,0.7867924519554036,0.01700218843990204,0.01775056060065041,35412.5,13062.5
PF00004,PF00041,14,2,174.201405645876,23.231444942021678,133.23900878021587,11.216698176627451,145.87937104727615,120.65601144257766,38.247866096571364,17.636853203436154,0.8049519853716983,0.8202904513180397,0.13917927792265103,0.01816354075541185,37837.5,13200.0
PF00004,PF00041,18,0,157.47266096343253,20.302240021965233,137.50845660668674,9.410189434468066,145.87937104727615,120.65601144257766,38.247866096571364,17.636853203436154,0.4721329644412711,0.9821853704555294,0.03482583148843756,0.030854599504149826,41012.5,14300.0
PF00004,PF00041,19,1,172.76230282186472,22.118938712330422,137.195430398194,9.951242503936452,145.87937104727615,120.65601144257766,38.247866096571364,17.636853203436154,0.765024304354625,0.9544017297824482,0.1491195498375069,0.0378658938705066,38112.5,15462.5
PF00004,PF00041,20,2,152.62328022472468,17.170610823030202,132.21963839170357,10.36640084692587,145.87937104727615,120.65601144257766,38.247866096571364,17.636853203436154,0.3859354757618208,0.7466838677731964,0.010445282312725328,0.019681402897545053,37200.0,14375.0
PF00004,PF00041,24,0,150.99638476067835,17.12182538370722,133.70863348936655,11.452134692496701,145.87937104727615,120.65601144257766,38.247866096571364,17.636853203436154,0.3415605282228851,0.8522250478235628,0.01677791665205464,0.024884005370181726,29662.5,13437.5
PF00004,PF00041,25,1,155.90786140838915,18.825048326707655,139.37440598913804,9.896180090540309,145.87937104727615,120.65601144257766,38.247866096571364,17.636853203436154,0.4052575302544147,1.0856709841094687,0.021270712076952927,0.05080816732320152,42550.0,16162.5
PF00004,PF00041,26,2,148.82951471120066,18.214459402157075,133.3267361955535,10.248641932168585,145.87937104727615,120.65601144257766,38.247866096571364,17.636853203436154,0.37316200924202064,0.7905412134420919,0.015149952941558178,0.020736336328304027,39575.0,14325.0
PF00004,PF00041,30,0,157.3045437409453,21.357265036809977,135.18035190920588,10.439368530732565,145.87937104727615,120.65601144257766,38.247866096571364,17.636853203436154,0.4652545134426413,0.8845589346495923,0.03785726781685412,0.026597502123609715,37775.0,13850.0
PF00004,PF00041,31,1,151.55846215217466,15.552301291050698,136.43407381025088,9.457674050286792,145.87937104727615,120.65601144257766,38.247866096571364,17.636853203436154,0.34108065766495393,0.9106687926372713,0.007219062421627791,0.027519769056863777,26950.0,14525.0
PF00004,PF00041,32,2,163.4680479400235,23.71731972645893,127.64860588660598,13.098135945908085,145.87937104727615,120.65601144257766,38.247866096571364,17.636853203436154,0.6209704243115237,0.6934481125850249,0.06784069985381173,0.014700648753720342,32137.5,12437.5
PF00004,PF00041,36,0,152.20568171442278,16.515635510898022,133.48920451687692,11.144799339955526,145.87937104727615,120.65601144257766,38.247866096571364,17.636853203436154,0.35390147544272965,0.7967097995341129,0.007847148794498432,0.01988599026400661,34737.5,13675.0
PF00004,PF00041,37,1,157.41232500443306,18.113819384294356,139.32470092299977,9.614040423672808,145.87937104727615,120.65601144257766,38.247866096571364,17.636853203436154,0.43195148620511004,1.075440392023997,0.028337762618146644,0.053137461856344485,49387.5,14587.5
PF00004,PF00041,38,2,145.19657954246773,16.012351886037276,130.39550123658913,11.378961545525394,145.87937104727615,120.65601144257766,38.247866096571364,17.636853203436154,0.34316292141893434,0.7123338221534875,0.008316287888583112,0.01541990017340968,27562.5,11675.0
PF00004,PF00041,42,0,163.794307096782,22.99750313111252,140.71226694757075,9.411479315059514,145.87937104727615,120.65601144257766,38.247866096571364,17.636853203436154,0.6012845065960272,1.1413543253190879,0.051370127244656415,0.05522238831568888,44150.0,16262.5
PF00004,PF00041,43,1,154.86676470285295,20.325110045647442,139.39305015432024,9.482924038637222,145.87937104727615,120.65601144257766,38.247866096571364,17.636853203436154,0.4541986253637785,1.0927904173380854,0.02475174583902735,0.05687208732981205,41637.5,14275.0
PF00004,PF00041,44,2,167.6328043027319,26.59613378116189,129.49555609839422,13.256196670147235,145.87937104727615,120.65601144257766,38.247866096571364,17.636853203436154,0.7145494781790138,0.7632320868899021,0.18059587529744398,0.015149451133248953,37800.0,11537.5
PF00004,PF00041,48,0,179.01113277566353,26.70357538133254,137.55312003757305,10.257928497081261,145.87937104727615,120.65601144257766,38.247866096571364,17.636853203436154,0.9299405725909328,1.002907647753422,0.25089421052862315,0.0305355005280627,77475.0,14762.5
PF00004,PF00041,49,1,154.10174917034058,25.741360145394975,136.77691819751007,9.470418994948696,145.87937104727615,120.65601144257766,38.247866096571364,17.636853203436154,0.5726896461280445,0.9449361889289898,0.07651213198630721,0.033526903269682995,38050.0,12825.0
PF00004,PF00041,50,2,182.7821595283753,19.411396710096515,134.99353395913806,10.711197158580111,145.87937104727615,120.65601144257766,38.247866096571364,17.636853203436154,0.9899446097443949,0.8660829432233547,0.24472630090532616,0.0223038209570096,28737.5,14325.0
PF00004,PF00041,54,0,184.31019422606383,26.54187577879326,140.01781295873326,9.737425722084556,145.87937104727615,120.65601144257766,38.247866096571364,17.636853203436154,1.0536454269628,1.1065723001824843,0.34230628836181987,0.053074817428507816,71550.0,16262.5
PF00004,PF00041,55,1,187.61172907251836,31.602139233032133,143.4901097085849,9.781447684650466,145.87937104727615,120.65601144257766,38.247866096571364,17.636853203436154,1.1346713554755936,1.2970587404262466,0.5058141530912856,0.12368548615573208,132150.0,21812.5
PF00004,PF00041,56,2,148.6397301877418,16.706920953032103,132.9229098512937,10.769899755115858,145.87937104727615,120.65601144257766,38.247866096571364,17.636853203436154,0.3423329414851656,0.7595939967039952,0.010016964413895942,0.016144772079115913,25412.5,13437.5
PF00004,PF00041,60,0,165.62774928186306,26.94838744886518,131.51861654280185,12.794528283511179,145.87937104727615,120.65601144257766,38.247866096571364,17.636853203436154,0.6696584721013125,0.7903569141657343,0.12945166589334436,0.014824997462330756,74550.0,12150.0
PF00004,PF00041,61,1,169.25372645978422,18.26249202163848,139.08178849459574,9.992219586287153,145.87937104727615,120.65601144257766,38.247866096571364,17.636853203436154,0.6328601341322521,1.0553720178215091,0.05745032690700059,0.07553906715918152,59325.0,13675.0
PF00004,PF00041,62,2,158.21779634947248,24.086654691728395,141.37496581150444,11.47468319605159,145.87937104727615,120.65601144257766,38.247866096571364,17.636853203436154,0.5623230517298154,1.199712249211729,0.05015608453923636,0.0826774043063406,47600.0,16775.0
PF00004,PF00041,66,0,180.54116916234608,29.66454719708521,143.76164226683946,11.277411077348647,145.87937104727615,120.65601144257766,38.247866096571364,17.636853203436154,0.9685242335512366,1.328205585969289,0.3139805080231657,0.06828111368226848,116500.0,19400.0
PF00004,PF00041,67,1,174.49520241315378,21.05217985480806,142.35552299303973,9.702801785976556,145.87937104727615,120.65601144257766,38.247866096571364,17.636853203436154,0.7713137784691659,1.2322957040502653,0.11882308214904952,0.07999012640834345,74300.0,17100.0
PF00004,PF00041,68,2,192.59985976505703,21.169224238088848,137.00444610949364,9.610208477988486,145.87937104727615,120.65601144257766,38.247866096571364,17.636853203436154,1.2393005014763787,0.9466259259620834,0.3844718738960713,0.028934143750008107,64687.5,14087.5
PF00004,PF00041,72,0,168.73298195841105,29.65183600909094,141.239933387977,9.303371320925896,145.87937104727615,120.65601144257766,38.247866096571364,17.636853203436154,0.7862428948820847,1.1763569893715684,0.1452609861690204,0.05679959085882146,79762.5,17450.0
PF00004,PF00041,73,1,185.54173979402628,23.109922224218007,152.05646553403264,9.508558574478242,145.87937104727615,120.65601144257766,38.247866096571364,17.636853203436154,1.049002173962432,1.7803886968530929,0.18337369626752387,0.43873192492061064,68062.5,52725.0
PF00004,PF00041,74,2,194.93935146964628,23.08053078417124,140.40029126806573,10.195772632766564,145.87937104727615,120.65601144257766,38.247866096571364,17.636853203436154,1.30670813625601,1.1256780161286744,0.5104179555255708,0.07507029878285748,95662.5,20200.0
PF00004,PF00041,78,0,149.93827425627455,14.821687775242165,146.24247707905025,11.174457349801004,145.87937104727615,120.65601144257766,38.247866096571364,17.636853203436154,0.31039745302142524,1.455828212822765,0.006458702361221584,0.16123950795337358,32437.5,33637.5
PF00004,PF00041,79,1,171.59874522264036,17.790263940529787,154.78978283669568,11.509288305437643,145.87937104727615,120.65601144257766,38.247866096571364,17.636853203436154,0.7024506522774646,1.9353663037501372,0.044595826336958806,0.3749264129965935,50600.0,65850.0
PF00004,PF00041,80,2,161.93970451861955,18.747581567991478,142.7606984868096,9.440634506609884,145.87937104727615,120.65601144257766,38.247866096571364,17.636853203436154,0.5176734888152301,1.2595093956220171,0.01560656600374426,0.07027339342202055,35850.0,17525.0
PF00004,PF00041,84,0,191.4984278444456,17.81913046853938,145.97071523961785,9.322403377755059,145.87937104727615,120.65601144257766,38.247866096571364,17.636853203436154,1.2018342280728056,1.4368545478351609,0.39272265536659434,0.19258908471576724,32237.5,23187.5
PF00004,PF00041,85,1,202.20772309415574,20.659935594961574,142.77561477336826,9.608266563307984,145.87937104727615,120.65601144257766,38.247866096571364,17.636853203436154,1.4761612729076183,1.2620962907861761,0.5695704355557293,0.12900628796850727,109537.5,24950.0
PF00004,PF00041,86,2,174.23072136756363,24.737653797088456,138.3583297702372,10.311767080496637,145.87937104727615,120.65601144257766,38.247866096571364,17.636853203436154,0.8006996547131638,1.0263909639199538,0.1183107136944352,0.03946802946552616,38362.5,16550.0
PF00004,PF02518,12,0,148.98210830946823,17.1880942188612,190.8313505929313,16.128746196248535,145.87937104727615,186.84189492033835,38.247866096571364,26.052863003717928,0.3515558145014651,0.5067263133007346,0.0191724214800543,0.008474434743490942,29637.5,12525.0
PF00004,PF02518,13,1,157.04629200874166,18.59588439897291,200.7840532753044,15.169114483182812,145.87937104727615,186.84189492033835,38.247866096571364,26.052863003717928,0.4389773471203819,0.6295543209109353,0.050440121403842644,0.014217840221761839,45950.0,15525.0
PF00004,PF02518,14,2,181.01217696597382,22.627869447366045,199.80241053676843,15.8679506498668,145.87937104727615,186.84189492033835,38.247866096571364,26.052863003717928,0.9418774671413643,0.6253543526745209,0.22006442854195185,0.012609937942851708,45150.0,15137.5
PF00004,PF02518,18,0,161.1051246605612,18.89167782454332,197.75762274705355,15.07012445202465,145.87937104727615,186.84189492033835,38.247866096571364,26.052863003717928,0.5083621115873064,0.5805720848818332,0.048800481465276165,0.011180881546426024,41125.0,14487.5
PF00004,PF02518,19,1,182.82515545689768,22.20951389661779,202.67551588030966,14.844922714316361,145.87937104727615,186.84189492033835,38.247866096571364,26.052863003717928,0.9921477684133232,0.6725081712907423,0.3263166281976415,0.013825823133660762,51275.0,16987.5
PF00004,PF02518,20,2,156.22738525237028,17.04755477875204,194.97858169976686,15.571433039622038,145.87937104727615,186.84189492033835,38.247866096571364,26.052863003717928,0.4070535879421776,0.536902094864595,0.022601679268848707,0.010899321575772211,45425.0,14175.0
PF00004,PF02518,24,0,149.01359256104507,17.429992113885085,200.79823673464708,14.570724552105306,145.87937104727615,186.84189492033835,38.247866096571364,26.052863003717928,0.3617812376014266,0.6369502934749499,0.013063297312080531,0.011281913595244424,29425.0,14150.0
PF00004,PF02518,25,1,159.9974364394149,15.056995256882796,196.98429417371196,14.516363115954023,145.87937104727615,186.84189492033835,38.247866096571364,26.052863003717928,0.4226032817950368,0.541925757129024,0.018110462462417223,0.00828981316237162,43462.5,14412.5
PF00004,PF02518,26,2,146.90869478677877,15.822466651294322,198.8718841385967,14.005606786739317,145.87937104727615,186.84189492033835,38.247866096571364,26.052863003717928,0.322496903335626,0.5767653141160711,0.006784477211092336,0.010233358625359394,33475.0,14412.5
PF00004,PF02518,30,0,153.222661705631,18.11489878607218,201.38426414961302,15.567999569618062,145.87937104727615,186.84189492033835,38.247866096571364,26.052863003717928,0.3774289919986714,0.6711131859368359,0.017554967554945157,0.010570654772256908,43375.0,14400.0
PF00004,PF02518,31,1,161.28646396773902,17.224030706490332,198.87442976087914,14.434028846212424,145.87937104727615,186.84189492033835,38.247866096571364,26.052863003717928,0.4853044880089897,0.5808122445815583,0.025777677788705322,0.01039811220420137,43612.5,14412.5
PF00004,PF02518,32,2,176.416459432108,20.94079671971233,203.4437784750051,15.857462278235234,145.87937104727615,186.84189492033835,38.247866096571364,26.052863003717928,0.8216527748849087,0.7335999014365129,0.14832417257794067,0.015560053346322796,55200.0,15300.0
PF00004,PF02518,36,0,178.47254051518613,23.675112948088078,202.65567446150834,16.39706698423317,145.87937104727615,186.84189492033835,38.247866096571364,26.052863003717928,0.8952237181447772,0.6944902621831746,0.15259317932344613,0.01773623185007194,53412.5,15225.0
PF00004,PF02518,37,1,187.40549474681882,22.569981682030818,195.39940912593374,15.661894296773907,145.87937104727615,186.84189492033835,38.247866096571364,26.052863003717928,1.0966262451920699,0.5408507350395787,0.41922920519725204,0.009067877533190381,90412.5,12800.0
PF00004,PF02518,38,2,143.66784521653287,14.842910127614353,196.81881971541904,14.68196482865398,145.87937104727615,186.84189492033835,38.247866096571364,26.052863003717928,0.317798272666766,0.5691652274631055,0.008375681140646235,0.00956898243592885,30712.5,13425.0
PF00004,PF02518,42,0,162.8851437165695,20.772067326625052,209.88673026700542,16.245604681081023,145.87937104727615,186.84189492033835,38.247866096571364,26.052863003717928,0.5386123683401477,0.9239227395424047,0.028262004555257514,0.02502267352375869,39525.0,17412.5
PF00004,PF02518,43,1,172.02251815992742,20.979240293006775,205.15829368606862,13.105140473648179,145.87937104727615,186.84189492033835,38.247866096571364,26.052863003717928,0.7233758120238468,0.7307354169287135,0.14867859357397795,0.02065291646620294,69775.0,18450.0
PF00004,PF02518,44,2,150.9051473797202,15.45350571077411,194.46508324489602,14.582801445137472,145.87937104727615,186.84189492033835,38.247866096571364,26.052863003717928,0.33771505245686817,0.5126261555341965,0.006669183838546294,0.009351620684813922,28612.5,13375.0
PF00004,PF02518,48,0,182.92064897870463,22.598068605864118,203.59179674044205,14.909263417384594,145.87937104727615,186.84189492033835,38.247866096571364,26.052863003717928,0.9941502804831941,0.7190731288589598,0.3053091856302165,0.012191067330475168,53000.0,14950.0
PF00004,PF02518,49,1,175.4060425344741,18.861774466382126,200.53771436393657,15.645531483686632,145.87937104727615,186.84189492033835,38.247866096571364,26.052863003717928,0.7846601897469202,0.6470905069432439,0.046944645964222806,0.013210536245252747,35575.0,15425.0
PF00004,PF02518,50,2,163.12974673300204,21.306912739572923,189.8265194086875,15.189312377449902,145.87937104727615,186.84189492033835,38.247866096571364,26.052863003717928,0.5606033538673266,0.4604970957194848,0.05530559165240995,0.00806502586158277,28887.5,12525.0
PF00004,PF02518,54,0,163.9181952365663,19.73959602946527,203.2565522566549,16.043500550112515,145.87937104727615,186.84189492033835,38.247866096571364,26.052863003717928,0.5551710277349634,0.73180009377473,0.03082960904548899,0.013352093618002454,42975.0,15162.5
PF00004,PF02518,55,1,181.20388140709977,22.474451057830446,215.9756544537106,13.857515692558904,145.87937104727615,186.84189492033835,38.247866096571364,26.052863003717928,0.9332761355003989,1.1247289373876685,0.1769925545817285,0.04587744906252368,64050.0,20612.5
PF00004,PF02518,56,2,168.0043340560993,22.678499289581918,200.48079724573313,15.249782436136691,145.87937104727615,186.84189492033835,38.247866096571364,26.052863003717928,0.6637899777546932,0.626966305180281,0.10284285134875365,0.01131746259033398,30700.0,13950.0
PF00004,PF02518,60,0,154.98453926735073,18.78718708521456,210.78113443400366,15.198646671609643,145.87937104727615,186.84189492033835,38.247866096571364,26.052863003717928,0.42869036446259956,0.9426946834920515,0.011877478480621926,0.020215183574758492,42537.5,14712.5
PF00004,PF02518,61,1,169.8175980202638,17.009702305873894,206.88539485946347,14.51137428064231,145.87937104727615,186.84189492033835,38.247866096571364,26.052863003717928,0.6409961129625918,0.8041315344523607,0.0519606843488253,0.01531282290238129,55462.5,16262.5
PF00004,PF02518,62,2,160.25382179464677,19.615722558028477,192.97006763334247,14.257776373560672,145.87937104727615,186.84189492033835,38.247866096571364,26.052863003717928,0.5055374408223835,0.47273744042285715,0.06591011281156667,0.00762770314963989,35875.0,12825.0
PF00004,PF02518,66,0,163.67466693159008,21.25787701103868,209.75435050765788,16.80749037955877,145.87937104727615,186.84189492033835,38.247866096571364,26.052863003717928,0.5618310040398891,0.9310730509667127,0.06996447033702348,0.02422488838937854,52087.5,19675.0
PF00004,PF02518,67,1,187.3077688119203,21.188116774431954,202.4161476360593,14.484908644905957,145.87937104727615,186.84189492033835,38.247866096571364,26.052863003717928,1.1047500780704318,0.6695234801768828,0.3049300434309672,0.012314136823077072,61775.0,15087.5
PF00004,PF02518,68,2,153.26380470695418,17.13170622282327,202.25350369829815,14.00057349071448,145.87937104727615,186.84189492033835,38.247866096571364,26.052863003717928,0.3701723924409842,0.6614776533513006,0.013340826241781028,0.014388559049036766,30525.0,14112.5
PF00004,PF02518,72,0,169.0391377489607,24.425573350400295,223.30832951533296,15.558520202498798,145.87937104727615,186.84189492033835,38.247866096571364,26.052863003717928,0.6839457379251218,1.404111833537789,0.12903446943340072,0.12634467740083205,54962.5,23125.0
PF00004,PF02518,73,1,171.67335849656578,17.163756626979936,212.34876606660052,15.55060669477587,145.87937104727615,186.84189492033835,38.247866096571364,26.052863003717928,0.6955269172160893,1.007948038251866,0.03904061747842499,0.03775462189502964,39412.5,21325.0
PF00004,PF02518,74,2,159.1032247519733,20.60653769050748,195.08079876934272,14.47987028718621,145.87937104727615,186.84189492033835,38.247866096571364,26.052863003717928,0.4801188769177881,0.4961039309641791,0.07023544653452872,0.008802658751576682,42487.5,12837.5
PF00004,PF02518,78,0,199.20568959963617,20.514253650372044,221.6614748960141,14.570504568538404,145.87937104727615,186.84189492033835,38.247866096571364,26.052863003717928,1.4013709583790428,1.3366984937872224,0.5072024514387337,0.10813363323673263,86087.5,21912.5
PF00004,PF02518,79,1,163.03442866733076,18.6316223314386,217.66577238819482,13.731471563326679,145.87937104727615,186.84189492033835,38.247866096571364,26.052863003717928,0.553496160342313,1.1907074703931364,0.05786406314044326,0.08259828671620191,40700.0,19225.0
PF00004,PF02518,80,2,160.87844401036963,16.092776795083523,189.27427846936973,14.870803968312924,145.87937104727615,186.84189492033835,38.247866096571364,26.052863003717928,0.46189597038465807,0.453605928377138,0.02281531683391812,0.0066906821244122625,24000.0,11487.5
PF00004,PF02518,84,0,178.17011082212554,37.56352204741334,208.9800108475289,16.476146256443133,145.87937104727615,186.84189492033835,38.247866096571364,26.052863003717928,1.08128436496225,0.9101403653421852,0.4223599420683753,0.019419618051554757,118412.5,15662.5
PF00004,PF02518,85,1,204.5755453907741,21.544771564472228,221.75879514020207,15.870229790712743,145.87937104727615,186.84189492033835,38.247866096571364,26.052863003717928,1.5370660268438774,1.3414710984474651,0.6729423176074341,0.12128183388791658,124962.5,29612.5
PF00004,PF02518,86,2,164.11608764676282,24.46132890471592,196.4010096313952,14.237098184874082,145.87937104727615,186.84189492033835,38.247866096571364,26.052863003717928,0.6199475809869728,0.5258840062297573,0.151104549948513,0.008255948140444624,43700.0,13650.0
PF00041,PF00512,12,0,132.73696979464793,11.390240971510385,109.9872861958138,9.682996305006442,120.65601144257766,105.72150320304084,17.636853203436154,17.686172366262216,0.7870504982881734,0.46836412363467844,0.019067574362966827,0.007778557326585749,10762.5,8875.0
PF00041,PF00512,13,1,130.1783955722006,11.394364198819808,108.41248319735384,10.200815768945416,120.65601144257766,105.72150320304084,17.636853203436154,17.686172366262216,0.7093235180278719,0.4870020115356378,0.013993369924012723,0.007797093203458607,10687.5,8337.5
PF00041,PF00512,14,2,132.95306899686614,10.399659702814802,105.41608489511218,10.529629476037682,120.65601144257766,105.72150320304084,17.636853203436154,17.686172366262216,0.7693027954621834,0.46336367432554837,0.015364814129172061,0.007010968181107757,11175.0,7712.5
PF00041,PF00512,18,0,133.3031155134782,10.365151937549207,105.30519176085804,9.47121138227686,120.65601144257766,105.72150320304084,17.636853203436154,17.686172366262216,0.7898209445923683,0.41808497835030356,0.016711227777960403,0.00631929597745493,11612.5,7612.5
PF00041,PF00512,19,1,135.0130549423649,9.49807301301709,110.1742790035435,9.333524696471743,120.65601144257766,105.72150320304084,17.636853203436154,17.686172366262216,0.8475402844595166,0.4603699060486248,0.028010529959707844,0.00713268305712031,12512.5,8275.0
PF00041,PF00512,20,2,132.69200933259958,11.367167205467313,111.63325796164798,8.253034619017875,120.65601144257766,105.72150320304084,17.636853203436154,17.686172366262216,0.797107296076195,0.4662905755103274,0.020268086239827995,0.007003203274965418,11687.5,8362.5
PF00041,PF00512,24,0,133.5847391450503,10.42920043090684,105.55293265389322,10.2901638707159,120.65601144257766,105.72150320304084,17.636853203436154,17.686172366262216,0.804960909563007,0.4735747851719324,0.016123935727971914,0.0074655451806983075,11450.0,7525.0
PF00041,PF00512,25,1,137.87464969108024,10.221232111935285,113.12606900309365,10.429579773878764,120.65601144257766,105.72150320304084,17.636853203436154,17.686172366262216,1.0148528500183776,0.5859950795579598,0.02742565848919378,0.01069649074181218,12300.0,9937.5
PF00041,PF00512,26,2,135.1083431789415,10.545249101846894,109.76008190783368,10.016086701036869,120.65601144257766,105.72150320304084,17.636853203436154,17.686172366262216,0.8526477911072544,0.4772067750979973,0.022237481056949088,0.007259550620335211,11050.0,8462.5
PF00041,PF00512,30,0,136.41255793831672,9.922538623699701,109.65146067226863,10.051486835330632,120.65601144257766,105.72150320304084,17.636853203436154,17.686172366262216,0.9168633142957261,0.4729155069254897,0.032121974115215474,0.008468542688547518,12762.5,8350.0
PF00041,PF00512,31,1,140.06039530445724,8.904854114943664,103.7460668624142,9.421393645980526,120.65601144257766,105.72150320304084,17.636853203436154,17.686172366262216,1.1096432067799875,0.43998483259999416,0.06452915187835288,0.006182590080918542,14900.0,7700.0
PF00041,PF00512,32,2,132.8860539151824,11.358660973647256,110.74825212304417,9.882855661939097,120.65601144257766,105.72150320304084,17.636853203436154,17.686172366262216,0.7960359465770175,0.5193951668159216,0.016635890426310914,0.008485844206712743,11062.5,8587.5
PF00041,PF00512,36,0,135.11371215945084,9.650863174468675,111.74866568229092,9.199362034639863,120.65601144257766,105.72150320304084,17.636853203436154,17.686172366262216,0.8530641090493323,0.512476242602839,0.0288255805370774,0.008934455060947935,11275.0,8337.5
PF00041,PF00512,37,1,137.7256302936219,9.078886030220794,109.28522299888678,9.546338534901047,120.65601144257766,105.72150320304084,17.636853203436154,17.686172366262216,0.9830684736140642,0.46463822617979644,0.04063212675119545,0.006961862665042549,13950.0,8562.5
PF00041,PF00512,38,2,128.72865723099036,12.825655768364534,106.88970114197313,10.249071795228582,120.65601144257766,105.72150320304084,17.636853203436154,17.686172366262216,0.7025284355140791,0.47096890666918706,0.014841486087654449,0.008057497697644017,11237.5,8212.5
PF00041,PF00512,42,0,140.007325498053,10.057735706188907,107.82918268056874,12.964922809290709,120.65601144257766,105.72150320304084,17.636853203436154,17.686172366262216,1.1034801651227053,0.5939594012200486,0.05817610557645523,0.012499368400817867,14387.5,8700.0
PF00041,PF00512,43,1,140.1680072770254,9.513475186227245,113.2163214776804,9.37899250273033,120.65601144257766,105.72150320304084,17.636853203436154,17.686172366262216,1.1100192301634415,0.5397544985605568,0.05051507032351947,0.008308241952956324,14487.5,8425.0
PF00041,PF00512,44,2,126.75251140819033,12.906075250203969,104.43152829695492,9.690055318932568,120.65601144257766,105.72150320304084,17.636853203436154,17.686172366262216,0.6614608117405953,0.43688602547005806,0.011883264010323273,0.0056560380524742285,10037.5,7650.0
PF00041,PF00512,48,0,141.86501775154352,10.216910348433146,113.1372876413159,9.804220765495714,120.65601144257766,105.72150320304084,17.636853203436154,17.686172366262216,1.2029495151615024,0.5728108389289303,0.07006722374982666,0.011445605165185706,15712.5,9137.5
PF00041,PF00512,49,1,140.98157501861803,8.823326419232936,110.6969026095626,8.606513083297026,120.65601144257766,105.72150320304084,17.636853203436154,17.686172366262216,1.152448418183827,0.4413243546747201,0.08231169525009713,0.008128539566766351,13937.5,8562.5
PF00041,PF00512,50,2,135.73486764940222,10.585957190975906,109.557233402917,8.83228905603056,120.65601144257766,105.72150320304084,17.636853203436154,17.686172366262216,0.9077160660378027,0.4274361194069343,0.019438158349461707,0.007632371159139255,12262.5,8187.5
PF00041,PF00512,54,0,140.6259192832748,9.935446378970305,120.3078196509272,9.70416322147301,120.65601144257766,105.72150320304084,17.636853203436154,17.686172366262216,1.1467769639588867,0.8600621821467831,0.050567160420118516,0.03390151635366423,14787.5,12875.0
PF00041,PF00512,55,1,150.0600164988769,9.03132495835566,111.27996901213115,8.936650896291624,120.65601144257766,105.72150320304084,17.636853203436154,17.686172366262216,1.667191120611613,0.4748007388034624,0.41184903660185507,0.008197595317296653,41100.0,8850.0
PF00041,PF00512,56,2,131.8815361267472,10.877654585426324,108.52082809812178,9.237191545279854,120.65601144257766,105.72150320304084,17.636853203436154,17.686172366262216,0.745430081157272,0.44644917214292845,0.014519859120950645,0.006790080384591175,10250.0,7662.5
PF00041,PF00512,60,0,136.01132942567844,12.791099762825786,124.63811596103449,8.98164106123586,120.65601144257766,105.72150320304084,17.636853203436154,17.686172366262216,0.9638445624048526,1.0895264400891602,0.023199695799119104,0.06762044269855304,12475.0,15237.5
PF00041,PF00512,61,1,144.68899358525346,8.889290169867452,112.64476434675056,8.317617592511331,120.65601144257766,105.72150320304084,17.636853203436154,17.686172366262216,1.362657037820867,0.485301643674468,0.18043813680216172,0.009316570294221787,23162.5,9237.5
PF00041,PF00512,62,2,135.57904399598408,9.595871076703412,110.65640045080754,9.477678260671324,120.65601144257766,105.72150320304084,17.636853203436154,17.686172366262216,0.8680544789947754,0.48217364339918684,0.02193759038877227,0.007855805043511542,13850.0,8162.5
PF00041,PF00512,66,0,138.13383072044047,10.824860163201993,117.12577089618375,8.770167470706268,120.65601144257766,105.72150320304084,17.636853203436154,17.686172366262216,1.036322938205523,0.6840500339653376,0.03617696290673207,0.01652581401153741,12937.5,9837.5
PF00041,PF00512,67,1,139.36433378466916,9.41496457755702,117.0049212282293,9.671999273411602,120.65601144257766,105.72150320304084,17.636853203436154,17.686172366262216,1.0661682847110796,0.7057773166117,0.07041790596574718,0.02202728157261572,18775.0,10162.5
PF00041,PF00512,68,2,135.857821785545,10.087566478426826,107.93439977145556,8.56208100211404,120.65601144257766,105.72150320304084,17.636853203436154,17.686172366262216,0.9030430138492591,0.3889746267440739,0.018541494340064957,0.0065298556948386755,11437.5,7425.0
PF00041,PF00512,72,0,140.57882789655403,9.930972175228769,116.3928443453883,9.74766024940898,120.65601144257766,105.72150320304084,17.636853203436154,17.686172366262216,1.1343526686461751,0.6755907380389065,0.06685867623939744,0.013376397735080512,16325.0,9637.5
PF00041,PF00512,73,1,146.0591060554342,10.059792070156703,114.52001236147568,9.585911948447235,120.65601144257766,105.72150320304084,17.636853203436154,17.686172366262216,1.4445497669689291,0.6019526445600831,0.1805018275518339,0.014561485228194617,25275.0,8950.0
PF00041,PF00512,74,2,135.68899545949168,11.542716930871787,104.9440441762772,9.513416332712954,120.65601144257766,105.72150320304084,17.636853203436154,17.686172366262216,0.9198281986173156,0.43704294781200664,0.02269822956500057,0.007862939547603021,14212.5,8387.5
PF00041,PF00512,78,0,138.61032417737454,10.767295832878577,115.22354982053304,12.183946725470395,120.65601144257766,105.72150320304084,17.636853203436154,17.686172366262216,1.046344887616427,0.7231260812626249,0.04026084716110161,0.017085550467718754,13462.5,12337.5
PF00041,PF00512,79,1,141.52576073704157,10.132060965354777,107.77669136015331,10.699224492402518,120.65601144257766,105.72150320304084,17.636853203436154,17.686172366262216,1.2005510916286282,0.4979386932733595,0.06867176175105971,0.008457168088692872,20387.5,8787.5
PF00041,PF00512,80,2,137.13137535461428,10.896914104297252,110.97137975186702,8.68159680864899,120.65601144257766,105.72150320304084,17.636853203436154,17.686172366262216,0.9877060146968245,0.4516146088390222,0.03169322414096883,0.007712574231047157,13812.5,7950.0
PF00041,PF00512,84,0,137.2154548100532,9.887321557542354,120.7696605203392,10.908077539946259,120.65601144257766,105.72150320304084,17.636853203436154,17.686172366262216,0.959001602952631,0.9395244706029358,0.028740602585447847,0.026180427711746956,14925.0,11600.0
PF00041,PF00512,85,1,151.0270761941261,10.05868720374185,116.07426329325763,9.990502120592483,120.65601144257766,105.72150320304084,17.636853203436154,17.686172366262216,1.7220228802285038,0.6677110244415048,0.3076578049563104,0.01262067834274467,42362.5,9775.0
PF00041,PF00512,86,2,137.9609721426232,10.638149591925428,110.90871747204274,9.39472691498651,120.65601144257766,105.72150320304084,17.636853203436154,17.686172366262216,0.9967800321838641,0.48555988040510784,0.02994228293077021,0.007375450886458178,14462.5,8012.5
PF00004,PF00072,12,0,149.443573813949,16.986584834299798,209.8451630276248,17.461176472043253,145.87937104727615,201.36867883211482,38.247866096571364,29.97112677447452,0.35809238214298333,0.5210755661763377,0.019109015222993398,0.008846593908175264,30800.0,14900.0
PF00004,PF00072,13,1,161.59440125900102,20.59302290725888,217.13435586689567,18.376965792981565,145.87937104727615,201.36867883211482,38.247866096571364,29.97112677447452,0.5161149544912759,0.6557751799429627,0.08272827697504521,0.012808333418301936,45750.0,16075.0
PF00004,PF00072,14,2,174.73402994025375,21.34725497235856,212.46683074191083,16.81974680853417,145.87937104727615,201.36867883211482,38.247866096571364,29.97112677447452,0.7906108825401346,0.5483837850853011,0.15229501410336485,0.008623459272383305,42800.0,14575.0
PF00004,PF00072,18,0,160.73983628278606,20.533065192619812,212.4353431488787,17.07474733388566,145.87937104727615,201.36867883211482,38.247866096571364,29.97112677447452,0.5249763741753187,0.5574420329345279,0.050544434780111544,0.008471739854511984,46825.0,15162.5
PF00004,PF00072,19,1,187.49446016508864,22.258672537296547,215.26182656873812,15.321760560894345,145.87937104727615,201.36867883211482,38.247866096571364,29.97112677447452,1.10545450824915,0.5681200528091106,0.43920884270915467,0.012081455131948223,65525.0,15700.0
PF00004,PF00072,20,2,152.71076555548055,18.106544100909886,210.90266882572635,17.07143135889072,145.87937104727615,201.36867883211482,38.247866096571364,29.97112677447452,0.404034822523947,0.5207275791196236,0.01601561836980146,0.007916274095766443,48175.0,14725.0
PF00004,PF00072,24,0,154.35371130342227,17.825598405954516,214.03560670825186,16.414447162784278,145.87937104727615,201.36867883211482,38.247866096571364,29.97112677447452,0.39078809156861694,0.5870387565674804,0.025908006056727023,0.009108246656970641,43750.0,16512.5
PF00004,PF00072,25,1,165.05015016889556,21.422714176615337,217.40488301772487,16.260352346077237,145.87937104727615,201.36867883211482,38.247866096571364,29.97112677447452,0.5934213803863632,0.6428045487820941,0.0845351241107427,0.012926318463988975,70950.0,16125.0
PF00004,PF00072,26,2,150.34328059905113,15.734351574392935,208.28933045719648,15.261273342614558,145.87937104727615,201.36867883211482,38.247866096571364,29.97112677447452,0.3377390242426256,0.45338701685273336,0.012811513632734188,0.009510957950425386,36762.5,15287.5
PF00004,PF00072,30,0,181.8973613139442,25.705355978764363,216.02925344435164,18.15309535860169,145.87937104727615,201.36867883211482,38.247866096571364,29.97112677447452,1.0123915932784149,0.6426527942316592,0.3461747703052829,0.01178250523942842,47775.0,15450.0
PF00004,PF00072,31,1,158.42658090502053,17.380178404022306,217.56700137138318,15.249339542015115,145.87937104727615,201.36867883211482,38.247866096571364,29.97112677447452,0.4431620776347442,0.6136677691840703,0.02374988092768598,0.012928780171588952,39912.5,16062.5
PF00004,PF00072,32,2,161.5430561665528,23.225096788674307,208.550421734612,15.820455153057656,145.87937104727615,201.36867883211482,38.247866096571364,29.97112677447452,0.5920825070922933,0.4639940437142386,0.06489510041309318,0.008367612657724482,32787.5,14037.5
PF00004,PF00072,36,0,158.60888015650352,16.98881364458493,225.9635712646551,16.358189379064157,145.87937104727615,201.36867883211482,38.247866096571364,29.97112677447452,0.4324173738562502,0.8585799602725595,0.022151304042974967,0.023783963798803303,39025.0,16025.0
PF00004,PF00072,37,1,161.78834259638083,17.949422468530422,224.69417843406413,16.202811672421443,145.87937104727615,201.36867883211482,38.247866096571364,29.97112677447452,0.4878950613452387,0.8239353349517619,0.06803769033859718,0.021211442856556174,70275.0,17650.0
PF00004,PF00072,38,2,146.0112805769793,17.20937186346651,211.27407670832923,15.753483394169049,145.87937104727615,201.36867883211482,38.247866096571364,29.97112677447452,0.345591148234953,0.4885246407769317,0.012459882669143678,0.008018763646709174,36787.5,13962.5
PF00004,PF00072,42,0,162.1769176738608,19.943793443002996,209.4563988983624,18.443556234560326,145.87937104727615,201.36867883211482,38.247866096571364,29.97112677447452,0.5354324786651579,0.5270743939086026,0.052450624872515846,0.00989755210502104,48500.0,15312.5
PF00004,PF00072,43,1,156.44597641008866,18.845348179455215,229.62935539674814,16.988455210800545,145.87937104727615,201.36867883211482,38.247866096571364,29.97112677447452,0.42116189363727186,0.9643853396206421,0.055526732558798066,0.03745586159372413,41187.5,18937.5
PF00004,PF00072,44,2,178.47120713110664,21.02061832606652,209.75155718578912,15.626321742625093,145.87937104727615,201.36867883211482,38.247866096571364,29.97112677447452,0.8779282840187159,0.4836172640439768,0.1793266490943041,0.010424143205196568,41912.5,15250.0
PF00004,PF00072,48,0,188.86240286755782,25.253708612364402,218.3476231621084,16.366738527328,145.87937104727615,201.36867883211482,38.247866096571364,29.97112677447452,1.2117223156279353,0.6465126869410398,0.440726923133283,0.012861865702504829,52450.0,16087.5
PF00004,PF00072,49,1,180.65077486115104,22.030228048932393,228.41018043539975,15.77852492953631,145.87937104727615,201.36867883211482,38.247866096571364,29.97112677447452,0.9215339576234797,0.9240222208995551,0.22141977341213337,0.048297793499022836,51025.0,17175.0
PF00004,PF00072,50,2,154.27135697173549,21.358979429218994,219.55802828216977,14.200619149836893,145.87937104727615,201.36867883211482,38.247866096571364,29.97112677447452,0.46351953508290544,0.6466751578725759,0.05671929508433925,0.013590862387967277,26175.0,14912.5
PF00004,PF00072,54,0,175.8720391560429,26.507072556192217,226.8994760217825,17.39940062471666,145.87937104727615,201.36867883211482,38.247866096571364,29.97112677447452,0.8321325689994868,0.8841240856998865,0.2617176110770268,0.02495388847131863,77337.5,16462.5
PF00004,PF00072,55,1,169.07264508225902,18.02231905008815,227.36585377942902,14.920786381109279,145.87937104727615,201.36867883211482,38.247866096571364,29.97112677447452,0.6368244143766755,0.8855059612043348,0.06442222951938983,0.03572052178097916,43300.0,19262.5
PF00004,PF00072,56,2,148.2441998725507,13.959528631844135,227.50113610273056,15.053631514523222,145.87937104727615,201.36867883211482,38.247866096571364,29.97112677447452,0.29156240434020103,0.8935315939073967,0.00609072470086353,0.04246141782580059,30562.5,17750.0
PF00004,PF00072,60,0,155.82241214406906,24.72068355725916,230.07943406781692,15.150040105873533,145.87937104727615,201.36867883211482,38.247866096571364,29.97112677447452,0.5185607885903871,0.9732515991002316,0.06592936624682273,0.04693784244508146,73987.5,18037.5
PF00004,PF00072,61,1,192.44080565651333,25.934888908538298,230.97730551737834,14.994786416699416,145.87937104727615,201.36867883211482,38.247866096571364,29.97112677447452,1.222853748008653,0.9931672991855959,0.49034576998972246,0.05644986841010917,136400.0,18687.5
PF00004,PF00072,62,2,179.51174235474392,21.832107739781403,229.0127773913149,15.4305616968681,145.87937104727615,201.36867883211482,38.247866096571364,29.97112677447452,0.9215973617013011,0.9375034007487095,0.20333605025510934,0.029596449985952032,44762.5,16212.5
PF00004,PF00072,66,0,194.43425436712963,29.142092904116023,225.93062840738253,20.90066606142909,145.87937104727615,201.36867883211482,38.247866096571364,29.97112677447452,1.2932074483728295,0.896275055209824,0.5359227566304332,0.02901228789528466,128387.5,21687.5
PF00004,PF00072,67,1,192.13884393660166,27.193132143565233,231.05536025748216,15.480032613857023,145.87937104727615,201.36867883211482,38.247866096571364,29.97112677447452,1.2389030928741638,0.9991292935880096,0.5907953526064326,0.07109572999995036,123075.0,23750.0
PF00004,PF00072,68,2,157.96551306716208,19.138666550289837,226.94015576233994,16.477882883750333,145.87937104727615,201.36867883211482,38.247866096571364,29.97112677447452,0.4566118411188733,0.8880033023505977,0.023069099867424968,0.029060046178369943,34487.5,14950.0
PF00004,PF00072,72,0,156.37946543699292,18.698192598780192,241.33936726908686,14.05233682386756,145.87937104727615,201.36867883211482,38.247866096571364,29.97112677447452,0.441027496177298,1.3336398306857733,0.012254389461624892,0.24353683826407693,46187.5,30537.5
PF00004,PF00072,73,1,179.14524670634648,25.095613687920025,234.93286912068106,15.448092652890555,145.87937104727615,201.36867883211482,38.247866096571364,29.97112677447452,0.9035557065227752,1.1246868716523661,0.2535725706762961,0.09539080045607427,95050.0,22237.5
PF00004,PF00072,74,2,159.97376064362845,18.246046958352995,212.11703603704376,17.369889476660052,145.87937104727615,201.36867883211482,38.247866096571364,29.97112677447452,0.4607710355299912,0.5358625180062702,0.0758251878738362,0.008856298245377899,39150.0,14737.5
PF00004,PF00072,78,0,174.58184545717302,25.297926481226668,234.50636632442837,16.378749169084866,145.87937104727615,201.36867883211482,38.247866096571364,29.97112677447452,0.8035309784413791,1.119011875954534,0.17622012248271177,0.051291312015728605,64800.0,18812.5
PF00004,PF00072,79,1,180.22918435676232,20.361813094296057,228.4782196532537,15.064227180766116,145.87937104727615,201.36867883211482,38.247866096571364,29.97112677447452,0.9183995814198912,0.91469074215994,0.17866163617904512,0.05156947106196256,56900.0,20500.0
PF00004,PF00072,80,2,167.74346938283878,25.193948462299254,215.77684712988034,15.8495492452218,145.87937104727615,201.36867883211482,38.247866096571364,29.97112677447452,0.7060522907114053,0.5910632471690052,0.170957675321337,0.013110943425094682,41050.0,15150.0
PF00004,PF00072,84,0,170.79860725860198,19.33672032864797,240.90559542835697,14.125546413196208,145.87937104727615,201.36867883211482,38.247866096571364,29.97112677447452,0.6889481509812123,1.3191668399305734,0.04084257405990741,0.1434823509594273,36150.0,21625.0
PF00004,PF00072,85,1,198.43053505322462,13.946899269425291,231.1149641608391,14.516207774813859,145.87937104727615,201.36867883211482,38.247866096571364,29.97112677447452,1.3739632917889582,0.9940178564086816,0.5380701753579684,0.06266569609413403,62850.0,18637.5
PF00004,PF00072,86,2,191.04959309478232,14.235088066657234,211.63807591488236,15.848266417956856,145.87937104727615,201.36867883211482,38.247866096571364,29.97112677447452,1.1840930047996543,0.5015491377958896,0.37780612770026856,0.00786368898760929,34512.5,13575.0
PF00041,PF00595,12,0,133.49629076485738,10.957605438250768,87.57149276900208,10.65321608377735,120.65601144257766,87.53057527636871,17.636853203436154,17.88808620089358,0.818965909423739,0.46744824777199256,0.018451757794652135,0.008935830320189537,11887.5,13175.0
PF00041,PF00595,13,1,132.61900193533097,11.250798056495546,88.52556767322604,10.806356462793506,120.65601144257766,87.53057527636871,17.636853203436154,17.88808620089358,0.796551197057247,0.47089914468543076,0.014938369032629649,0.00843422454806631,10337.5,13700.0
PF00041,PF00595,14,2,131.8750552303188,11.93934786930603,85.44879263547092,10.699375300924599,120.65601144257766,87.53057527636871,17.636853203436154,17.88808620089358,0.7747456311343144,0.45281241139153505,0.015099961266247878,0.008210344050382663,10950.0,13487.5
PF00041,PF00595,18,0,136.83151459345726,9.575999231528186,86.97054627790847,11.124349085201464,120.65601144257766,87.53057527636871,17.636853203436154,17.88808620089358,0.9450442988226178,0.5030717833866359,0.02835934981079638,0.008613653466650542,13325.0,13975.0
PF00041,PF00595,19,1,134.5918814385927,10.493172106906691,87.25238516222886,9.821615806834783,120.65601144257766,87.53057527636871,17.636853203436154,17.88808620089358,0.8493744126703858,0.44020315010279426,0.019428362929514952,0.00789489769674817,12262.5,12975.0
PF00041,PF00595,20,2,134.0044043116263,11.074357054336698,85.96372600908256,10.331119932858957,120.65601144257766,87.53057527636871,17.636853203436154,17.88808620089358,0.8445515426833498,0.461851709039201,0.02208640441588218,0.008847610104741267,12450.0,13437.5
PF00041,PF00595,24,0,138.11932988239943,11.258021704786826,86.94901951434272,9.825904602262417,120.65601144257766,87.53057527636871,17.636853203436154,17.88808620089358,1.0257151041587613,0.44612628936094895,0.03802697191658348,0.006856568110240657,14675.0,14112.5
PF00041,PF00595,25,1,141.85950161619854,9.14178360804845,91.7929678698296,9.927116346691252,120.65601144257766,87.53057527636871,17.636853203436154,17.88808620089358,1.2090833763304512,0.47400078108221705,0.0707159486693867,0.008047777280072077,17737.5,13812.5
PF00041,PF00595,26,2,133.08860788150832,9.930644548955888,88.3124609636804,11.088633525731513,120.65601144257766,87.53057527636871,17.636853203436154,17.88808620089358,0.7576412129133537,0.4794366711721165,0.02031091862175462,0.009932032339198796,11200.0,13075.0
PF00041,PF00595,30,0,136.32736118237125,10.822593650612085,88.71519506359866,9.591248797624313,120.65601144257766,87.53057527636871,17.636853203436154,17.88808620089358,0.9426534262786262,0.4407803186852,0.027298893124759492,0.0071803301754647195,13787.5,13112.5
PF00041,PF00595,31,1,137.85417230297742,9.994029097197506,88.51301352864066,9.533902520348995,120.65601144257766,87.53057527636871,17.636853203436154,17.88808620089358,1.0024930679531479,0.4163573593696672,0.04749996325267386,0.007666792500524813,14962.5,13537.5
PF00041,PF00595,32,2,132.9583054521551,10.53167692238943,92.0838673151484,9.559527639382546,120.65601144257766,87.53057527636871,17.636853203436154,17.88808620089358,0.7797104248117344,0.4832290643280742,0.019459720797975363,0.009071796722253708,11650.0,14337.5
PF00041,PF00595,36,0,134.76174504964726,9.45218206148591,85.32944523488487,9.743756997975552,120.65601144257766,87.53057527636871,17.636853203436154,17.88808620089358,0.8341019363876506,0.43589816925645486,0.02333307811372525,0.007742990401627717,12387.5,12512.5
PF00041,PF00595,37,1,130.94096767269508,11.273137797428596,95.34216270873891,10.724603338111901,120.65601144257766,87.53057527636871,17.636853203436154,17.88808620089358,0.718065018642923,0.5772504698272568,0.014486498116295822,0.009898591791427208,11362.5,16300.0
PF00041,PF00595,38,2,133.6319596541037,10.527327973179727,90.64770394151569,11.566529125596398,120.65601144257766,87.53057527636871,17.636853203436154,17.88808620089358,0.8147864581153185,0.519801457243995,0.019556665086554525,0.010001081554181246,10812.5,14100.0
PF00041,PF00595,42,0,134.71477186810395,10.536974852478938,88.27618929025783,10.2410340496224,120.65601144257766,87.53057527636871,17.636853203436154,17.88808620089358,0.8688705180651045,0.449004512007962,0.025332957565805277,0.007151485352617064,12350.0,14512.5
PF00041,PF00595,43,1,135.85505483926804,10.752671591568216,88.5987558335776,13.18812960945692,120.65601144257766,87.53057527636871,17.636853203436154,17.88808620089358,0.9063876070314822,0.585625676811026,0.020056761148676498,0.01029458579125996,11762.5,14762.5
PF00041,PF00595,44,2,127.83620429183921,11.873026360018699,88.2409948725603,12.625576606980644,120.65601144257766,87.53057527636871,17.636853203436154,17.88808620089358,0.6299585001412228,0.563108855507841,0.012179111071126944,0.008941477382611097,10600.0,13900.0
PF00041,PF00595,48,0,137.75071455528504,9.444051856868473,100.50959672804291,11.683193745389762,120.65601144257766,87.53057527636871,17.636853203436154,17.88808620089358,0.9821998110168021,0.8291410536286159,0.04637624923235664,0.027402109769250112,13375.0,19462.5
PF00041,PF00595,49,1,126.25567227235723,14.73441835580625,94.14318220522635,11.859810764775428,120.65601144257766,87.53057527636871,17.636853203436154,17.88808620089358,0.7603815425747462,0.6267636377024765,0.017163018095604818,0.018682016407586554,11212.5,18625.0
PF00041,PF00595,50,2,137.42470466684605,10.858044424358837,97.65548652908006,11.908909149308323,120.65601144257766,87.53057527636871,17.636853203436154,17.88808620089358,1.0013805481264484,0.7348135911821743,0.030285370484722768,0.02206778387692986,15075.0,17075.0
PF00041,PF00595,54,0,136.7598758299836,9.914528898386342,86.78512233226392,12.436223672801134,120.65601144257766,87.53057527636871,17.636853203436154,17.88808620089358,0.9445381351500157,0.5525396897484152,0.040387866614720894,0.008789624511654395,13800.0,14175.0
PF00041,PF00595,55,1,136.09868643612702,10.274368117838403,86.86696400311979,8.950481609584026,120.65601144257766,87.53057527636871,17.636853203436154,17.88808620089358,0.9059505208584687,0.3954666430567451,0.02530419637095666,0.007728724191582719,16075.0,13187.5
PF00041,PF00595,56,2,135.55166445707658,10.197970498819402,85.6634012510678,12.09838204283572,120.65601144257766,87.53057527636871,17.636853203436154,17.88808620089358,0.8795672673820705,0.5638656124516835,0.028544820707974785,0.009434155888741557,12737.5,15825.0
PF00041,PF00595,60,0,137.14796556534804,10.48662743746399,90.36603308331891,11.113923435137762,120.65601144257766,87.53057527636871,17.636853203436154,17.88808620089358,0.9613361210017877,0.4908326492718056,0.03141569049997033,0.009739064775489909,12300.0,15662.5
PF00041,PF00595,61,1,138.03714913810774,9.11350924832257,98.29582060768779,10.464189409768792,120.65601144257766,87.53057527636871,17.636853203436154,17.88808620089358,0.9899689255542882,0.6830590854852332,0.04103684032926616,0.015730233719641072,15475.0,17487.5
PF00041,PF00595,62,2,136.74587495278996,10.07436429753937,92.43179332700358,9.404280209797637,120.65601144257766,87.53057527636871,17.636853203436154,17.88808620089358,0.9461876443455202,0.4743943366334558,0.02660170415437867,0.008228340822287173,13675.0,13625.0
PF00041,PF00595,66,0,141.2461036378707,9.908535199310895,94.67505851617506,11.454381141941008,120.65601144257766,87.53057527636871,17.636853203436154,17.88808620089358,1.1843550393609894,0.5903506773775185,0.10264362289470241,0.011573598196213921,17200.0,18262.5
PF00041,PF00595,67,1,133.42578009342245,12.924419810592257,93.14915662374065,8.481631909543346,120.65601144257766,87.53057527636871,17.636853203436154,17.88808620089358,0.8585334235553725,0.4410566142292575,0.018918383932250885,0.008106200853645091,17312.5,15850.0
PF00041,PF00595,68,2,136.80234651137795,9.486511013389148,91.29981496834705,12.856271789103332,120.65601144257766,87.53057527636871,17.636853203436154,17.88808620089358,0.9379202763984111,0.6013405733517054,0.03343393399540757,0.010044006471437515,11600.0,15787.5
PF00041,PF00595,72,0,140.53103892810898,11.072473752370652,105.18955189490272,10.138046633136174,120.65601144257766,87.53057527636871,17.636853203436154,17.88808620089358,1.1392420910174157,1.0011368550239126,0.0607819252829156,0.041773303376643846,16212.5,24075.0
PF00041,PF00595,73,1,141.53371160149024,10.569072407368973,113.05042490171068,9.882878339107247,120.65601144257766,87.53057527636871,17.636853203436154,17.88808620089358,1.1929193629292727,1.4336016764640487,0.0648648892259059,0.2635677099808239,18462.5,35900.0
PF00041,PF00595,74,2,138.964723665969,9.708811197070101,99.83992883700805,10.004298523577203,120.65601144257766,87.53057527636871,17.636853203436154,17.88808620089358,1.0465412234157987,0.7359337082137125,0.05252585466097519,0.01955709676962023,14737.5,17687.5
PF00041,PF00595,78,0,143.32982937921807,10.458146927625522,104.91002138520292,11.256749375060354,120.65601144257766,87.53057527636871,17.636853203436154,17.88808620089358,1.2964324774420908,1.0059664906325052,0.07673133600135199,0.036981301667039876,15412.5,24575.0
PF00041,PF00595,79,1,141.64569601494728,11.07536876695493,102.10807485367695,9.43818315379537,120.65601144257766,87.53057527636871,17.636853203436154,17.88808620089358,1.2097944731261518,0.8272942468397483,0.11910725499218092,0.031005469194378018,20487.5,18800.0
PF00041,PF00595,80,2,136.48016358479276,11.542797142154768,93.96824831600985,10.028082880402613,120.65601144257766,87.53057527636871,17.636853203436154,17.88808620089358,0.9628377449668858,0.5363099971791379,0.031929698476803145,0.009312138571403429,12925.0,14875.0
PF00041,PF00595,84,0,146.70463138901167,10.005601999790219,100.49801926777647,11.197281260715314,120.65601144257766,87.53057527636871,17.636853203436154,17.88808620089358,1.4769426068227975,0.7985514585046849,0.20728812565498575,0.02082634184447783,24675.0,19175.0
PF00041,PF00595,85,1,148.58059393162046,10.006052123407239,104.06649849243269,9.98389762253806,120.65601144257766,87.53057527636871,17.636853203436154,17.88808620089358,1.5845828691638473,0.9376878902632646,0.3315000300373432,0.03799368914415217,44650.0,21812.5
PF00041,PF00595,86,2,142.79133977718035,9.442077210470892,89.59730838028116,13.549639932984963,120.65601144257766,87.53057527636871,17.636853203436154,17.88808620089358,1.256607498910159,0.6182792284309687,0.10860780018925745,0.011924397034251223,17050.0,15650.0
PF00076,PF00096,12,0,81.78929362261931,10.259275976168047,19.103170863597082,3.4481556940240594,80.84820765078511,16.436232766230635,17.495265548880706,5.230388282054999,0.4761761280990533,0.6567213401993842,0.008742777766618616,0.01109818470400036,8975.0,10725.0
PF00076,PF00096,13,1,82.20991758045096,11.286497353338966,19.272840348964237,4.130929784255132,80.84820765078511,16.436232766230635,17.495265548880706,5.230388282054999,0.5180828320195769,0.7274214052499635,0.008183999348271763,0.03676567590808876,8512.5,29600.0
PF00076,PF00096,14,2,74.38108345920052,10.832570419334655,16.598440716070833,3.8509371918976916,80.84820765078511,16.436232766230635,17.495265548880706,5.230388282054999,0.5958804425644694,0.5818169591192547,0.009050069469849922,0.008205332792740968,9462.5,10950.0
PF00076,PF00096,18,0,86.92013189963922,9.151395165761736,29.77591491490016,3.913892000230243,80.84820765078511,16.436232766230635,17.495265548880706,5.230388282054999,0.49491414433565495,2.550419094971743,0.00851751815946249,0.8799724680942689,9950.0,153175.0
PF00076,PF00096,19,1,87.87485856104757,11.285133564440223,15.172382986788605,3.7594025457969904,80.84820765078511,16.436232766230635,17.495265548880706,5.230388282054999,0.6082918644556682,0.6100419797269251,0.01337885013505219,0.010893930954135475,10337.5,13262.5
PF00076,PF00096,20,2,78.25088106968843,9.953483048055315,29.84058745913968,4.100284708380801,80.84820765078511,16.436232766230635,17.495265548880706,5.230388282054999,0.47219321062590397,2.562783864230157,0.008987839658767562,0.7094224494665811,8487.5,111837.5
PF00076,PF00096,24,0,77.67323956983014,10.277068174487061,17.219891220322943,3.902668043273255,80.84820765078511,16.436232766230635,17.495265548880706,5.230388282054999,0.48668449353561355,0.595715092241554,0.007903484723520633,0.009099305225068154,9112.5,9112.5
PF00076,PF00096,25,1,88.02435901846842,10.039167327452422,17.365460588957642,3.1266316641318865,80.84820765078511,16.436232766230635,17.495265548880706,5.230388282054999,0.5621921569864267,0.49808463761747246,0.00936353086019692,0.007598790317494365,9250.0,15237.5
PF00076,PF00096,26,2,76.90362683599083,11.369321301039378,16.596234674408066,3.78098401838382,80.84820765078511,16.436232766230635,17.495265548880706,5.230388282054999,0.5599220011820172,0.5746588017033143,0.007993050712998695,0.008494709853987347,8975.0,11550.0
PF00076,PF00096,30,0,91.35580173612497,11.876719377580008,21.009200372929854,3.8016825708875315,80.84820765078511,16.436232766230635,17.495265548880706,5.230388282054999,0.7377870876716741,0.9648764980492851,0.012915208029560395,0.017452729524469624,12237.5,10100.0
PF00076,PF00096,31,1,105.39429903210093,10.515549048796018,18.464346583216134,3.8580241961618325,80.84820765078511,16.436232766230635,17.495265548880706,5.230388282054999,1.4058002297735632,0.6652285362119295,0.1536283575041856,0.01165669785558622,23000.0,43437.5
PF00076,PF00096,32,2,86.26472012446322,11.246510560114729,16.0712568539608,4.063727339569787,80.84820765078511,16.436232766230635,17.495265548880706,5.230388282054999,0.5711323770530151,0.6170506463080057,0.010688849949304784,0.010491372288797469,10550.0,10300.0
PF00076,PF00096,36,0,82.44407546046328,9.601967386832055,19.082007141025834,3.427423928483441,80.84820765078511,16.436232766230635,17.495265548880706,5.230388282054999,0.43422248132806757,0.6645787491503613,0.008302971538302721,0.010505640079644073,9687.5,9337.5
PF00076,PF00096,37,1,89.17122044799682,10.667269805967818,18.710188296694383,3.677033791954662,80.84820765078511,16.436232766230635,17.495265548880706,5.230388282054999,0.6265949587737238,0.6720906553458531,0.012431085192053912,0.009171412567995828,10962.5,15325.0
PF00076,PF00096,38,2,83.38773210480258,10.792827405545422,19.535320152947,3.5538131227658964,80.84820765078511,16.436232766230635,17.495265548880706,5.230388282054999,0.5212906277064827,0.7424483116049714,0.008420555584459352,0.010759944788220614,9650.0,13625.0
PF00076,PF00096,42,0,83.61811750835463,9.259545507443516,14.316574467527882,3.795164448250009,80.84820765078511,16.436232766230635,17.495265548880706,5.230388282054999,0.4384978649565955,0.6922115430977462,0.007174395365740738,0.012316565924193487,9550.0,8837.5
PF00076,PF00096,43,1,95.65571621634959,10.29325833188716,22.483669655152845,4.95685133549616,80.84820765078511,16.436232766230635,17.495265548880706,5.230388282054999,0.8791051613019701,1.1694569078803092,0.019132667951444568,0.23665634029350754,10637.5,81350.0
PF00076,PF00096,44,2,91.5276008321454,9.992849164117615,15.522610283165664,4.0254457471938405,80.84820765078511,16.436232766230635,17.495265548880706,5.230388282054999,0.7055558236840334,0.639435280136106,0.01305468339110581,0.00949656312259644,8950.0,19550.0
PF00076,PF00096,48,0,89.74137190475152,11.7583362367891,17.888793504176707,3.701891052994905,80.84820765078511,16.436232766230635,17.495265548880706,5.230388282054999,0.677062752487828,0.5954913231184973,0.013938935542575892,0.00947360268615825,10512.5,9925.0
PF00076,PF00096,49,1,94.39710688410052,10.474510030496935,23.247264815738323,3.3427012516010284,80.84820765078511,16.436232766230635,17.495265548880706,5.230388282054999,0.8284817978930354,1.3040815412012448,0.023890051896293545,0.09270397030862287,13437.5,20300.0
PF00076,PF00096,50,2,77.30520735386435,10.527956701304959,20.228085553883496,3.347340928929642,80.84820765078511,16.436232766230635,17.495265548880706,5.230388282054999,0.5111069771651765,0.7968563135820372,0.008057247204413814,0.015179817337751303,8712.5,9950.0
PF00076,PF00096,54,0,87.98679243146692,11.143873203660654,20.556925979034403,3.5236909113382646,80.84820765078511,16.436232766230635,17.495265548880706,5.230388282054999,0.6081762425642733,0.8698151295924859,0.01065062074501929,0.020655144323806964,9762.5,14725.0
PF00076,PF00096,55,1,99.42184337724164,9.71250592360818,22.246052115513802,3.630991588066806,80.84820765078511,16.436232766230635,17.495265548880706,5.230388282054999,1.070149793576111,1.1358882011094733,0.07573832707042805,0.044699067888653125,12837.5,51000.0
PF00076,PF00096,56,2,82.0482288437853,9.647202423416946,29.831652432181635,3.8551972578473075,80.84820765078511,16.436232766230635,17.495265548880706,5.230388282054999,0.4584929196833215,2.561075572899531,0.007139829427700208,0.8330098419328458,8325.0,148525.0
PF00076,PF00096,60,0,91.709259443038,8.910092173083111,19.353280483390503,3.9207794963722997,80.84820765078511,16.436232766230635,17.495265548880706,5.230388282054999,0.6551140665753514,0.7381088545062133,0.012147250152393603,0.010887871329522781,10025.0,18987.5
PF00076,PF00096,61,1,102.53775678723702,8.452021740431556,18.608199566622375,3.3980854885956253,80.84820765078511,16.436232766230635,17.495265548880706,5.230388282054999,1.2397382066509715,0.6136942018893262,0.18325584131796815,0.01039333214627681,17600.0,11650.0
PF00076,PF00096,62,2,79.52097799287421,8.980401805396799,20.179180245255715,3.7725318443072373,80.84820765078511,16.436232766230635,17.495265548880706,5.230388282054999,0.4345191284686385,0.8096557935523346,0.007715585337303207,0.015316607025503635,8987.5,16337.5
PF00072,PF00096,12,0,208.290555646254,17.89154521826934,17.633313431217456,3.6226781567495476,201.36867883211482,16.436232766230635,29.97112677447452,5.230388282054999,0.5181806869337658,0.5838251982233238,0.008565836361163143,0.0077710454566942986,10712.5,14762.5
PF00072,PF00096,13,1,221.18440595591514,16.014269814020174,19.420796012949793,3.625446480305818,201.36867883211482,16.436232766230635,29.97112677447452,5.230388282054999,0.7213103903532678,0.7263303277262483,0.01544699242137356,0.010756514811625935,12675.0,29200.0
PF00072,PF00096,14,2,212.52472876266464,15.883981097555298,18.04792218922168,3.1865264242473774,201.36867883211482,16.436232766230635,29.97112677447452,5.230388282054999,0.5274303392738946,0.551230113916843,0.009606518086699028,0.008951278834083283,11050.0,13175.0
PF00072,PF00096,18,0,215.14054312842964,15.933403563251671,30.805996617414266,4.167056784642285,201.36867883211482,16.436232766230635,29.97112677447452,5.230388282054999,0.5506193832838696,2.7473608222328405,0.010935724565058319,1.0301945023424723,12050.0,193975.0
PF00072,PF00096,19,1,218.0262033113996,16.746508512109944,16.374673732696433,3.9138147906194294,201.36867883211482,16.436232766230635,29.97112677447452,5.230388282054999,0.6279851715751822,0.599714569539799,0.012290045259036342,0.010226220000477211,11775.0,18825.0
PF00072,PF00096,20,2,211.36533947686723,16.00392716450826,28.67683962907115,4.240506385616894,201.36867883211482,16.436232766230635,29.97112677447452,5.230388282054999,0.5247474324145418,2.340286457285964,0.007952929594538615,0.6847262731020339,10450.0,98825.0
PF00072,PF00096,24,0,214.98074193725645,17.21671209400793,15.743151666121907,4.1325589460485315,201.36867883211482,16.436232766230635,29.97112677447452,5.230388282054999,0.6022726297530806,0.6439879227898168,0.011077924271985218,0.010414309852772839,11087.5,15337.5
PF00072,PF00096,25,1,229.29267361756763,14.545330609059842,17.060372903313777,3.4861851913408066,201.36867883211482,16.436232766230635,29.97112677447452,5.230388282054999,0.9355751963795339,0.527091110165784,0.03179938211702613,0.008874827099101177,13850.0,21737.5
PF00072,PF00096,26,2,212.1246624939461,17.11668193854537,17.403598060254236,3.5791728552080984,201.36867883211482,16.436232766230635,29.97112677447452,5.230388282054999,0.5395307430067198,0.5533406608845498,0.009176724745340793,0.00880930399837718,11337.5,13975.0
PF00072,PF00096,30,0,221.92327354407024,15.72956406133663,16.62235269384556,4.046244586465749,201.36867883211482,16.436232766230635,29.97112677447452,5.230388282054999,0.7243037290985614,0.6220791763943518,0.01917065965380374,0.011030738553257854,13100.0,14062.5
PF00072,PF00096,31,1,220.4960209366591,17.52975726768321,18.685666981675155,7.051207302378453,201.36867883211482,16.436232766230635,29.97112677447452,5.230388282054999,0.7259600808858981,1.001250412233152,0.01245420220821705,0.28454758902039173,11250.0,119637.5
PF00072,PF00096,32,2,209.98459271280228,17.678293489995134,15.238220079694383,3.535308888343701,201.36867883211482,16.436232766230635,29.97112677447452,5.230388282054999,0.5302039821246525,0.556451719259677,0.007492833807269712,0.01032857982779273,10487.5,16087.5
PF00072,PF00096,36,0,230.1336693293915,15.795100974506155,14.284535680168098,3.7629907400400593,201.36867883211482,16.436232766230635,29.97112677447452,5.230388282054999,0.9713410191093368,0.6607173997943667,0.03255160838372432,0.011588131658057244,13362.5,29362.5
PF00072,PF00096,37,1,237.4695466910288,15.953059740364493,18.75529645806296,3.475970743133092,201.36867883211482,16.436232766230635,29.97112677447452,5.230388282054999,1.2082591096352409,0.6064223379989104,0.08089451624415737,0.030569311935792286,13975.0,52950.0
PF00072,PF00096,38,2,214.39539246798142,18.51543408995802,16.74567046053947,4.195259787314739,201.36867883211482,16.436232766230635,29.97112677447452,5.230388282054999,0.6054333215165267,0.6475486009755735,0.011111030200101138,0.011484612095849406,10737.5,25550.0
PF00072,PF00096,42,0,210.46030390694213,18.135825316086155,15.73866324084248,3.827360815033325,201.36867883211482,16.436232766230635,29.97112677447452,5.230388282054999,0.5426995936583217,0.5988748455414572,0.008896771604962446,0.009157622808882417,10675.0,14675.0
PF00072,PF00096,43,1,227.03299479028308,14.563389455423065,20.04383305230103,3.093000304819088,201.36867883211482,16.436232766230635,29.97112677447452,5.230388282054999,0.865962700723982,0.767854724148039,0.030436302995357076,0.01744952934322033,14662.5,39587.5
PF00072,PF00096,44,2,219.83149516630368,15.208395227099935,18.763235262896764,3.39354081019229,201.36867883211482,16.436232766230635,29.97112677447452,5.230388282054999,0.6548838439302045,0.6272385330177195,0.013487168442978759,0.010888651163846073,12475.0,19937.5
PF00072,PF00096,48,0,228.16969137824447,15.096931788043655,19.785131013262305,4.631152763204082,201.36867883211482,16.436232766230635,29.97112677447452,5.230388282054999,0.904616795972968,0.8072885999646627,0.044422828850688524,0.052278999218227026,12837.5,44587.5
PF00072,PF00096,49,1,227.40013443137707,13.97271729035746,21.039687609906046,3.7096388852076974,201.36867883211482,16.436232766230635,29.97112677447452,5.230388282054999,0.8825449133199956,0.9322769022670967,0.03192489548031821,0.032606826330046385,13312.5,40512.5
PF00072,PF00096,50,2,231.90083502517825,16.393089743287238,20.714791953045587,3.5239604856638382,201.36867883211482,16.436232766230635,29.97112677447452,5.230388282054999,1.0439311599040701,0.8838894732384657,0.04765234161623911,0.02061635891017726,14025.0,16212.5
PF00072,PF00096,54,0,224.30095470464542,14.386694561983392,20.355858531890032,3.505043280060628,201.36867883211482,16.436232766230635,29.97112677447452,5.230388282054999,0.7806538579561041,0.806492050982252,0.025145447756369853,0.015006016342154047,13200.0,15600.0
PF00072,PF00096,55,1,236.99197660916082,14.757727625651782,21.346031911177178,3.2107054406148183,201.36867883211482,16.436232766230635,29.97112677447452,5.230388282054999,1.1892353400714626,0.9573508746115057,0.111149259031354,0.02704787782444283,18137.5,37912.5
PF00072,PF00096,56,2,232.4981504501836,14.506218837008907,35.33881656682655,4.970159342990787,201.36867883211482,16.436232766230635,29.97112677447452,5.230388282054999,1.04224977962281,3.6139924573953737,0.05154977294210591,1.990245066101724,14587.5,249662.5
PF00072,PF00096,60,0,220.02166077821295,15.680624930184369,19.366736975369395,3.1614455907215473,201.36867883211482,16.436232766230635,29.97112677447452,5.230388282054999,0.6749332676101293,0.6500378374586389,0.01391603899704411,0.011068454309801684,10550.0,13387.5
PF00072,PF00096,61,1,238.57102400481529,13.40047279024587,18.406317703086916,3.5726701763941584,201.36867883211482,16.436232766230635,29.97112677447452,5.230388282054999,1.2412728240963085,0.6275111666199127,0.176669103071384,0.009078760938392128,17912.5,19125.0
PF00072,PF00096,62,2,220.36379722021263,14.369822888337826,18.484617963665766,3.5916082599656245,201.36867883211482,16.436232766230635,29.97112677447452,5.230388282054999,0.672260968062055,0.6392018382354031,0.013951689782566863,0.010135282435099448,11662.5,12887.5
PF00076,PF00397,12,0,81.57473923563379,12.549793602493615,33.036013419870386,6.247206339817054,80.84820765078511,34.45049111539599,17.495265548880706,7.292449697522858,0.5919482618131263,0.7233194269737769,0.010605983179041252,0.011945603025412232,9112.5,14125.0
PF00076,PF00397,13,1,80.46402510167913,11.289719615585867,37.542979529993566,6.067993380612746,80.84820765078511,34.45049111539599,17.495265548880706,7.292449697522858,0.5171265839074196,0.7475635975583198,0.007555647310350423,0.013688868908907999,9087.5,17462.5
PF00076,PF00397,14,2,71.09514101086165,11.512428297463634,32.94067010094695,5.85452474378506,80.84820765078511,34.45049111539599,17.495265548880706,7.292449697522858,0.7321727566910563,0.6927130641320894,0.014264758373521645,0.013635899114305771,9187.5,14575.0
PF00076,PF00397,18,0,85.58977671318625,10.540466477845067,37.85231414481384,5.875452683082,80.84820765078511,34.45049111539599,17.495265548880706,7.292449697522858,0.5326661630502744,0.7545353571975045,0.009272366952732434,0.014481814003978624,9937.5,15587.5
PF00076,PF00397,19,1,83.88512753598329,9.677803815745543,36.598718191772605,5.848718385742172,80.84820765078511,34.45049111539599,17.495265548880706,7.292449697522858,0.464205390976076,0.6701701785276332,0.007773853844678947,0.012816572996197685,9437.5,14275.0
PF00076,PF00397,20,2,88.1814624280661,11.112652929679385,33.66817468159602,5.888315833383201,80.84820765078511,34.45049111539599,17.495265548880706,7.292449697522858,0.6076611767962421,0.6575232797590701,0.00837312687831056,0.012788955632348626,10125.0,13687.5
PF00076,PF00397,24,0,87.62593124084515,10.331225510454797,41.63265574136027,6.494277922791273,80.84820765078511,34.45049111539599,17.495265548880706,7.292449697522858,0.5727511330754131,1.1002014508651026,0.010545272833495788,0.023861064732752776,11350.0,21425.0
PF00076,PF00397,25,1,72.67381719090831,10.232329920797342,38.415299773833524,4.65935084207463,80.84820765078511,34.45049111539599,17.495265548880706,7.292449697522858,0.621608043857091,0.6792204341481556,0.01202469072085194,0.012971980637707159,10112.5,20937.5
PF00076,PF00397,26,2,82.00920854302302,9.977728230489275,39.949315711952806,5.29417152911527,80.84820765078511,34.45049111539599,17.495265548880706,7.292449697522858,0.44948682959596853,0.8588103734082488,0.008444804776912805,0.02007724664792516,9387.5,21737.5
PF00076,PF00397,30,0,91.09032397260243,11.681659966641002,39.704756896244746,5.674242750531583,80.84820765078511,34.45049111539599,17.495265548880706,7.292449697522858,0.7366871650782255,0.8869983243957467,0.01751512039843395,0.015549884852859184,12712.5,16475.0
PF00076,PF00397,31,1,102.98431690610823,9.805793147127831,34.44350294419191,4.619681768933559,80.84820765078511,34.45049111539599,17.495265548880706,7.292449697522858,1.2679024918581248,0.5075720295598731,0.10478801137947182,0.009819457111431012,21600.0,16275.0
PF00076,PF00397,32,2,90.21591344152773,11.485992631785772,40.88535385040407,5.408760900371509,80.84820765078511,34.45049111539599,17.495265548880706,7.292449697522858,0.6988056921205578,0.9567673894723768,0.015501929080174616,0.03418733919053411,11925.0,24050.0
PF00076,PF00397,36,0,75.76993025380517,10.279504941770378,41.36726318906094,4.9104881251879,80.84820765078511,34.45049111539599,17.495265548880706,7.292449697522858,0.5484784543121368,0.9868147237151803,0.011003354506566516,0.03692587665424354,8950.0,22800.0
PF00076,PF00397,37,1,90.19048649810324,10.784021685213366,37.8150631013804,4.801605249711006,80.84820765078511,34.45049111539599,17.495265548880706,7.292449697522858,0.6582746637814929,0.6156397739012548,0.010015804452802337,0.01068968098082916,11912.5,13562.5
PF00076,PF00397,38,2,82.59274940118284,9.913890261688898,45.68564993443628,4.738044189097537,80.84820765078511,34.45049111539599,17.495265548880706,7.292449697522858,0.4632884199831267,1.5406563342982964,0.01049475987432267,0.24107311031968515,8512.5,51162.5
PF00076,PF00397,42,0,91.50800998322828,10.402898761064119,43.075519876430874,5.498064719988988,80.84820765078511,34.45049111539599,17.495265548880706,7.292449697522858,0.6981674834480854,1.2058022443179575,0.014022893311890397,0.061081199825747085,13325.0,27825.0
PF00076,PF00397,43,1,82.93767576879556,9.170927621675405,46.39689359113332,5.219975240154146,80.84820765078511,34.45049111539599,17.495265548880706,7.292449697522858,0.4321936969709653,1.6411822469766901,0.008206264204035035,0.17805397192074315,12750.0,44612.5
PF00076,PF00397,44,2,82.25593240397569,11.087216402262376,38.97662893568915,5.527863208097795,80.84820765078511,34.45049111539599,17.495265548880706,7.292449697522858,0.5072798781139167,0.7435227455486185,0.007584414364635437,0.017389983300182967,11125.0,24237.5
PF00076,PF00397,48,0,91.11320480212646,9.581289817187626,44.00804971187108,5.1081472940325074,80.84820765078511,34.45049111539599,17.495265548880706,7.292449697522858,0.6599696888942469,1.3137360620159348,0.015620402631951729,0.10977991953616555,10662.5,36812.5
PF00076,PF00397,49,1,100.0985039466735,10.053874353365957,42.329893002956396,5.5933688217350594,80.84820765078511,34.45049111539599,17.495265548880706,7.292449697522858,1.1059938745387965,1.1208716464682356,0.052384217049741305,0.03469801440339704,15387.5,33525.0
PF00076,PF00397,50,2,89.54094107547685,10.367127903080627,41.339855428326906,5.320856257730754,80.84820765078511,34.45049111539599,17.495265548880706,7.292449697522858,0.6360755034553096,0.9812329126426055,0.012746974020038859,0.04564597274352683,9387.5,26612.5
PF00076,PF00397,54,0,88.80411057540984,11.522845494392087,43.67340598875697,7.1757696297691185,80.84820765078511,34.45049111539599,17.495265548880706,7.292449697522858,0.6419728529622177,1.2987051826181233,0.013544261150848067,0.045015101291293116,13000.0,29250.0
PF00076,PF00397,55,1,95.10235678510071,9.885401718436848,46.679683752309586,5.147307048255514,80.84820765078511,34.45049111539599,17.495265548880706,7.292449697522858,0.8412660235283232,1.6808646847666835,0.026215997018391154,0.2868572917382148,14950.0,58250.0
PF00076,PF00397,56,2,83.3223239961557,10.080328428734122,42.63044601333408,6.149289124979899,80.84820765078511,34.45049111539599,17.495265548880706,7.292449697522858,0.4801585874989598,1.1822936467102212,0.007980956199552287,0.04464339120580149,9850.0,37900.0
PF00076,PF00397,60,0,102.71199218570506,11.201331303340726,41.284468003367444,8.201960250069801,80.84820765078511,34.45049111539599,17.495265548880706,7.292449697522858,1.258391797582297,1.1828518466665952,0.11711068113971279,0.09428869337301211,21125.0,44737.5
PF00076,PF00397,61,1,96.97838425975084,13.241758594961041,52.28046339270022,8.878487660818987,80.84820765078511,34.45049111539599,17.495265548880706,7.292449697522858,0.9936644102645363,2.4478535484969903,0.06272778736266084,0.5391813773292752,16037.5,112575.0
PF00076,PF00397,62,2,90.93075045032506,11.465553259340394,42.25471240490746,5.077684697869137,80.84820765078511,34.45049111539599,17.495265548880706,7.292449697522858,0.6870653248743303,1.097972081732027,0.01463645037290366,0.05737595082459543,13025.0,27775.0
PF00076,PF00397,66,0,110.13017371387444,9.610877076324146,43.67523367382451,5.020638433961792,80.84820765078511,34.45049111539599,17.495265548880706,7.292449697522858,1.67385890409102,1.2676491266437566,0.4248954454109448,0.0687733130710696,41687.5,30937.5
PF00076,PF00397,67,1,103.14152091361953,9.51697194227121,50.92331512410251,5.227260529993423,80.84820765078511,34.45049111539599,17.495265548880706,7.292449697522858,1.2792985688224157,2.258887574404813,0.1787931246039536,0.7420723014032291,22575.0,134600.0
PF00076,PF00397,68,2,84.0898814177302,11.385570996767209,43.95668626279481,5.168139689057584,80.84820765078511,34.45049111539599,17.495265548880706,7.292449697522858,0.5589208085703443,1.3227827830247068,0.011022438030278319,0.09534391990881928,15425.0,34725.0
PF00076,PF00397,72,0,101.77556658736634,9.172988601831168,45.247116860894785,4.742307084804702,80.84820765078511,34.45049111539599,17.495265548880706,7.292449697522858,1.199571810492979,1.4805588293861809,0.11171164214073377,0.1602989307233141,14987.5,38125.0
PF00076,PF00397,73,1,99.5486523701869,9.959693802778833,47.02449182125738,6.529382126698076,80.84820765078511,34.45049111539599,17.495265548880706,7.292449697522858,1.0805251063749295,1.7250224473493274,0.07182714532310376,0.40015692974489325,11900.0,92687.5
PF00076,PF00397,74,2,106.44129918511342,9.688848419831217,42.13949499238287,6.086590574153596,80.84820765078511,34.45049111539599,17.495265548880706,7.292449697522858,1.4628581351236298,1.145618671536418,0.2029824482556895,0.04405385976190624,27137.5,31775.0
PF00076,PF00397,78,0,101.33680744005824,9.754120039142231,46.2085967263282,5.598832278211568,80.84820765078511,34.45049111539599,17.495265548880706,7.292449697522858,1.1848957515679088,1.6245201647336729,0.09753587280811868,0.10832880144074214,16200.0,38825.0
PF00041,PF07679,12,0,131.87185370553854,11.892867835144148,67.94975194371983,10.086371156781421,120.65601144257766,63.66128339025547,17.636853203436154,19.078484146135715,0.7888513750149556,0.4617934490308739,0.01488852548538735,0.009854578797785521,11175.0,13000.0
PF00041,PF07679,13,1,131.95275127763827,11.783236089441512,70.45185846494259,11.171805898564104,120.65601144257766,63.66128339025547,17.636853203436154,19.078484146135715,0.779488336812006,0.5607111312378987,0.012515674498708981,0.01052596664576574,11500.0,13962.5
PF00041,PF07679,14,2,131.78743241204756,11.069173462598702,66.613539749908,12.94925573225798,120.65601144257766,63.66128339025547,17.636853203436154,19.078484146135715,0.7325368141123008,0.540968707547078,0.015439886257022124,0.01194236562613781,11262.5,12837.5
PF00041,PF07679,18,0,132.9386207411241,11.353943756017234,66.44812550948073,9.739674848308363,120.65601144257766,63.66128339025547,17.636853203436154,19.078484146135715,0.7982810295023244,0.4337992540629152,0.01894398137217262,0.009067660222193307,12287.5,12687.5
PF00041,PF07679,19,1,133.67218540604694,10.897140741521257,69.09597254949256,12.167192379940271,120.65601144257766,63.66128339025547,17.636853203436154,19.078484146135715,0.8178744745232361,0.5741493050054103,0.023285418991662282,0.010651632580134336,12400.0,13562.5
PF00041,PF07679,20,2,135.98877923117251,11.334587828126377,70.96245990112406,12.307082040662639,120.65601144257766,63.66128339025547,17.636853203436154,19.078484146135715,0.9296993485549637,0.6377623974065022,0.029421426184751555,0.015386230802984995,13012.5,14100.0
PF00041,PF07679,24,0,130.78732572935633,11.96132482205296,66.05922749214663,13.006387130256423,120.65601144257766,63.66128339025547,17.636853203436154,19.078484146135715,0.7367761232750507,0.5525295965949211,0.012926989081637981,0.010984657666555089,11225.0,12600.0
PF00041,PF07679,25,1,138.8890417017978,11.050657462584715,66.95343336549858,12.120348935135766,120.65601144257766,63.66128339025547,17.636853203436154,19.078484146135715,1.0998931739452977,0.5392502493552328,0.04359049254313027,0.009969053686660088,16175.0,12737.5
PF00041,PF07679,26,2,137.89393679118282,9.135553054760523,69.55598657840501,10.959899576081854,120.65601144257766,63.66128339025547,17.636853203436154,19.078484146135715,0.9882976990717636,0.5163719421938601,0.04122124146585527,0.010894352088772728,14187.5,13650.0
PF00041,PF07679,30,0,129.994526406586,10.953158294210008,69.23355309514523,10.899855975005444,120.65601144257766,63.66128339025547,17.636853203436154,19.078484146135715,0.6718699525753793,0.5261584411345885,0.01352963747587591,0.010123477096509596,10537.5,12737.5
PF00041,PF07679,31,1,127.22838992457164,13.340924223666395,70.19099422138079,13.068752985652402,120.65601144257766,63.66128339025547,17.636853203436154,19.078484146135715,0.6791096825074285,0.6310059521344916,0.012181454394441403,0.015039919146628227,13362.5,15375.0
PF00041,PF07679,32,2,135.72953913756464,10.80300354337888,68.88010976428599,12.456028078426678,120.65601144257766,63.66128339025547,17.636853203436154,19.078484146135715,0.9008967280627774,0.558300307244833,0.024816602807287067,0.010576414043354725,14062.5,13175.0
PF00041,PF07679,36,0,134.78244379441742,9.986530891924971,68.32895640402117,11.93996600483657,120.65601144257766,63.66128339025547,17.636853203436154,19.078484146135715,0.844930673195295,0.5534804676156153,0.02075267059551871,0.012025519573177181,11662.5,13225.0
PF00041,PF07679,37,1,126.33941269441175,15.37166938784512,80.11859220961563,11.550678579167894,120.65601144257766,63.66128339025547,17.636853203436154,19.078484146135715,0.7675952342301813,0.9265860146396835,0.01433710420152565,0.0485148745802927,12712.5,21462.5
PF00041,PF07679,38,2,134.29095514295477,10.677382420043095,74.25471940723122,11.002676813055308,120.65601144257766,63.66128339025547,17.636853203436154,19.078484146135715,0.8584276178000365,0.6682023842431853,0.028841575727855454,0.018087094940452953,14050.0,15637.5
PF00041,PF07679,42,0,132.7271899208115,10.504163749999437,68.7146966664321,9.906140869784842,120.65601144257766,63.66128339025547,17.636853203436154,19.078484146135715,0.7854869267284389,0.4484100169873422,0.015757071293611005,0.008406526018089396,12200.0,13450.0
PF00041,PF07679,43,1,126.04001362198757,14.794615599253634,75.70411514852992,10.12250032433927,120.65601144257766,63.66128339025547,17.636853203436154,19.078484146135715,0.7248710957829068,0.6879735373623193,0.017330689395265022,0.022505541531695407,12625.0,19325.0
PF00041,PF07679,44,2,136.00053466179028,9.977104764500226,68.30375502322393,12.981228016567993,120.65601144257766,63.66128339025547,17.636853203436154,19.078484146135715,0.9089859940329886,0.5939874706944122,0.02812278825128289,0.01109671614007096,12500.0,14025.0
PF00041,PF07679,48,0,131.84734812834583,10.325125525185353,74.99555899003103,10.92076356753904,120.65601144257766,63.66128339025547,17.636853203436154,19.078484146135715,0.7330787249651539,0.6895546114257115,0.017201379534890072,0.020768332308178882,12312.5,15487.5
PF00041,PF07679,49,1,135.33037441848646,10.009378576194878,72.9975138368155,11.385117118642867,120.65601144257766,63.66128339025547,17.636853203436154,19.078484146135715,0.8566158576164346,0.6433093410545608,0.02342030220455679,0.013900223375303913,12225.0,13200.0
PF00041,PF07679,50,2,141.11129354925674,10.075119630648857,76.59792739762054,9.567934352691804,120.65601144257766,63.66128339025547,17.636853203436154,19.078484146135715,1.1671852008431933,0.7232617605891662,0.08000307744372062,0.021883898662739928,17825.0,15437.5
PF00041,PF07679,54,0,135.50964001490036,9.165462636075725,77.31481116925707,10.278618557443194,120.65601144257766,63.66128339025547,17.636853203436154,19.078484146135715,0.8607879830580832,0.7757529838658169,0.029582683498577803,0.031143004305025212,13575.0,19012.5
PF00041,PF07679,55,1,141.8081903275245,10.518586668274988,68.13507482742465,18.88410154167111,120.65601144257766,63.66128339025547,17.636853203436154,19.078484146135715,1.2074206640167582,0.8738783662202225,0.07089989964845261,0.051517353756925253,19912.5,22100.0
PF00041,PF07679,56,2,135.9937187524217,10.168664953366306,73.62794661958382,13.486931137977066,120.65601144257766,63.66128339025547,17.636853203436154,19.078484146135715,0.9260708644167428,0.7462537859728973,0.034118175853631395,0.021118050982780724,15550.0,17500.0
PF00041,PF07679,60,0,124.28397618234798,15.777415733253415,78.80308719261379,10.79986173717953,120.65601144257766,63.66128339025547,17.636853203436154,19.078484146135715,0.7586150993242103,0.8746298755271849,0.011975284699728089,0.043892429707836314,12537.5,16525.0
PF00041,PF07679,61,1,146.36635482720794,8.978879359352323,76.29591399706959,13.523914117158403,120.65601144257766,63.66128339025547,17.636853203436154,19.078484146135715,1.4601314898350324,0.8195736973754303,0.28020504397153084,0.044709338920750144,30900.0,19575.0
PF00041,PF07679,62,2,141.89084772995133,8.97066149485667,69.48131477572778,14.897373299362194,120.65601144257766,63.66128339025547,17.636853203436154,19.078484146135715,1.2043357282505331,0.7024473856233883,0.10173744526638058,0.01688703914055297,20062.5,16125.0
PF00041,PF07679,66,0,132.53058204913634,10.221170525921782,68.28665452764227,13.009189659874037,120.65601144257766,63.66128339025547,17.636853203436154,19.078484146135715,0.7643133456423302,0.5965773068619815,0.016430843109863726,0.014521153638564623,12275.0,12737.5
PF00041,PF07679,67,1,139.8113220436626,9.267305319067392,82.66567309174356,10.065157388492343,120.65601144257766,63.66128339025547,17.636853203436154,19.078484146135715,1.0941953263304358,1.0141728638341436,0.059220934894276926,0.0737717947096651,17150.0,18612.5
PF00041,PF07679,68,2,136.62905678171938,9.361273653650379,67.39185617838339,10.2563655552424,120.65601144257766,63.66128339025547,17.636853203436154,19.078484146135715,0.91529740662341,0.4684907140388783,0.0338210808260789,0.010796017252882406,14650.0,13975.0
PF00041,PF07679,72,0,137.20759800864826,10.611094473419582,77.38780177975156,9.176278340266276,120.65601144257766,63.66128339025547,17.636853203436154,19.078484146135715,0.9816534328207944,0.7641404882353237,0.040468256348298544,0.02319771534887372,18262.5,14562.5
PF00041,PF07679,73,1,141.43903353790517,10.761788246535666,81.9866860820443,10.557364851622797,120.65601144257766,63.66128339025547,17.636853203436154,19.078484146135715,1.1891119850178686,0.988393239423226,0.08284110814536151,0.09947785380274105,23712.5,21825.0
PF00041,PF07679,74,2,136.56338397284244,9.24990598640172,70.26287015428944,9.886026708200411,120.65601144257766,63.66128339025547,17.636853203436154,19.078484146135715,0.9138866501168195,0.48683122628849873,0.0493744880817573,0.010891325194868644,16887.5,14412.5
PF00041,PF07679,78,0,144.0859267776287,9.32859577993404,73.94533687115103,9.452266162648925,120.65601144257766,63.66128339025547,17.636853203436154,19.078484146135715,1.328630751078095,0.6184582892584523,0.21117341781906648,0.01430121461958593,30262.5,14225.0
PF00041,PF07679,79,1,149.4221965110125,10.70063441814881,80.95977673953094,9.443573465243961,120.65601144257766,63.66128339025547,17.636853203436154,19.078484146135715,1.6310270736295727,0.9161333865859096,0.23461751936767,0.041857640435653744,44712.5,17900.0
PF00041,PF07679,80,2,146.31425579801217,9.462826124842199,71.59724020646625,11.097164234157491,120.65601144257766,63.66128339025547,17.636853203436154,19.078484146135715,1.454808522783167,0.5814495519610843,0.20526993562087298,0.014166671428969936,25400.0,14487.5
PF00041,PF07679,84,0,132.12813458917583,13.21802472306187,74.70254028506012,11.219433378176804,120.65601144257766,63.66128339025547,17.636853203436154,19.078484146135715,0.8285561270405337,0.7151445241999937,0.020375551248260258,0.021056481091265348,14525.0,14662.5
PF00041,PF07679,85,1,145.56293046742164,11.79700325867518,75.3857341461131,11.764057612935483,120.65601144257766,63.66128339025547,17.636853203436154,19.078484146135715,1.4164677658374496,0.7388771235843182,0.1731350654194367,0.038585624110649606,42887.5,18025.0
PF00041,PF07679,86,2,142.6586653802517,9.827812813405442,73.60728837365457,9.901299068153794,120.65601144257766,63.66128339025547,17.636853203436154,19.078484146135715,1.252880759006494,0.6241826198695609,0.0928824702460484,0.015442742988947846,19712.5,15025.0
PF00072,PF00397,12,0,208.62878781601412,17.428983273910998,34.78435480206584,5.725495570801007,201.36867883211482,34.45049111539599,29.97112677447452,7.292449697522858,0.5012356940034681,0.6321571521329609,0.007828392762096653,0.013757442766554178,10587.5,20387.5
PF00072,PF00397,13,1,219.30504922114034,15.871966311224298,35.94539188315243,6.446806745490236,201.36867883211482,34.45049111539599,29.97112677447452,7.292449697522858,0.6728999626736741,0.7284541655328275,0.012759676600478453,0.016650904362719827,12800.0,24475.0
PF00072,PF00397,14,2,212.2293252127628,16.040628536458204,34.78836246828758,6.499489308422166,201.36867883211482,34.45049111539599,29.97112677447452,7.292449697522858,0.5148661084069489,0.6964947761879836,0.00824979236346303,0.012787867872528337,10875.0,21162.5
PF00072,PF00397,18,0,222.56580482620288,16.785037289387482,37.88710818497973,6.206696008454001,201.36867883211482,34.45049111539599,29.97112677447452,7.292449697522858,0.7543296706293102,0.770246765836871,0.017376181686818603,0.01269129414633547,13925.0,24237.5
PF00072,PF00397,19,1,227.4169752480342,16.5767946115276,36.70349413230524,6.2694068595072165,201.36867883211482,34.45049111539599,29.97112677447452,7.292449697522858,0.8904928942664264,0.7291990039966998,0.02721131586516526,0.015522950232384387,13275.0,32412.5
PF00072,PF00397,20,2,210.34861891132329,18.448248026142352,34.8085691783038,6.550871486932702,201.36867883211482,34.45049111539599,29.97112677447452,7.292449697522858,0.5458718784597465,0.737927022935529,0.009053242169143425,0.013881757899720445,11987.5,20187.5
PF00072,PF00397,24,0,205.16055974807762,16.42378906553968,40.03307180077301,6.537152065094636,201.36867883211482,34.45049111539599,29.97112677447452,7.292449697522858,0.4430094501073195,0.9514347434101363,0.008364597958341853,0.021888497850557274,10712.5,21862.5
PF00072,PF00397,25,1,222.06208224241888,15.15372836599499,40.627111100532126,5.764462794010693,201.36867883211482,34.45049111539599,29.97112677447452,7.292449697522858,0.72792056963841,0.9332483582115821,0.018500952812049904,0.023269990824667866,12712.5,25462.5
PF00072,PF00397,26,2,213.860651653335,16.295222866866528,44.31989160086254,5.553566522425813,201.36867883211482,34.45049111539599,29.97112677447452,7.292449697522858,0.5676266974702524,1.3678623633693245,0.010643848177076603,0.09538242849432307,11562.5,39512.5
PF00072,PF00397,30,0,216.42736512182583,16.641100681327337,38.00065046186742,5.582424518969521,201.36867883211482,34.45049111539599,29.97112677447452,7.292449697522858,0.6216302329164515,0.7156557660433984,0.010738155483232793,0.017230450151120683,11437.5,22350.0
PF00072,PF00397,31,1,215.65524113143562,15.72883236312365,36.77773461955531,5.733621333019621,201.36867883211482,34.45049111539599,29.97112677447452,7.292449697522858,0.5863882970673998,0.656415162905831,0.009960607522427256,0.011455859854652391,11350.0,22837.5
PF00072,PF00397,32,2,212.87751385315184,16.339169556135012,35.80932236157372,5.93565578276731,201.36867883211482,34.45049111539599,29.97112677447452,7.292449697522858,0.5457437034325534,0.6642343487196513,0.00982301286496117,0.012980080932975948,11112.5,17962.5
PF00072,PF00397,36,0,220.30229718802303,16.185182826289644,39.1745571931434,5.0112381303700175,201.36867883211482,34.45049111539599,29.97112677447452,7.292449697522858,0.6929147440509947,0.7382911407202674,0.013576260280112773,0.019540132841612885,12175.0,20125.0
PF00072,PF00397,37,1,226.3430274631831,15.03950891874979,35.076392323472184,5.632309310175061,201.36867883211482,34.45049111539599,29.97112677447452,7.292449697522858,0.8478787536344146,0.6116148327538619,0.027404663917161377,0.01103862393174674,13787.5,19800.0
PF00072,PF00397,38,2,207.66632546796535,17.538590474473917,42.82326165211206,4.861866463566799,201.36867883211482,34.45049111539599,29.97112677447452,7.292449697522858,0.5043621040724148,1.1608785527630225,0.007739895136387234,0.08295786374018775,10875.0,39037.5
PF00072,PF00397,42,0,224.46513418066726,15.15102472675288,46.62185317663052,6.407901682623302,201.36867883211482,34.45049111539599,29.97112677447452,7.292449697522858,0.7967778397163578,1.6940386559694753,0.01877960710443195,0.1686508362557859,11975.0,64337.5
PF00072,PF00397,43,1,232.17727711385945,14.631969189299664,39.376503583018454,4.672547497432983,201.36867883211482,34.45049111539599,29.97112677447452,7.292449697522858,1.0308337578607785,0.7619487379532024,0.05677463728551659,0.022051443065255322,16350.0,24625.0
PF00072,PF00397,44,2,226.81145155970344,18.91032740018622,38.16551441990569,6.213094155314952,201.36867883211482,34.45049111539599,29.97112677447452,7.292449697522858,0.8917706324959955,0.7883093413156936,0.027567967296545294,0.016287926123799586,13787.5,21100.0
PF00072,PF00397,48,0,226.10789865227147,14.072654838106935,37.84369397274337,5.836985072467428,201.36867883211482,34.45049111539599,29.97112677447452,7.292449697522858,0.8454713116907641,0.7038775117681249,0.03904995833811491,0.010567545780524554,14412.5,24687.5
PF00072,PF00397,49,1,229.65093622477158,16.922639550767705,43.04207966342997,4.484527820069475,201.36867883211482,34.45049111539599,29.97112677447452,7.292449697522858,0.9685805241786895,1.1840485946409358,0.042063196082728085,0.07607553453079806,16662.5,37987.5
PF00072,PF00397,50,2,223.72392009803846,15.071978391354916,47.94674591506049,4.891479720427645,201.36867883211482,34.45049111539599,29.97112677447452,7.292449697522858,0.7895875899816243,1.850716200928885,0.018977462797781296,0.46891202245524055,13312.5,89925.0
PF00072,PF00397,54,0,231.89739453499277,16.188156901377592,41.800802672072315,5.008320102259179,201.36867883211482,34.45049111539599,29.97112677447452,7.292449697522858,1.0248870915241661,1.0466484686214872,0.06112450602062196,0.039772269016532406,18275.0,32325.0
PF00072,PF00397,55,1,253.83197690827274,13.967011431982435,49.416073392440794,5.873162693727375,201.36867883211482,34.45049111539599,29.97112677447452,7.292449697522858,1.7504613180188895,2.05557290272651,0.4712297972878713,0.5611587592005637,48687.5,117462.5
PF00072,PF00397,56,2,233.73046718415873,16.479531149647066,48.72864691998337,7.078847807434066,201.36867883211482,34.45049111539599,29.97112677447452,7.292449697522858,1.0835787409199364,1.97311355203318,0.06393907923207257,0.35542112885090527,17012.5,87850.0
PF00072,PF00397,60,0,232.39408044262905,15.287073960352899,39.36546054943888,6.699704678956072,201.36867883211482,34.45049111539599,29.97112677447452,7.292449697522858,1.0438355849840069,0.9246300758277364,0.0558795283776449,0.01898004043206357,17250.0,27187.5
PF00072,PF00397,61,1,242.29174831275677,14.017228643546122,49.43747723301375,5.438430646468641,201.36867883211482,34.45049111539599,29.97112677447452,7.292449697522858,1.3654164485899418,2.055137400907767,0.21198214814619348,0.518802224263248,25062.5,121575.0
PF00072,PF00397,62,2,232.7046722542532,15.575390291382108,39.29370065042374,7.373167544858063,201.36867883211482,34.45049111539599,29.97112677447452,7.292449697522858,1.0497387873552824,1.005994829411419,0.0537825868342058,0.03223213121878442,14750.0,31450.0
PF00072,PF00397,66,0,217.22345255481602,14.920500221895987,41.32539413514114,4.928505324924002,201.36867883211482,34.45049111539599,29.97112677447452,7.292449697522858,0.6079674733057171,0.9719154445680911,0.014222484948695779,0.03842626817826775,11625.0,24837.5
PF00072,PF00397,67,1,239.49800037035666,16.53108140828531,49.124236475469495,5.260421337574465,201.36867883211482,34.45049111539599,29.97112677447452,7.292449697522858,1.2774175157995646,2.012183281162429,0.12499691070211727,0.45285954338840695,23287.5,97137.5
PF00072,PF00397,68,2,229.67731433632594,15.4520667547184,42.00793049057359,5.502993982767704,201.36867883211482,34.45049111539599,29.97112677447452,7.292449697522858,0.9565060011505377,1.0735939581623852,0.03854929144746845,0.05103723958210349,15587.5,32062.5
PF00072,PF00397,72,0,233.5342270852873,16.51712753304734,43.80930846383901,6.186624285990715,201.36867883211482,34.45049111539599,29.97112677447452,7.292449697522858,1.0840051290479267,1.3284045734274514,0.09850635954082111,0.08576555334675928,18425.0,43925.0
PF00072,PF00397,73,1,231.30683620580544,20.49749614500931,50.31524945191185,5.650841438257228,201.36867883211482,34.45049111539599,29.97112677447452,7.292449697522858,1.0522130752358942,2.1758821803268233,0.0600943698288436,0.649261894388747,23712.5,109425.0
PF00072,PF00397,74,2,223.76985894491946,17.646912463364423,45.12012693369289,5.762953863314622,201.36867883211482,34.45049111539599,29.97112677447452,7.292449697522858,0.7999520256464365,1.4900042517441412,0.021359375189634378,0.11795324639837951,13975.0,42750.0
PF00072,PF00397,78,0,218.25955840321083,16.18879685381603,44.71205865894542,4.656277365683878,201.36867883211482,34.45049111539599,29.97112677447452,7.292449697522858,0.6591644191378957,1.4077655678176613,0.015373990693762057,0.14846082139905684,12900.0,45437.5
PF00041,PF02518,12,0,132.2633277354407,11.268501135019713,189.3887950329639,15.236855450533694,120.65601144257766,186.84189492033835,17.636853203436154,26.052863003717928,0.7907964379418511,0.46258387881820257,0.018442470835023168,0.00802304307690592,12587.5,10800.0
PF00041,PF02518,13,1,132.63521363911892,11.197839168116076,199.4826315590447,14.461585012714927,120.65601144257766,186.84189492033835,17.636853203436154,26.052863003717928,0.7849052379080436,0.5843481658123085,0.014351232009947376,0.010982516669120116,13150.0,13600.0
PF00041,PF02518,14,2,132.16656382285598,11.095500175379557,197.95894456116122,14.887707192780802,120.65601144257766,186.84189492033835,17.636853203436154,26.052863003717928,0.7568295241852709,0.5678790169898761,0.014823551826497966,0.010635699305338501,12200.0,12337.5
PF00041,PF02518,18,0,136.80260265207687,9.717985507522815,190.52910149640869,14.663983165531953,120.65601144257766,186.84189492033835,17.636853203436154,26.052863003717928,0.9357102908790356,0.46934232647525176,0.029395014851371398,0.008126379449951015,14662.5,11400.0
PF00041,PF02518,19,1,137.05745176556462,10.972026402556763,198.72995013398054,15.790935664766423,120.65601144257766,186.84189492033835,17.636853203436154,26.052863003717928,0.9952149748453049,0.6093446472091166,0.03262398159400593,0.009465556030161146,14387.5,14012.5
PF00041,PF02518,20,2,134.0979877401113,10.538294038779998,193.75363849549336,14.339290939190024,120.65601144257766,186.84189492033835,17.636853203436154,26.052863003717928,0.8366510258955805,0.49158860379290753,0.01795694812533176,0.009705510197049603,13275.0,12037.5
PF00041,PF02518,24,0,134.6003031166088,10.413006947425067,190.03258954119116,15.437989445041994,120.65601144257766,186.84189492033835,17.636853203436154,26.052863003717928,0.8356495834962154,0.49399624519819185,0.024441545715392376,0.006935350687480254,13287.5,11687.5
PF00041,PF02518,25,1,134.00911066530583,11.09475424675954,191.68550764748224,14.54693868456915,120.65601144257766,186.84189492033835,17.636853203436154,26.052863003717928,0.8452478981676995,0.47064010811266543,0.021309611143191413,0.008334592889132362,13737.5,12325.0
PF00041,PF02518,26,2,133.475791688337,9.972843424276903,194.32373780022485,14.35496924618069,120.65601144257766,186.84189492033835,17.636853203436154,26.052863003717928,0.7819934305055058,0.5074504150866097,0.017911914634710677,0.0086145027584442,12537.5,11887.5
PF00041,PF02518,30,0,136.25205251786537,10.701931409516376,188.28205785907048,16.090494571606243,120.65601144257766,186.84189492033835,17.636853203436154,26.052863003717928,0.9358895405321771,0.4989732188720993,0.0318783084044601,0.00746708554695357,13700.0,10637.5
PF00041,PF02518,31,1,133.14544791297453,10.969318377858023,195.87272097543894,13.962024817474429,120.65601144257766,186.84189492033835,17.636853203436154,26.052863003717928,0.7974132111291056,0.5048164171785666,0.016819639048231,0.008412623683054659,12612.5,11837.5
PF00041,PF02518,32,2,131.84602973782106,10.191096763284555,198.7591202286073,15.026310325036931,120.65601144257766,186.84189492033835,17.636853203436154,26.052863003717928,0.7118284697818893,0.6040913619767688,0.01498364125493457,0.012706353777050382,12175.0,13287.5
PF00041,PF02518,36,0,134.66428041107963,11.266691665685814,195.73910499723956,16.186476389374114,120.65601144257766,186.84189492033835,17.636853203436154,26.052863003717928,0.8765293054358186,0.5680435909747186,0.019137015453505924,0.008946632581598975,13325.0,12637.5
PF00041,PF02518,37,1,139.1038766857428,9.642310170897394,192.79021649000927,15.765391606878346,120.65601144257766,186.84189492033835,17.636853203436154,26.052863003717928,1.063168484511492,0.5252630285832235,0.043135677910857415,0.00824781451613394,15750.0,11900.0
PF00041,PF02518,38,2,127.75941082960077,11.518653038467097,190.66582669804535,12.761962474970831,120.65601144257766,186.84189492033835,17.636853203436154,26.052863003717928,0.6414417728764122,0.4121931834932189,0.011771735079533614,0.0077468814913273735,12475.0,11900.0
PF00041,PF02518,42,0,135.75904455710725,11.470223325963627,197.899811389276,15.098680458554032,120.65601144257766,186.84189492033835,17.636853203436154,26.052863003717928,0.9388339261570208,0.579733555361459,0.023019340000299746,0.009557582548349437,14525.0,13075.0
PF00041,PF02518,43,1,141.18110453606954,10.587011204797342,202.01710236635154,15.33934964468677,120.65601144257766,186.84189492033835,17.636853203436154,26.052863003717928,1.181837354164371,0.6858176581597724,0.0633277940970187,0.010633488585784978,17025.0,12925.0
PF00041,PF02518,44,2,130.8763966844235,10.89059522454538,190.7230216881321,14.02670503331459,120.65601144257766,186.84189492033835,17.636853203436154,26.052863003717928,0.72036977204778,0.4333661110306023,0.013779171286838221,0.008503165164956295,11762.5,11737.5
PF00041,PF02518,48,0,134.54378934450986,12.29505428837733,204.98707397738087,14.98971392762065,120.65601144257766,186.84189492033835,17.636853203436154,26.052863003717928,0.9018611457016033,0.752383836187846,0.02859750133244151,0.01751948789467257,15312.5,14312.5
PF00041,PF02518,49,1,131.83138397061558,10.920808506238572,209.68689140658213,14.975730396908357,120.65601144257766,186.84189492033835,17.636853203436154,26.052863003717928,0.7503019004620805,0.9195317800811011,0.01645652389439358,0.01941295702756973,12950.0,14500.0
PF00041,PF02518,50,2,136.88751601320192,10.231466551569495,189.14742678065488,14.372272480717966,120.65601144257766,186.84189492033835,17.636853203436154,26.052863003717928,0.9438715458613812,0.43793683380506915,0.032720732545926216,0.008037355722017725,14825.0,11237.5
PF00041,PF02518,54,0,132.9460685398355,12.803174297121462,204.1929266845245,15.884154360744674,120.65601144257766,186.84189492033835,17.636853203436154,26.052863003717928,0.8549653569422782,0.7615895592430213,0.018583507200338276,0.014924971066270967,14437.5,14712.5
PF00041,PF02518,55,1,138.22758241452956,10.139219945409467,212.46063157587938,14.66322139026272,120.65601144257766,186.84189492033835,17.636853203436154,26.052863003717928,1.0186781461309897,1.005495847890099,0.04835970468461271,0.037952941318479816,18150.0,17825.0
PF00041,PF02518,56,2,135.82798564991083,10.366938954606725,203.83177635587825,15.206422913255048,120.65601144257766,186.84189492033835,17.636853203436154,26.052863003717928,0.9031149423679403,0.7472033942966277,0.025271365526797488,0.012782773715446415,15537.5,13137.5
PF00041,PF02518,60,0,128.86416614125977,13.762477237644733,199.57193750990984,13.618284682946289,120.65601144257766,186.84189492033835,17.636853203436154,26.052863003717928,0.76434074782315,0.5847596543917437,0.018798534975735894,0.011526173678426392,14350.0,13300.0
PF00041,PF02518,61,1,139.50876581990332,10.500549378650518,215.22767514523883,15.062004095745657,120.65601144257766,186.84189492033835,17.636853203436154,26.052863003717928,1.0909528136090927,1.113474303952855,0.04267518502650246,0.0611320875451192,17375.0,21112.5
PF00041,PF02518,62,2,137.44637079215636,10.323884549937883,199.5286198043852,14.27326182377298,120.65601144257766,186.84189492033835,17.636853203436154,26.052863003717928,0.9894703693743765,0.5962949504161101,0.02703583854773017,0.009850369571112669,15600.0,12862.5
PF00041,PF02518,66,0,130.88923871536875,11.86392358092914,200.21578561686786,14.94232321887807,120.65601144257766,186.84189492033835,17.636853203436154,26.052863003717928,0.7417918688727272,0.6298413307217509,0.02119697738468096,0.011507442809339073,13450.0,13700.0
PF00041,PF02518,67,1,141.55847426138502,10.037069823534585,210.18526353288794,14.527407965848594,120.65601144257766,186.84189492033835,17.636853203436154,26.052863003717928,1.1894666832259697,0.9135725972209815,0.07041489701181801,0.03346094625488279,20050.0,17500.0
PF00041,PF02518,68,2,127.83267007567079,14.031716034542367,205.21789558903328,14.4944764163295,120.65601144257766,186.84189492033835,17.636853203436154,26.052863003717928,0.7366547806737939,0.7430186662021819,0.014332830568649273,0.017072800213287286,12862.5,15175.0
PF00041,PF02518,72,0,138.09073646027693,8.347070997362856,203.15800135946455,15.466210251812097,120.65601144257766,186.84189492033835,17.636853203436154,26.052863003717928,0.9911673031550998,0.7063707919770623,0.0517050793719347,0.012641753327126611,15362.5,13687.5
PF00041,PF02518,73,1,145.94038384448714,9.291615833363572,209.65066872299965,16.21062803052614,120.65601144257766,186.84189492033835,17.636853203436154,26.052863003717928,1.4345939671658612,0.9218682503958354,0.14018314756815792,0.027416646264855845,26587.5,15700.0
PF00041,PF02518,74,2,132.8832244818475,10.83228844156302,191.78218658100172,13.807011689847824,120.65601144257766,186.84189492033835,17.636853203436154,26.052863003717928,0.7800448539982053,0.4433693062013353,0.01835570051771823,0.007346090587513224,14750.0,11525.0
PF00041,PF02518,78,0,130.27513138803465,13.393224129786203,197.5995159533854,16.683424353032372,120.65601144257766,186.84189492033835,17.636853203436154,26.052863003717928,0.7912195125714593,0.6102716588612164,0.014740058831244287,0.012037290082474512,13875.0,13600.0
PF00041,PF02518,79,1,143.65334448697064,10.148837372734812,211.19139067934003,14.909188596841714,120.65601144257766,186.84189492033835,17.636853203436154,26.052863003717928,1.3039362962953311,0.9715169615141103,0.09733910668792724,0.03847235298585219,24687.5,16562.5
PF00041,PF02518,80,2,132.792242330268,11.102322478453457,195.77556595704263,14.520027940558327,120.65601144257766,186.84189492033835,17.636853203436154,26.052863003717928,0.7823130832286245,0.536455491720061,0.014394018239460493,0.00836392490828923,12100.0,11187.5
PF00041,PF02518,84,0,141.6141476792637,11.780181798176558,206.9258846845467,15.23856242391685,120.65601144257766,186.84189492033835,17.636853203436154,26.052863003717928,1.2174067638664134,0.8299216013142433,0.04860992872545978,0.021037494097193753,21325.0,16187.5
PF00041,PF02518,85,1,145.49680427805936,11.604798885547433,216.3312938450372,14.898698425802213,120.65601144257766,186.84189492033835,17.636853203436154,26.052863003717928,1.4195850752351986,1.1398292675272719,0.1532305118914171,0.07088784029199911,28237.5,20287.5
PF00041,PF02518,86,2,135.63866561264865,9.573782124917312,189.3517660163565,15.14589235844497,120.65601144257766,186.84189492033835,17.636853203436154,26.052863003717928,0.8695637368140612,0.4689568832587811,0.023160817678239645,0.00758926770148962,12900.0,11637.5
PF00072,PF00076,12,0,210.73990933511777,16.298223216026066,82.71353959490523,11.73722866618063,201.36867883211482,80.84820765078511,29.97112677447452,17.495265548880706,0.49827626848352935,0.5401732436876392,0.009062504188574667,0.008691583414078384,12175.0,13412.5
PF00072,PF00076,13,1,214.64919230640996,16.626250629607313,76.85160573359843,13.23781193388382,201.36867883211482,80.84820765078511,29.97112677447452,17.495265548880706,0.586008942212892,0.6559265053705831,0.013453315552084576,0.010564020704270111,13900.0,12475.0
PF00072,PF00076,14,2,208.6891811207379,18.538685614774916,70.80778951695574,12.714411587316985,201.36867883211482,80.84820765078511,29.97112677447452,17.495265548880706,0.5334871328160088,0.8024872322733821,0.007915966177966615,0.01700066105917234,11900.0,13475.0
PF00072,PF00076,18,0,212.62508733273157,16.89825577695929,85.6924005980165,10.894355977629374,201.36867883211482,80.84820765078511,29.97112677447452,17.495265548880706,0.5315656533881427,0.5555445056691635,0.009347166471581944,0.010793882086412396,13300.0,15975.0
PF00072,PF00076,19,1,213.44249786786887,16.519888079504824,86.91940774616022,10.7104375862196,201.36867883211482,80.84820765078511,29.97112677447452,17.495265548880706,0.5739548256054247,0.5702998697374319,0.009338495790536675,0.011507146986499999,12750.0,14025.0
PF00072,PF00076,20,2,207.71502533913952,17.079137287417815,77.78593219273002,11.465869063332832,201.36867883211482,80.84820765078511,29.97112677447452,17.495265548880706,0.4836115144891059,0.5519707233617465,0.008388570932512432,0.009521205071546527,12387.5,13000.0
PF00072,PF00076,24,0,206.78140014503208,16.754111388755614,82.58783098775905,10.582562649334788,201.36867883211482,80.84820765078511,29.97112677447452,17.495265548880706,0.47262361018595683,0.5033393236244187,0.0081634528052291,0.009430354057336374,12350.0,14625.0
PF00072,PF00076,25,1,214.58707630601543,17.780091185565563,82.33016436057919,11.282249498595267,201.36867883211482,80.84820765078511,29.97112677447452,17.495265548880706,0.6213154259716575,0.520842629816433,0.011009866471736154,0.00895547419159691,14225.0,14487.5
PF00072,PF00076,26,2,209.49653837722772,15.627550321857429,80.25869637884246,11.856610462032865,201.36867883211482,80.84820765078511,29.97112677447452,17.495265548880706,0.4782637580558162,0.551576789103628,0.009062752411610047,0.008838951362670542,12162.5,13287.5
PF00072,PF00076,30,0,217.15155292665958,15.748874617216224,81.67278953585732,13.260357238444263,201.36867883211482,80.84820765078511,29.97112677447452,17.495265548880706,0.6099747733784476,0.6142174082402244,0.012711768802615842,0.012559107232020257,13412.5,15287.5
PF00072,PF00076,31,1,206.53692499081146,16.704429801558657,95.10419033311982,10.215665383100546,201.36867883211482,80.84820765078511,29.97112677447452,17.495265548880706,0.47960797975817093,0.8618977407698063,0.009132558595754924,0.032807859569836534,12825.0,24575.0
PF00072,PF00076,32,2,211.35528781444037,17.232318954010825,84.96091250724223,11.196440949036358,201.36867883211482,80.84820765078511,29.97112677447452,17.495265548880706,0.5385071563237827,0.5337902114064952,0.009614351646378116,0.011712998981186162,12600.0,16675.0
PF00072,PF00076,36,0,215.42060270710604,19.38224992940345,85.12603369593825,12.02648878916393,201.36867883211482,80.84820765078511,29.97112677447452,17.495265548880706,0.6702888612594413,0.6002081425849409,0.013255424918066616,0.009124404671623272,14550.0,13562.5
PF00072,PF00076,37,1,216.6575149128694,17.097027657448315,76.43523708014396,11.183052260071175,201.36867883211482,80.84820765078511,29.97112677447452,17.495265548880706,0.6374330153393519,0.5600677628420292,0.010834844530450695,0.009293367658761442,13550.0,13125.0
PF00072,PF00076,38,2,205.56355372775462,17.334858474835595,83.58745775010738,11.548743708617284,201.36867883211482,80.84820765078511,29.97112677447452,17.495265548880706,0.46200307655867506,0.5314410366606546,0.007481420672085688,0.010422722273085057,11050.0,14062.5
PF00072,PF00076,42,0,220.23897200914405,17.001954497695845,86.17877492782404,12.981533393407329,201.36867883211482,80.84820765078511,29.97112677447452,17.495265548880706,0.7105473446365067,0.6392089802588788,0.013850142492870752,0.014743483062754852,14512.5,17825.0
PF00072,PF00076,43,1,222.67451485361275,16.827507436073496,89.91515729590863,11.096813031194372,201.36867883211482,80.84820765078511,29.97112677447452,17.495265548880706,0.7659377822710985,0.6572360571448088,0.018129654789017666,0.014697154141685806,15837.5,15162.5
PF00072,PF00076,44,2,209.58214389891882,17.338735350709555,85.48920195041596,10.600476649308753,201.36867883211482,80.84820765078511,29.97112677447452,17.495265548880706,0.5123201729059296,0.5298723720810656,0.01014048081631882,0.00869204864030499,13400.0,14425.0
PF00072,PF00076,48,0,220.69508885959115,16.908652491875046,84.25067371485773,12.96237578121245,201.36867883211482,80.84820765078511,29.97112677447452,17.495265548880706,0.7149307563513667,0.6289924297291052,0.02146333140728685,0.012808049723627543,15550.0,17162.5
PF00072,PF00076,49,1,219.44008085497435,14.752683320047279,83.05025245984325,12.356730294174037,201.36867883211482,80.84820765078511,29.97112677447452,17.495265548880706,0.652408540800385,0.5712649236199397,0.014625340638058182,0.012098173400138912,14075.0,14775.0
PF00072,PF00076,50,2,225.50448638009962,14.159504571023238,80.54624085085254,10.733659340520038,201.36867883211482,80.84820765078511,29.97112677447452,17.495265548880706,0.8151191265720651,0.48976242443964507,0.029591206846268193,0.00817413359693239,14325.0,13162.5
PF00072,PF00076,54,0,220.30240421117,13.950892225215473,81.56631831717894,12.248930122152377,201.36867883211482,80.84820765078511,29.97112677447452,17.495265548880706,0.6669504186178861,0.563193218633451,0.016717589280827873,0.009311916527520185,13437.5,13825.0
PF00072,PF00076,55,1,216.59928437184746,15.723587343906592,86.91070228322502,10.604823387078008,201.36867883211482,80.84820765078511,29.97112677447452,17.495265548880706,0.6047208076991114,0.5663439268897554,0.011788536364600541,0.012688910500951382,12412.5,13425.0
PF00072,PF00076,56,2,222.4140288972859,14.260981808641747,81.79070393113614,10.374666899646552,201.36867883211482,80.84820765078511,29.97112677447452,17.495265548880706,0.7314639386692923,0.46701468463566526,0.020455236195576924,0.008571954574844377,14162.5,12562.5
PF00072,PF00076,60,0,227.00518473739692,15.885328600055365,83.9797704206826,9.961106175144938,201.36867883211482,80.84820765078511,29.97112677447452,17.495265548880706,0.8910357199167287,0.467657714777527,0.04086865153742851,0.008698384553320075,17000.0,13487.5
PF00072,PF00076,61,1,227.8123017470025,14.243815685965322,87.34918738169513,9.859674377467304,201.36867883211482,80.84820765078511,29.97112677447452,17.495265548880706,0.8940682868629943,0.5207535687246465,0.03168455913096944,0.008492980825979674,17337.5,13287.5
PF00072,PF00076,62,2,214.9421152736147,14.063513222997898,81.85191788571201,11.001796987306452,201.36867883211482,80.84820765078511,29.97112677447452,17.495265548880706,0.552352338631893,0.5092289307796614,0.012587925615343276,0.00875237025806806,12537.5,12537.5
PF00072,PF00076,66,0,220.47927330828708,15.492316839300504,93.90143761288691,11.008287768664596,201.36867883211482,80.84820765078511,29.97112677447452,17.495265548880706,0.6861792648844394,0.8140816251315662,0.013962395544906773,0.036134211234761196,14450.0,17425.0
PF00072,PF00076,67,1,238.01897121895615,15.606873028604639,89.025274792281,11.012420863052927,201.36867883211482,80.84820765078511,29.97112677447452,17.495265548880706,1.2238243149259744,0.6352383414586561,0.1995621407202995,0.011901992339525441,27275.0,13612.5
PF00072,PF00076,68,2,224.68767828494114,15.720833410696244,96.01852968629301,9.894918359966644,201.36867883211482,80.84820765078511,29.97112677447452,17.495265548880706,0.8064713828937488,0.9028759274813493,0.021410554672738922,0.04160137871376407,13975.0,18337.5
PF00072,PF00076,72,0,229.85684357196834,15.153147572771259,94.45315141148883,12.318854726623037,201.36867883211482,80.84820765078511,29.97112677447452,17.495265548880706,0.9547668111083576,0.8728265408028666,0.03413277077831132,0.033296139878564064,19012.5,18962.5
PF00072,PF00076,73,1,230.7436700007075,15.10603894397403,92.12591676494954,9.923842908853779,201.36867883211482,80.84820765078511,29.97112677447452,17.495265548880706,0.9924351920155097,0.7116037336094051,0.07784733633474564,0.017158297265119186,21850.0,16175.0
PF00072,PF00076,74,2,222.89988608269886,14.243231022176303,90.9539900863721,11.956834244375935,201.36867883211482,80.84820765078511,29.97112677447452,17.495265548880706,0.7339874168445522,0.7483767119651757,0.027530669141339992,0.02542685784557646,12962.5,15625.0
PF00072,PF00076,78,0,232.59433905583904,16.05744946520452,87.53967940846059,12.13117047871626,201.36867883211482,80.84820765078511,29.97112677447452,17.495265548880706,1.052103847591689,0.6513977913246733,0.06537203100891018,0.01889140831085637,18825.0,15687.5
PF00072,PF00076,79,1,236.86123980773598,16.0558616802117,105.544324123241,8.686144022059082,201.36867883211482,80.84820765078511,29.97112677447452,17.495265548880706,1.194320353339938,1.4122723768569834,0.10890279702410506,0.2901567094653501,23412.5,36112.5
PF00072,PF00076,80,2,225.70471237353107,15.442903402543228,88.78641280976989,11.044786015426745,201.36867883211482,80.84820765078511,29.97112677447452,17.495265548880706,0.840352253293241,0.6340821949598723,0.023764133833948885,0.014468184460595066,13337.5,14662.5
PF00072,PF00076,84,0,228.8744048816304,14.893135960826804,87.55959755471734,9.754194563397688,201.36867883211482,80.84820765078511,29.97112677447452,17.495265548880706,0.9320548762880096,0.5451563774967574,0.03817335425227604,0.009829115385396249,17425.0,14287.5
PF00072,PF00076,85,1,230.8568209522424,15.107573955826139,99.09523147684092,10.139365192920838,201.36867883211482,80.84820765078511,29.97112677447452,17.495265548880706,0.9909906190250602,1.0871387911806507,0.05264898321116224,0.10740980587137763,18650.0,22025.0
PF00072,PF00076,86,2,218.96934757562937,14.845859328406279,83.40441805702993,10.952118612996939,201.36867883211482,80.84820765078511,29.97112677447452,17.495265548880706,0.6596088375209033,0.5156278672726092,0.016809530828680447,0.010843634608813895,13937.5,13687.5
PF00096,PF00397,12,0,19.157176966504313,3.1402664415356245,39.7086635671161,5.791936737840333,16.436232766230635,34.45049111539599,5.230388282054999,7.292449697522858,0.6255475706632783,0.8795147797206565,0.011106837438324883,0.019141173552537773,10475.0,14937.5
PF00096,PF00397,13,1,21.34713891660169,3.212424462023844,40.90306837460252,4.906112608406361,16.436232766230635,34.45049111539599,5.230388282054999,7.292449697522858,0.9668465299297085,0.9246152570294873,0.02312727270383236,0.01984182567929419,11712.5,19312.5
PF00096,PF00397,14,2,19.231705571283953,3.047127155952911,31.715953715625815,4.958905916286135,16.436232766230635,34.45049111539599,5.230388282054999,7.292449697522858,0.6408405015278548,0.6578821096596573,0.011294807018192708,0.010312279834268696,10000.0,12687.5
PF00096,PF00397,18,0,31.59098717436849,6.806831872365076,44.21012831951628,6.259084547081666,16.436232766230635,34.45049111539599,5.230388282054999,7.292449697522858,2.8974434766406305,1.3633766246660592,1.4657775109292936,0.05054212975345812,210237.5,18287.5
PF00096,PF00397,19,1,17.468525806174743,3.2444262557547416,34.31821527512453,5.182580399513392,16.436232766230635,34.45049111539599,5.230388282054999,7.292449697522858,0.5199062712067255,0.5871764441804921,0.00788941256116181,0.010400028679557409,6912.5,8900.0
PF00096,PF00397,20,2,32.21244999037047,4.058938607408502,42.95564929856683,6.139916923091284,16.436232766230635,34.45049111539599,5.230388282054999,7.292449697522858,3.0162611977138774,1.1983570633191716,1.1900847255109321,0.02785456727994175,222212.5,20712.5
PF00096,PF00397,24,0,17.654698146904718,3.6427312083065777,47.22983191480889,5.261967144366225,16.436232766230635,34.45049111539599,5.230388282054999,7.292449697522858,0.5889214859964362,1.7526541858276397,0.008809129535437547,0.16406058674599458,9112.5,38425.0
PF00096,PF00397,25,1,20.246565340442288,3.5580823951120264,48.96292859204049,4.857064718006107,16.436232766230635,34.45049111539599,5.230388282054999,7.292449697522858,0.7984751645774277,1.9900634325354571,0.01447461457803195,0.47367619829952673,9125.0,58975.0
PF00096,PF00397,26,2,16.538147921533334,4.0091567986404755,46.762707854861794,5.861391625673282,16.436232766230635,34.45049111539599,5.230388282054999,7.292449697522858,0.6089066147116127,1.6892843641982838,0.010646562416966501,0.11569409317585361,14687.5,29062.5
PF00096,PF00397,30,0,20.13294332806353,5.490682029256935,46.79265398324549,5.404592399774876,16.436232766230635,34.45049111539599,5.230388282054999,7.292449697522858,0.8980799693251486,1.7019328814025838,0.16618701436098482,0.18945174790063657,62237.5,31625.0
PF00096,PF00397,31,1,25.94176782241484,3.7975204177972417,43.3340597686575,6.718657704416283,16.436232766230635,34.45049111539599,5.230388282054999,7.292449697522858,1.8333089308066262,1.258921815092596,0.11142603523259823,0.03457451532152185,19412.5,32137.5
PF00096,PF00397,32,2,20.38680735766203,4.140860265798347,48.684750728440484,4.711412248415274,16.436232766230635,34.45049111539599,5.230388282054999,7.292449697522858,0.8671747145447745,1.951917421916489,0.01842981063969101,0.35195748203687743,32275.0,42200.0
PF00096,PF00397,36,0,17.347189891806977,3.923519855224483,45.180484385894616,4.61769753740137,16.436232766230635,34.45049111539599,5.230388282054999,7.292449697522858,0.6203716111629375,1.4762721415956208,0.008376013883556126,0.12000184667133518,9062.5,25175.0
PF00096,PF00397,37,1,25.44085243331266,8.47027945030498,43.99918155959696,8.058112650014339,16.436232766230635,34.45049111539599,5.230388282054999,7.292449697522858,1.8729695775907087,1.4063426798811764,0.977421439930099,0.22823296854686567,164512.5,49975.0
PF00096,PF00397,38,2,18.91457733778595,3.830965219242532,50.745106350915705,4.79277325968008,16.436232766230635,34.45049111539599,5.230388282054999,7.292449697522858,0.6577976491232603,2.2344501383471673,0.015366670295910758,0.7695430305382813,10325.0,132425.0
PF00096,PF00397,42,0,17.210862472774597,4.568408216449757,54.402643742116055,5.83476915875855,16.436232766230635,34.45049111539599,5.230388282054999,7.292449697522858,0.6783344654320337,2.7360014061526567,0.04385723476172483,0.5831197578636622,55600.0,90975.0
PF00096,PF00397,43,1,34.341911310921844,7.016378272202721,44.18471779839276,6.099796212742169,16.436232766230635,34.45049111539599,5.230388282054999,7.292449697522858,3.441107461500197,1.3390636802213256,2.100741673032672,0.2274718042379825,216650.0,48837.5
PF00096,PF00397,44,2,17.242540272833168,3.579487727917854,47.58227255967121,4.324819290436761,16.436232766230635,34.45049111539599,5.230388282054999,7.292449697522858,0.5651512942326992,1.8007366507767477,0.009873481459628552,0.24205440172271178,11200.0,36962.5
PF00096,PF00397,48,0,35.968995339159314,8.744467767740517,48.5054375504631,7.418369943390621,16.436232766230635,34.45049111539599,5.230388282054999,7.292449697522858,3.734476585599556,1.9336077600760289,1.885757211301096,0.4508053280338727,178400.0,98100.0
PF00096,PF00397,49,1,39.70693520315821,8.198995292997514,50.620292176612814,6.40633472160074,16.436232766230635,34.45049111539599,5.230388282054999,7.292449697522858,4.449134783504945,2.2173346038587662,2.597838905483799,0.742277558712683,203312.5,102112.5
PF00096,PF00397,50,2,24.89285586103855,5.536044533747216,58.214442112513204,6.947603079499008,16.436232766230635,34.45049111539599,5.230388282054999,7.292449697522858,1.6277006257995164,3.26002401634946,0.12987937480611744,0.7273983775571164,42450.0,124250.0
PF00096,PF00397,54,0,21.430732262717164,3.7537742681278545,52.028352141203925,5.352255556728797,16.436232766230635,34.45049111539599,5.230388282054999,7.292449697522858,0.960967604540972,2.410797136661782,0.041930702905550524,0.4937569959636525,53637.5,81387.5
PF00096,PF00397,55,1,29.640977903295756,5.65373262070915,55.226764617506376,4.81108815264476,16.436232766230635,34.45049111539599,5.230388282054999,7.292449697522858,2.524620434465532,2.849011561803133,1.123955287803287,1.0681498809712051,150662.5,167300.0
PF00096,PF00397,56,2,33.464518223305454,4.246505665832356,52.713280071926675,5.284219502380702,16.436232766230635,34.45049111539599,5.230388282054999,7.292449697522858,3.255644617340812,2.5043421228855784,1.5486125068878431,1.091863873062443,240175.0,196562.5
PF00096,PF00397,60,0,41.737224450479026,7.716488476358691,49.716384047568866,7.524408501265834,16.436232766230635,34.45049111539599,5.230388282054999,7.292449697522858,4.837306586024189,2.0971901441035787,2.1353703951375937,0.6043379179088141,192375.0,102137.5
PF00096,PF00397,61,1,35.7005088197926,5.108208053460977,61.50401474063904,7.156152895609281,16.436232766230635,34.45049111539599,5.230388282054999,7.292449697522858,3.6831445419943303,3.7097991412176294,1.0022833414756467,1.5580884229341265,186062.5,239625.0
PF00096,PF00397,62,2,27.24279161928939,5.957550786101569,58.951846402429865,6.9318712747170865,16.436232766230635,34.45049111539599,5.230388282054999,7.292449697522858,2.0816511363196533,3.3598250661031823,0.0571595429693679,1.2251737099373956,18437.5,218712.5
PF00072,PF00512,12,0,202.25543108220904,17.893386184717432,113.35568777407312,9.755670743619948,201.36867883211482,105.72150320304084,29.97112677447452,17.686172366262216,0.4810698846262613,0.5668159108292216,0.009210372592061917,0.009905399144332534,12537.5,10250.0
PF00072,PF00512,13,1,215.63429420489933,16.97580887396342,107.43644877458206,9.033379517033133,201.36867883211482,105.72150320304084,29.97112677447452,17.686172366262216,0.5916839245116655,0.41467278277192826,0.011735866898934959,0.0072307038894935125,13750.0,9475.0
PF00072,PF00512,14,2,210.31110918180275,17.379534547660747,105.20208736017601,10.385106105534998,201.36867883211482,105.72150320304084,29.97112677447452,17.686172366262216,0.5087064484170929,0.45484811969793637,0.009313522155746991,0.006900758073967812,12662.5,8525.0
PF00072,PF00512,18,0,208.01740640148336,17.828177408107194,104.11914018961608,9.625354476867912,201.36867883211482,105.72150320304084,29.97112677447452,17.686172366262216,0.488574283327501,0.449079242503029,0.009326439957998391,0.00694389840122511,12700.0,8300.0
PF00072,PF00512,19,1,209.81551473434632,16.271493592325488,112.1254074892151,8.031940788360359,201.36867883211482,105.72150320304084,29.97112677447452,17.686172366262216,0.4849482035962734,0.4789025834029569,0.008317415723353897,0.00904087270257721,12037.5,9575.0
PF00072,PF00512,20,2,209.98854393651075,15.711434065017558,110.35484379723319,9.737915016472321,201.36867883211482,105.72150320304084,29.97112677447452,17.686172366262216,0.4878731322667808,0.48817938362173163,0.008215064447722917,0.007595983471469194,12762.5,9337.5
PF00072,PF00512,24,0,215.05222173478356,17.09511272129926,110.08998003801904,10.484336365103312,201.36867883211482,105.72150320304084,29.97112677447452,17.686172366262216,0.5916986711395034,0.5116982606912208,0.010378503632814584,0.008742476380597334,13112.5,9112.5
PF00072,PF00512,25,1,212.84244912713325,15.49931304172692,110.84511253593995,10.497383287038337,201.36867883211482,105.72150320304084,29.97112677447452,17.686172366262216,0.5343043921578531,0.5169744976075731,0.010401618392586758,0.0076298362472918355,13437.5,10462.5
PF00072,PF00512,26,2,209.6240842885746,16.062061603007084,111.10701593573107,9.70811556764082,201.36867883211482,105.72150320304084,29.97112677447452,17.686172366262216,0.49749505404107763,0.4831984082573834,0.00985483447277213,0.008227822872835302,12700.0,9925.0
PF00072,PF00512,30,0,219.73904199175632,15.584839314051386,116.24975406686444,8.463930541184572,201.36867883211482,105.72150320304084,29.97112677447452,17.686172366262216,0.6925795121089128,0.6459707021028455,0.02130430277668658,0.013288630290236414,15000.0,10625.0
PF00072,PF00512,31,1,213.23347833943197,16.807568890950183,111.44959939680768,9.649568689388797,201.36867883211482,105.72150320304084,29.97112677447452,17.686172366262216,0.5620040939493136,0.5290469582970841,0.009471964426518032,0.008699661949063305,13475.0,10350.0
PF00072,PF00512,32,2,207.1757725674216,15.947002724467035,110.43145161389697,8.714996322247286,201.36867883211482,105.72150320304084,29.97112677447452,17.686172366262216,0.4584177801625404,0.4417167888281675,0.008394847376679697,0.008332714415103115,11775.0,9300.0
PF00072,PF00512,36,0,222.4149994617072,16.9800498881727,117.67527559934656,8.855024655474704,201.36867883211482,105.72150320304084,29.97112677447452,17.686172366262216,0.7733633452048028,0.7145498178367015,0.017476303933061304,0.019543154872172116,16625.0,11800.0
PF00072,PF00512,37,1,220.8735584690393,15.63330341819527,114.4436142951579,9.440987566119901,201.36867883211482,105.72150320304084,29.97112677447452,17.686172366262216,0.6949512225542116,0.5965723926951125,0.016791294043073102,0.014663342515183482,13075.0,12837.5
PF00072,PF00512,38,2,203.70469775465077,17.21333840777122,108.81797481383916,9.783576999293537,201.36867883211482,105.72150320304084,29.97112677447452,17.686172366262216,0.4601747221882772,0.45725333653828815,0.007555554081315186,0.008895096847375567,12225.0,9475.0
PF00072,PF00512,42,0,212.84138673397698,15.707798519115991,110.08027245190206,10.008338715885326,201.36867883211482,105.72150320304084,29.97112677447452,17.686172366262216,0.5381204397583141,0.4961306184666831,0.010996829870297825,0.0074124259612144685,13212.5,9137.5
PF00072,PF00512,43,1,223.7330809759802,15.143537563123344,109.78050007900208,9.911955260700259,201.36867883211482,105.72150320304084,29.97112677447452,17.686172366262216,0.7694625825413408,0.48442140023758584,0.017277295531136782,0.007419506386025239,15750.0,9337.5
PF00072,PF00512,44,2,215.15765398560401,16.89250370534028,105.56355181200189,9.389498708556694,201.36867883211482,105.72150320304084,29.97112677447452,17.686172366262216,0.5974555056758857,0.41748867842861087,0.0122080374467242,0.006548637534288323,13800.0,8362.5
PF00072,PF00512,48,0,235.1423050102901,15.70259096609287,117.73329903247955,10.547798540796775,201.36867883211482,105.72150320304084,29.97112677447452,17.686172366262216,1.1318882661572442,0.7554887748044686,0.08003892362433045,0.014130414284486303,20525.0,11262.5
PF00072,PF00512,49,1,228.61507398873044,16.379283549799077,112.66168113939773,10.636331236870234,201.36867883211482,105.72150320304084,29.97112677447452,17.686172366262216,0.9338915839375133,0.5775094166787125,0.035629207634528086,0.01112935941908347,15525.0,10175.0
PF00072,PF00512,50,2,217.54182001603698,14.932658501175572,114.55621703166531,8.50377314341462,201.36867883211482,105.72150320304084,29.97112677447452,17.686172366262216,0.5999336711214535,0.5716869831794961,0.012784217947404522,0.009350166038891333,13425.0,9787.5
PF00072,PF00512,54,0,225.04026355128215,15.218433065338434,118.18681491282481,9.719801456256045,201.36867883211482,105.72150320304084,29.97112677447452,17.686172366262216,0.8052259063505542,0.7531218321569625,0.024900001951305907,0.021254605033596094,16300.0,12125.0
PF00072,PF00512,55,1,229.1012881469296,15.774643422405578,108.89708706083134,9.468940960173148,201.36867883211482,105.72150320304084,29.97112677447452,17.686172366262216,0.941195559669741,0.43978456317367104,0.0538014701615165,0.007158529886032421,17537.5,9300.0
PF00072,PF00512,56,2,222.36762428287358,14.22274809080434,104.70747076075246,9.672306247126812,201.36867883211482,105.72150320304084,29.97112677447452,17.686172366262216,0.7328063453626057,0.43209508325062446,0.018462433279024016,0.007550245318443547,14187.5,8625.0
PF00072,PF00512,60,0,214.1316847795533,15.426505437090784,116.52671981496121,8.384688247560627,201.36867883211482,105.72150320304084,29.97112677447452,17.686172366262216,0.5389019059899638,0.6526919003453661,0.009980662062782303,0.01454530567418173,12800.0,11112.5
PF00072,PF00512,61,1,226.80305188670695,14.65258454993356,108.4910844713368,10.59726603963898,201.36867883211482,105.72150320304084,29.97112677447452,17.686172366262216,0.8597572963837391,0.5068345910693323,0.03598308987481289,0.007374305114908347,14950.0,9350.0
PF00072,PF00512,62,2,217.02197446891637,16.312493742298024,112.8968586777745,10.243310368321369,201.36867883211482,105.72150320304084,29.97112677447452,17.686172366262216,0.6073465819665234,0.5675948533821509,0.012913392379455022,0.009810162235604113,14012.5,9162.5
PF00072,PF00512,66,0,225.43158016389643,17.407769137151107,115.85665798796683,13.15634397920121,201.36867883211482,105.72150320304084,29.97112677447452,17.686172366262216,0.8285854671079156,0.7790639738068166,0.027317909162553663,0.01844921938348425,16850.0,11475.0
PF00072,PF00512,67,1,234.6312235841302,15.54578427871088,112.28559388586811,10.259611796788514,201.36867883211482,105.72150320304084,29.97112677447452,17.686172366262216,1.1164648005154836,0.5538505615889785,0.07510862428238056,0.0101409864944162,20787.5,10537.5
PF00072,PF00512,68,2,221.77550729744755,15.20621629245086,105.9303084983181,9.431706107631925,201.36867883211482,105.72150320304084,29.97112677447452,17.686172366262216,0.7121966479614957,0.4271638992736868,0.01684241329450479,0.006967616539324245,12775.0,8212.5
PF00072,PF00512,72,0,227.24674275201505,14.624499421945933,107.93267144397647,10.389898543599989,201.36867883211482,105.72150320304084,29.97112677447452,17.686172366262216,0.8851266347268576,0.49505904039970067,0.029999074959267437,0.006503000439787449,15262.5,9325.0
PF00072,PF00512,73,1,218.31196838699503,14.236909047842662,103.5543930381743,11.304739640205455,201.36867883211482,105.72150320304084,29.97112677447452,17.686172366262216,0.6203175532034357,0.5223313083244264,0.014096132391453275,0.009036118691971068,13237.5,8562.5
PF00072,PF00512,74,2,211.57446291194793,14.531935990507533,104.86974579636352,9.405352489432719,201.36867883211482,105.72150320304084,29.97112677447452,17.686172366262216,0.48174264435310055,0.4192507269880192,0.008659465844808738,0.007322603065066579,12737.5,8300.0
PF00072,PF00512,78,0,228.52568707041647,16.06635196617936,115.19974950192771,11.361933122993802,201.36867883211482,105.72150320304084,29.97112677447452,17.686172366262216,0.9238924650763092,0.6887974333556763,0.03708748475321277,0.012195348316969308,18100.0,11025.0
PF00072,PF00512,79,1,229.0240820110895,14.275377731670794,112.58242933959144,9.773323024204538,201.36867883211482,105.72150320304084,29.97112677447452,17.686172366262216,0.9358598606558545,0.545961127822256,0.055817261438326514,0.011530481672046084,16725.0,9775.0
PF00072,PF00512,80,2,209.95189565396169,16.135854834651035,105.95177302704465,8.832536578860102,201.36867883211482,105.72150320304084,29.97112677447452,17.686172366262216,0.48957511020113137,0.394254524797562,0.008520688228882937,0.00739884983323697,11725.0,8437.5
PF00072,PF00512,84,0,230.2632033071341,15.896941388056101,118.485968182096,9.337414180724934,201.36867883211482,105.72150320304084,29.97112677447452,17.686172366262216,0.9908380910728409,0.7788960718715353,0.04668890334468674,0.019002436147387815,17537.5,10837.5
PF00072,PF00512,85,1,232.88894035766785,13.786962072774962,105.91564223625272,10.265724135675216,201.36867883211482,105.72150320304084,29.97112677447452,17.686172366262216,1.052254071223706,0.4745923979542941,0.06950659950542233,0.007397854007009601,15512.5,9187.5
PF00072,PF00512,86,2,216.24137165214276,13.759292524600346,104.83206409583225,10.356245089061245,201.36867883211482,105.72150320304084,29.97112677447452,17.686172366262216,0.566685759015002,0.464185344998529,0.01058225034518347,0.007574685682272237,11512.5,8487.5
PF00076,PF00153,12,0,79.81949993716123,11.170859161470004,89.82725698383912,13.075001362978565,80.84820765078511,92.55486889551554,17.495265548880706,25.61876806220977,0.515071805163227,0.41363472859582123,0.007774850126023903,0.01088620539634929,12500.0,19637.5
PF00076,PF00153,13,1,76.1152163247592,13.448712529119183,92.88385347175142,13.107654474102679,80.84820765078511,92.55486889551554,17.495265548880706,25.61876806220977,0.645032415538848,0.40168280550502544,0.01083656073417032,0.011313724533726938,11700.0,19925.0
PF00076,PF00153,14,2,71.9578020775692,12.812449000574992,90.3682742648968,13.475395042250037,80.84820765078511,92.55486889551554,17.495265548880706,25.61876806220977,0.7635626229784799,0.4256409985951213,0.01608437433186107,0.010871841629899005,12750.0,18175.0
PF00076,PF00153,18,0,83.24181932598158,10.085098472275469,92.53791336199609,12.886939267861127,80.84820765078511,92.55486889551554,17.495265548880706,25.61876806220977,0.47455670884551515,0.40000171442996774,0.008138342115230339,0.011395448878518556,12312.5,21087.5
PF00076,PF00153,19,1,81.72238073769962,10.763905554504056,96.42338537706226,14.388190248402822,80.84820765078511,92.55486889551554,17.495265548880706,25.61876806220977,0.4724202690904302,0.4602931117541593,0.009659343818674667,0.015656362105562805,12600.0,20462.5
PF00076,PF00153,20,2,77.9842085167933,10.791319258026281,91.56627152529778,13.052706872472786,80.84820765078511,92.55486889551554,17.495265548880706,25.61876806220977,0.5322100796319701,0.39437508229311324,0.009271988203973425,0.01177562625068028,11775.0,17400.0
PF00076,PF00153,24,0,84.70320792200509,11.771498717540247,94.93908261695283,13.692276812898658,80.84820765078511,92.55486889551554,17.495265548880706,25.61876806220977,0.5889884296274694,0.42370395406165107,0.008807265617667337,0.013894654474793393,13837.5,21362.5
PF00076,PF00153,25,1,80.89079923936958,12.052931625047394,93.16915719873167,13.625096339329765,80.84820765078511,92.55486889551554,17.495265548880706,25.61876806220977,0.5500073537801642,0.4224525249153448,0.009888376930139579,0.01221467294625923,12162.5,20187.5
PF00076,PF00153,26,2,78.34194091117801,10.09607236975246,95.12682706506861,12.730546366099635,80.84820765078511,92.55486889551554,17.495265548880706,25.61876806220977,0.46866677827931164,0.39881279956559645,0.008557526535424121,0.013111945732315045,11837.5,19000.0
PF00076,PF00153,30,0,80.45421030758489,12.467082134199442,97.63144189579779,12.658029141123777,80.84820765078511,92.55486889551554,17.495265548880706,25.61876806220977,0.5755157938402581,0.4209368667361538,0.011570259742715647,0.012966973641435372,16700.0,21762.5
PF00076,PF00153,31,1,90.92067651463418,10.701273910112864,94.55106571811463,13.323672201180258,80.84820765078511,92.55486889551554,17.495265548880706,25.61876806220977,0.6861577312617254,0.41402031289718466,0.017730786727196815,0.013048030407142275,18937.5,17012.5
PF00076,PF00153,32,2,85.76719434178014,11.896275297939171,95.90120329713677,14.633513532377062,80.84820765078511,92.55486889551554,17.495265548880706,25.61876806220977,0.5870750346565942,0.48707804432200624,0.011518912750370824,0.0162444182900679,13962.5,22050.0
PF00076,PF00153,36,0,87.13355920130421,10.032905222462656,94.17632851736626,13.767213353665147,80.84820765078511,92.55486889551554,17.495265548880706,25.61876806220977,0.5540872588550265,0.4125592595603795,0.010999123586722838,0.01258239216483772,13775.0,19175.0
PF00076,PF00153,37,1,83.88770015785725,11.546842195878066,98.9390029570772,10.292565441399658,80.84820765078511,92.55486889551554,17.495265548880706,25.61876806220977,0.5442864502902577,0.3875165191984851,0.00922626789866026,0.01139129813673755,12562.5,18837.5
PF00076,PF00153,38,2,77.91344611263469,11.182316279221425,97.79268953157847,11.750669887996471,80.84820765078511,92.55486889551554,17.495265548880706,25.61876806220977,0.5402066911186958,0.3966641289015549,0.010317971689533594,0.015192177073693018,12950.0,18450.0
PF00076,PF00153,42,0,77.44025207218908,12.5795947895285,103.75748630282739,12.227443489178613,80.84820765078511,92.55486889551554,17.495265548880706,25.61876806220977,0.6238342094800722,0.5247296151409412,0.011039820749891367,0.0427059936458718,14487.5,25975.0
PF00076,PF00153,43,1,78.23567470082307,12.293892599294008,103.89070641000835,11.190666674405373,80.84820765078511,92.55486889551554,17.495265548880706,25.61876806220977,0.5855164654846007,0.5209944586162859,0.010688021357751704,0.026132970653689205,13212.5,18100.0
PF00076,PF00153,44,2,90.29141264317565,10.919035048393948,93.54204582841867,15.928717392044934,80.84820765078511,92.55486889551554,17.495265548880706,25.61876806220977,0.6902056760043243,0.5202848202320163,0.011532901694139683,0.017926042047813853,13837.5,18775.0
PF00076,PF00153,48,0,92.51594954854677,9.559626145949812,90.31170564371301,13.093292548711945,80.84820765078511,92.55486889551554,17.495265548880706,25.61876806220977,0.7252079965242902,0.4334440685925685,0.01606216744578079,0.011615908672718436,15625.0,26400.0
PF00076,PF00153,49,1,82.41598706994115,10.65637866934788,109.55063256600116,12.853460523493538,80.84820765078511,92.55486889551554,17.495265548880706,25.61876806220977,0.49624480892782274,0.7200181814903533,0.00844205315177412,0.09909979601393452,13762.5,29950.0
PF00076,PF00153,50,2,83.42684719733762,11.717805812216243,98.57460453007832,14.774503462729008,80.84820765078511,92.55486889551554,17.495265548880706,25.61876806220977,0.5379722117974148,0.5107769495586696,0.008920558310683646,0.02552639551704341,12750.0,22237.5
PF00076,PF00153,54,0,81.147293786208,10.579832685540195,94.8526840429023,14.340771063572088,80.84820765078511,92.55486889551554,17.495265548880706,25.61876806220977,0.4794183312291888,0.4650129170569404,0.008282793998179397,0.021898376363684222,13037.5,21100.0
PF00076,PF00153,55,1,78.28722231793368,12.643888940831102,107.75666240996597,11.854634847645366,80.84820765078511,92.55486889551554,17.495265548880706,25.61876806220977,0.5894612911536473,0.6428464289733775,0.010108497537005314,0.05251814617189703,12775.0,21237.5
PF00076,PF00153,56,2,87.33146079013366,10.991524871094555,105.1600521966015,16.281671081516386,80.84820765078511,92.55486889551554,17.495265548880706,25.61876806220977,0.6028341577332433,0.6844383988538303,0.008928968760897745,0.08782036221786337,12800.0,24400.0
PF00076,PF00153,60,0,85.79836125466922,11.261573611855807,104.74319119775845,13.147185058788816,80.84820765078511,92.55486889551554,17.495265548880706,25.61876806220977,0.5643891239242456,0.5781842781968025,0.011004567407402783,0.04558212077282588,14750.0,19562.5
PF00076,PF00153,61,1,85.50690264815923,12.099342976407511,112.5948983013572,11.066601351604362,80.84820765078511,92.55486889551554,17.495265548880706,25.61876806220977,0.5860529077658181,0.7864049063092868,0.011305907988009345,0.1943282605681244,14312.5,36575.0
PF00076,PF00153,62,2,81.29669759425938,12.267645293323252,99.3490809929193,12.747995586250733,80.84820765078511,92.55486889551554,17.495265548880706,25.61876806220977,0.5535074264949945,0.4479360200557227,0.010247694657945053,0.02101698443565111,13100.0,20275.0
PF00076,PF00153,66,0,89.47088272385788,10.931271039378005,118.21181017052874,12.578277064193632,80.84820765078511,92.55486889551554,17.495265548880706,25.61876806220977,0.6441210741658022,1.011024583759774,0.01939223746427109,0.22530853294234462,18175.0,37625.0
PF00076,PF00153,67,1,87.2628671158776,10.393362698218974,124.75549783488974,13.800301313091886,80.84820765078511,92.55486889551554,17.495265548880706,25.61876806220977,0.5661607248416104,1.2595491262905356,0.011637492612967234,0.47128914242272474,13087.5,100162.5
PF00076,PF00153,68,2,95.11919924723829,10.09131163187507,101.7315183409717,13.309273569711403,80.84820765078511,92.55486889551554,17.495265548880706,25.61876806220977,0.8631766850505399,0.5096280280527372,0.04908756625133655,0.03740299834811405,17787.5,21187.5
PF00076,PF00153,72,0,90.70166850126483,11.14893981341199,103.75420080185921,17.689728242580685,80.84820765078511,92.55486889551554,17.495265548880706,25.61876806220977,0.6856971958749566,0.70614355621986,0.024772815589680405,0.0898523885383027,15387.5,25212.5
PF00076,PF00153,73,1,81.14657903540058,15.32755743056795,116.05734865096684,13.559195848840522,80.84820765078511,92.55486889551554,17.495265548880706,25.61876806220977,0.7369251319284047,0.937651795391515,0.016630752392659088,0.17412242475777212,13937.5,36650.0
PF00076,PF00153,74,2,104.83555043212837,10.107135531475,101.50927146479754,14.434748248810932,80.84820765078511,92.55486889551554,17.495265548880706,25.61876806220977,1.3736394686452513,0.5228456386976527,0.27644550339707863,0.0383242790781559,33550.0,24175.0
PF00076,PF00153,78,0,90.0146370771365,11.219087834309732,114.42661123451536,14.380326828877086,80.84820765078511,92.55486889551554,17.495265548880706,25.61876806220977,0.6567722789843099,0.8839177679302392,0.019558136024750813,0.19203755021456945,16812.5,38062.5
PF00076,PF00153,79,1,103.42718857511616,9.89173432796516,122.41115854633438,14.855324578816063,80.84820765078511,92.55486889551554,17.495265548880706,25.61876806220977,1.2974458979753387,1.1972801185226738,0.24588443228437018,0.3999348192027081,34937.5,50950.0
PF00076,PF00153,80,2,89.8064719350528,10.2296446007879,110.26199186389691,13.027685751384007,80.84820765078511,92.55486889551554,17.495265548880706,25.61876806220977,0.629403848826137,0.756166555049064,0.01180342968238,0.07860193186226945,14025.0,24675.0
PF00076,PF00153,84,0,97.1390859714919,9.142040150571436,106.51077675120257,17.21993326181154,80.84820765078511,92.55486889551554,17.495265548880706,25.61876806220977,0.9409491038786991,0.7306915526295009,0.06073561512192715,0.1316544838862664,18387.5,29362.5
PF00076,PF00153,85,1,104.68904859688095,8.74071370861661,110.12567300792455,14.619453079587496,80.84820765078511,92.55486889551554,17.495265548880706,25.61876806220977,1.3644845823518374,0.7556372972638132,0.2522247643705222,0.1182375305102889,28012.5,34887.5
PF00076,PF00153,86,2,92.56882043094988,10.440157886203297,105.59841146257816,13.347370362259019,80.84820765078511,92.55486889551554,17.495265548880706,25.61876806220977,0.7502491186452778,0.6153825264078943,0.030653146405471402,0.10866668936589774,19925.0,36312.5
PF00072,PF00153,12,0,204.65586587758992,17.606555200474332,92.042554023903,12.84035359278345,201.36867883211482,92.55486889551554,29.97112677447452,25.61876806220977,0.4809810195294053,0.40030297022049866,0.00842172987221418,0.012588225096785874,12700.0,22537.5
PF00072,PF00153,13,1,212.76414349709898,17.67592865676768,93.70156006316998,13.593912699344635,201.36867883211482,92.55486889551554,29.97112677447452,25.61876806220977,0.5742546261527987,0.4207019053949112,0.009148250153036008,0.016905483574326002,14162.5,24150.0
PF00072,PF00153,14,2,208.97835153275975,17.90704531150062,93.68074356761092,13.51629810683717,201.36867883211482,92.55486889551554,29.97112677447452,25.61876806220977,0.5308007559598344,0.4132998281633432,0.008954272762300312,0.014144267160572791,13262.5,23500.0
PF00072,PF00153,18,0,213.5619163339475,16.07969697941804,92.93464938333774,15.358143682116689,201.36867883211482,92.55486889551554,29.97112677447452,25.61876806220977,0.5424172175499455,0.48918502982333445,0.008649334683143503,0.024504629116727985,14200.0,26025.0
PF00072,PF00153,19,1,208.625203117537,15.21888693806298,96.65082211213998,14.23835645864946,201.36867883211482,92.55486889551554,29.97112677447452,25.61876806220977,0.45228375757974193,0.47325496923205274,0.007624903673230088,0.024697197126693275,13275.0,25600.0
PF00072,PF00153,20,2,211.83227472410042,17.76168355551446,92.72043315157461,13.691292149440942,201.36867883211482,92.55486889551554,29.97112677447452,25.61876806220977,0.5445386515772753,0.4143594585956079,0.009801641847647518,0.015666424010965213,12675.0,21625.0
PF00072,PF00153,24,0,206.38097403922694,17.305786069209113,95.24107232966584,14.039233804832369,201.36867883211482,92.55486889551554,29.97112677447452,25.61876806220977,0.48833417901421944,0.42749681258107003,0.009229389328435464,0.015741230863447163,13237.5,25012.5
PF00072,PF00153,25,1,210.72692921813695,18.455800745070338,95.34791992193372,13.639823038339166,201.36867883211482,92.55486889551554,29.97112677447452,25.61876806220977,0.5680176486241075,0.43804014021932175,0.009888189701262524,0.0202826111611071,13725.0,24612.5
PF00072,PF00153,26,2,206.34831303733773,17.14762177563952,96.49033456406501,13.351865635394796,201.36867883211482,92.55486889551554,29.97112677447452,25.61876806220977,0.494280094826597,0.4363008287579902,0.008287486107425877,0.01638759551743243,13962.5,22762.5
PF00072,PF00153,30,0,215.9191653781099,16.037969999395226,101.91009167424279,13.397372280418985,201.36867883211482,92.55486889551554,29.97112677447452,25.61876806220977,0.5931095393565731,0.5271779030179812,0.0118173037939374,0.030200104557760867,14800.0,22875.0
PF00072,PF00153,31,1,210.0879770102536,16.555131675377464,94.83549000715209,14.145727807930864,201.36867883211482,92.55486889551554,29.97112677447452,25.61876806220977,0.5005348125268076,0.46660710125370997,0.008491387184073376,0.013308302888927249,13075.0,19575.0
PF00072,PF00153,32,2,210.86181638020008,15.198600145254076,95.16367976776337,13.720918182764004,201.36867883211482,92.55486889551554,29.97112677447452,25.61876806220977,0.4785251297152552,0.4369234285808416,0.00889681826647111,0.01935668904857136,13050.0,27437.5
PF00072,PF00153,36,0,216.80413749439325,17.089657060824134,98.11704596426166,13.26821198607435,201.36867883211482,92.55486889551554,29.97112677447452,25.61876806220977,0.6346632904018967,0.45052571856450185,0.012748898485185553,0.017698724453512546,16387.5,22950.0
PF00072,PF00153,37,1,220.2418191653427,16.433465011085328,101.64005831622049,11.6308166352091,201.36867883211482,92.55486889551554,29.97112677447452,25.61876806220977,0.6940327126692745,0.4709279336372481,0.014410194743961541,0.022127560298719862,15237.5,25562.5
PF00072,PF00153,38,2,204.50966447961997,18.794589094519424,96.58225351139048,11.180638121710462,201.36867883211482,92.55486889551554,29.97112677447452,25.61876806220977,0.5083580384513157,0.37985829615219413,0.009297969945991759,0.014674497038095145,12550.0,21150.0
PF00072,PF00153,42,0,225.0388426974339,16.477159151957007,97.95805482617958,14.265532669970924,201.36867883211482,92.55486889551554,29.97112677447452,25.61876806220977,0.834248879601453,0.4708560633069434,0.02075374702794808,0.04342593325129092,16637.5,29000.0
PF00072,PF00153,43,1,217.90110041388147,17.100461723986303,106.51389742630381,13.349743869741083,201.36867883211482,92.55486889551554,29.97112677447452,25.61876806220977,0.6264791626674391,0.6521222768075168,0.015704615758376207,0.061096132803569764,16312.5,27600.0
PF00072,PF00153,44,2,214.671139550318,17.350897296466886,95.07498744214568,14.02414877634041,201.36867883211482,92.55486889551554,29.97112677447452,25.61876806220977,0.5795380279820532,0.4477434838907385,0.012300136777055517,0.022851496920274487,14237.5,25425.0
PF00072,PF00153,48,0,226.45429401111818,15.6022085560077,104.98232800969923,12.380118884340737,201.36867883211482,92.55486889551554,29.97112677447452,25.61876806220977,0.8751908474874779,0.5646634394609923,0.03291788476087545,0.04886682981124899,19425.0,32087.5
PF00072,PF00153,49,1,229.41624990638266,16.776490290677536,113.51639585637795,13.067346595172385,201.36867883211482,92.55486889551554,29.97112677447452,25.61876806220977,0.9601296836544175,0.8543172523849152,0.03526910811331076,0.17209586402946309,17162.5,41887.5
PF00072,PF00153,50,2,221.0779297839279,15.988394099159489,103.20803729987651,13.914828421239008,201.36867883211482,92.55486889551554,29.97112677447452,25.61876806220977,0.704754159970293,0.5642281114709337,0.017552714714217977,0.05477726778957576,16650.0,30750.0
PF00072,PF00153,54,0,220.47694807979644,15.571576982532163,99.32335217098597,14.471772074182976,201.36867883211482,92.55486889551554,29.97112677447452,25.61876806220977,0.6984451048399366,0.4964403588654719,0.015690511881150525,0.03255624849635821,15675.0,24512.5
PF00072,PF00153,55,1,222.74214170756272,15.168916350421553,103.81104921083072,11.001171876382571,201.36867883211482,92.55486889551554,29.97112677447452,25.61876806220977,0.7492356926755326,0.5027283310839636,0.021921835257822254,0.02404056858651578,16175.0,23312.5
PF00072,PF00153,56,2,227.5882701496377,15.323311752904534,97.90345731664496,16.765452254487904,201.36867883211482,92.55486889551554,29.97112677447452,25.61876806220977,0.902823371551054,0.5645034641432904,0.02891952939004353,0.03578102911218013,18100.0,24875.0
PF00072,PF00153,60,0,236.18887270979906,15.784391943690771,104.37750598989359,15.030056017099849,201.36867883211482,92.55486889551554,29.97112677447452,25.61876806220977,1.1640259254986756,0.6209368779977303,0.09378951959720633,0.05655724578638933,23737.5,31000.0
PF00072,PF00153,61,1,226.56905941685685,16.80346752275026,119.04285564415534,12.265521798474994,201.36867883211482,92.55486889551554,29.97112677447452,25.61876806220977,0.8695309051134248,1.0474778591515475,0.03555395350020342,0.25201167145068604,19037.5,46200.0
PF00072,PF00153,62,2,227.79326060267277,16.5099741324844,97.90523641151849,12.414550421506538,201.36867883211482,92.55486889551554,29.97112677447452,25.61876806220977,0.9134124936099448,0.4286812756238604,0.0413693481770279,0.023364290110958905,17175.0,22350.0
PF00072,PF00153,66,0,211.18700693682504,15.35959260600952,108.7325251219585,13.321653239199948,201.36867883211482,92.55486889551554,29.97112677447452,25.61876806220977,0.47889083298320684,0.7011473149661072,0.010911259662733984,0.12070968157126304,14662.5,29262.5
PF00072,PF00153,67,1,223.7615368880832,15.032994303149636,118.94999190474253,13.988795264419878,201.36867883211482,92.55486889551554,29.97112677447452,25.61876806220977,0.7826242482129504,1.0680129133600835,0.024595917030823148,0.31713627227416763,15725.0,37200.0
PF00072,PF00153,68,2,216.71457913771178,15.615698773735618,101.34854120247823,13.362130545665527,201.36867883211482,92.55486889551554,29.97112677447452,25.61876806220977,0.6045528486640133,0.5237569193953714,0.01357245240092654,0.028795720424704747,14775.0,23750.0
PF00072,PF00153,72,0,232.752335278685,16.49903234594952,102.20426261260107,17.735859941373434,201.36867883211482,92.55486889551554,29.97112677447452,25.61876806220977,1.0546888335051585,0.6610966493420486,0.07384828853785924,0.05834223571936887,23700.0,30012.5
PF00072,PF00153,73,1,216.7245162413858,14.414020229222022,111.54663863439724,11.884017840937245,201.36867883211482,92.55486889551554,29.97112677447452,25.61876806220977,0.5991928533012622,0.7739501584011396,0.014518379831277042,0.1372770347007026,15862.5,30237.5
PF00072,PF00153,74,2,215.936000043195,16.376147412657275,106.86956087950318,12.798733140057598,201.36867883211482,92.55486889551554,29.97112677447452,25.61876806220977,0.6036740327860478,0.634930806122902,0.012525758633276594,0.06505681734643341,14125.0,24700.0
PF00072,PF00153,78,0,224.17968325570138,16.866944324598563,108.03211478369562,13.961464460701547,201.36867883211482,92.55486889551554,29.97112677447452,25.61876806220977,0.8238496527979277,0.6985926656455694,0.02555725845018473,0.09359193415151734,18925.0,29625.0
PF00072,PF00153,79,1,217.05351654556623,15.454318838017684,117.8924153379468,11.428361939747521,201.36867883211482,92.55486889551554,29.97112677447452,25.61876806220977,0.5968538586604472,1.008434661059967,0.013214287707763027,0.27526340447880027,15062.5,33550.0
PF00072,PF00153,80,2,225.76314132731824,17.001117021280486,105.45234888368128,15.78327457914799,201.36867883211482,92.55486889551554,29.97112677447452,25.61876806220977,0.8474811205588674,0.654779750877378,0.029382089699263956,0.07679949637086937,15112.5,32362.5
PF00072,PF00153,84,0,240.4850041253298,14.377922843762736,109.10071325461317,13.01777595080544,201.36867883211482,92.55486889551554,29.97112677447452,25.61876806220977,1.306601043484883,0.7177257399142997,0.1847419263005672,0.09623088229519156,33512.5,29687.5
PF00072,PF00153,85,1,232.3541743937342,14.077156393800703,114.7117962959738,12.028560611551669,201.36867883211482,92.55486889551554,29.97112677447452,25.61876806220977,1.0338448665870237,0.8861734273328082,0.08734686606508715,0.1511657277943751,19712.5,31387.5
PF00072,PF00153,86,2,226.1867141158686,15.099660497439938,105.49144659939455,14.855495091216179,201.36867883211482,92.55486889551554,29.97112677447452,25.61876806220977,0.8448231687609487,0.6532799518156815,0.030581050562015866,0.07296190496802626,15500.0,32550.0
PF00072,PF00595,12,0,213.35790061453056,15.963033183423462,88.35542448365187,11.504511643374531,201.36867883211482,87.53057527636871,29.97112677447452,17.88808620089358,0.530378099479259,0.5045487379623192,0.010118710563320437,0.008955378314059062,13612.5,15612.5
PF00072,PF00595,13,1,208.34987128348064,18.080215177163062,86.73779736652632,10.24302050196864,201.36867883211482,87.53057527636871,29.97112677447452,17.88808620089358,0.5152038106478746,0.4584968686425306,0.00897950928599556,0.007284283043865154,14075.0,15612.5
PF00072,PF00595,14,2,211.94024543827535,17.35789602626798,85.59982250879101,11.638636885996,201.36867883211482,87.53057527636871,29.97112677447452,17.88808620089358,0.528474967049811,0.5432727695319217,0.010080040536505106,0.007254161923042981,12887.5,15800.0
PF00072,PF00595,18,0,219.2861202420487,18.473983439759667,91.40175865058,9.98939745572946,201.36867883211482,87.53057527636871,29.97112677447452,17.88808620089358,0.730458627856249,0.49155625256799707,0.015393664843165027,0.009804703152374401,15537.5,17212.5
PF00072,PF00595,19,1,217.84862654405256,17.52989898784368,88.40656899849651,10.201850056746203,201.36867883211482,87.53057527636871,29.97112677447452,17.88808620089358,0.6628615452162954,0.4579504636375752,0.013307389776892515,0.008116457744082406,13862.5,15337.5
PF00072,PF00595,20,2,208.12214715473252,17.368621926949416,87.74112653518718,11.339017378370306,201.36867883211482,87.53057527636871,29.97112677447452,17.88808620089358,0.4893523625920669,0.49794228909347266,0.010158543843974932,0.008874458427582927,13437.5,15737.5
PF00072,PF00595,24,0,205.49370238746684,17.75996283570819,91.09387934799865,10.326933894301433,201.36867883211482,87.53057527636871,29.97112677447452,17.88808620089358,0.4765556569258967,0.48189679214591413,0.009404260534967967,0.008507135980209536,13450.0,16337.5
PF00072,PF00595,25,1,217.85768017547707,16.306560088989716,91.2427151202246,10.078765213908882,201.36867883211482,87.53057527636871,29.97112677447452,17.88808620089358,0.6522520867713928,0.4769158107618173,0.013352697963514269,0.008152496509219837,14862.5,17375.0
PF00072,PF00595,26,2,205.17907456994106,17.491889957267176,89.59156579026232,11.347552261747735,201.36867883211482,87.53057527636871,29.97112677447452,17.88808620089358,0.48096794134819765,0.5099162991404007,0.0077404561423341746,0.008288719717081715,12562.5,15425.0
PF00072,PF00595,30,0,213.45431736956343,15.80945896734073,89.77097418663574,10.430355866640982,201.36867883211482,87.53057527636871,29.97112677447452,17.88808620089358,0.5367775142374434,0.4871242989309698,0.011143725273926096,0.008385101100645647,13112.5,15950.0
PF00072,PF00595,31,1,214.101505750203,15.07837493847697,89.25065931664533,9.330002332525803,201.36867883211482,87.53057527636871,29.97112677447452,17.88808620089358,0.5463677391121415,0.4115935525832269,0.009797309785018365,0.0065153524403528664,13712.5,16437.5
PF00072,PF00595,32,2,212.17924715455177,17.319716869238995,91.19432263796541,10.717256530689607,201.36867883211482,87.53057527636871,29.97112677447452,17.88808620089358,0.550847556688895,0.49819176670047705,0.010269192160961244,0.008628976421275993,12675.0,16537.5
PF00072,PF00595,36,0,226.73209711624648,15.073132767632206,89.28855160376857,10.073188243190597,201.36867883211482,87.53057527636871,29.97112677447452,17.88808620089358,0.8607919303868602,0.46657197697942854,0.023018328992527436,0.006619785417606792,16225.0,15600.0
PF00072,PF00595,37,1,217.48503225692323,15.013139105591872,99.09092001060455,10.03105900272633,201.36867883211482,87.53057527636871,29.97112677447452,17.88808620089358,0.6257447069915204,0.7209606901077648,0.011046530824735444,0.01913576843819623,14375.0,23100.0
PF00072,PF00595,38,2,207.18363993126528,16.347336152233787,88.63995129941999,10.74784478613755,201.36867883211482,87.53057527636871,29.97112677447452,17.88808620089358,0.451104322150452,0.4658711775928286,0.007044452167945589,0.009610173168254063,11362.5,15412.5
PF00072,PF00595,42,0,211.72737807619168,16.84650033399452,90.05931965044661,10.169825313415265,201.36867883211482,87.53057527636871,29.97112677447452,17.88808620089358,0.5353770694089782,0.4515300388413585,0.011137343449583696,0.007270980154447301,12612.5,16587.5
PF00072,PF00595,43,1,212.29822455764744,16.411973859902123,86.59286463210245,10.362855074484344,201.36867883211482,87.53057527636871,29.97112677447452,17.88808620089358,0.5386498046988207,0.46826296223868397,0.008524980898271115,0.007283040806816144,13100.0,14350.0
PF00072,PF00595,44,2,211.98002573618956,16.392067528785848,87.79375159429475,10.309697531446337,201.36867883211482,87.53057527636871,29.97112677447452,17.88808620089358,0.5330640160663522,0.44792262724693704,0.009664398692487726,0.007450505841301126,12650.0,14975.0
PF00072,PF00595,48,0,223.3641569270549,14.5518888103003,100.14740831404731,12.081439048986292,201.36867883211482,87.53057527636871,29.97112677447452,17.88808620089358,0.7684132029801961,0.7956649449621966,0.023134249218558053,0.027836021920907773,16325.0,30362.5
PF00072,PF00595,49,1,219.4415412846399,15.305072933070214,96.28662494857582,9.927019583384455,201.36867883211482,87.53057527636871,29.97112677447452,17.88808620089358,0.6539937541383728,0.6032038129991224,0.01804593424018194,0.012081373702274054,15412.5,23462.5
PF00072,PF00595,50,2,219.56433380232804,17.557045471426953,91.3664670329858,13.027709533284314,201.36867883211482,87.53057527636871,29.97112677447452,17.88808620089358,0.7126561524698254,0.5933305857804079,0.00998246437252589,0.02217445103729246,13450.0,21287.5
PF00072,PF00595,54,0,236.11920902948802,15.203256484383926,91.45421718024284,11.425389832486452,201.36867883211482,87.53057527636871,29.97112677447452,17.88808620089358,1.161969396563087,0.5356306439777339,0.108695141831982,0.009470420372362509,20837.5,16950.0
PF00072,PF00595,55,1,230.4354458180491,15.130934888330236,87.85989152025223,10.620997679882056,201.36867883211482,87.53057527636871,29.97112677447452,17.88808620089358,0.9796995334371246,0.4566621631892791,0.031616243331113944,0.007266851798069539,16637.5,15925.0
PF00072,PF00595,56,2,224.33259390139062,15.203412989132028,91.9897133251531,11.43339819977548,201.36867883211482,87.53057527636871,29.97112677447452,17.88808620089358,0.7938575923933263,0.5649172954033248,0.021786584622178588,0.011297840113901749,14962.5,16712.5
PF00072,PF00595,60,0,228.76397543972328,16.599396425913532,95.92190039994831,12.943638150002853,201.36867883211482,87.53057527636871,29.97112677447452,17.88808620089358,0.9306485861929084,0.6839046732663354,0.04142774459645551,0.01526102692411797,17350.0,19725.0
PF00072,PF00595,61,1,227.48413089874535,15.704008577519486,97.25895552618613,12.3836198412328,201.36867883211482,87.53057527636871,29.97112677447452,17.88808620089358,0.8873569900869921,0.7090017082789275,0.048364090735455584,0.017672192772404137,17887.5,20825.0
PF00072,PF00595,62,2,216.58967713919264,16.47027611856251,86.42894285162679,9.447987141357027,201.36867883211482,87.53057527636871,29.97112677447452,17.88808620089358,0.621041173927498,0.43852877068999147,0.010358390149273382,0.0076760552430536364,13162.5,13862.5
PF00072,PF00595,66,0,229.54201579261593,15.60802220860232,98.547532403314,12.46315157600622,201.36867883211482,87.53057527636871,29.97112677447452,17.88808620089358,0.954686696590161,0.7566428424423758,0.041392491157466245,0.016465928565807884,17887.5,21012.5
PF00072,PF00595,67,1,226.71341325065583,14.924767591220762,95.84495176354329,10.319353603151093,201.36867883211482,87.53057527636871,29.97112677447452,17.88808620089358,0.8639420213550028,0.613017699000585,0.041807380779815204,0.014347006961975106,17900.0,17050.0
PF00072,PF00595,68,2,216.51916910512776,15.290563391418178,90.5164613866741,13.59343461571216,201.36867883211482,87.53057527636871,29.97112677447452,17.88808620089358,0.5963148583621454,0.6179057916756738,0.012467878808327545,0.018731518989960803,12762.5,18137.5
PF00072,PF00595,72,0,216.73684385182597,18.548949103099872,94.51682313641773,9.431501170729561,201.36867883211482,87.53057527636871,29.97112677447452,17.88808620089358,0.6593315071137031,0.5287555311399805,0.017508106211030765,0.00972159434538282,16212.5,15225.0
PF00072,PF00595,73,1,217.59409435526476,15.987882595244596,105.09827934649064,10.054791543834444,201.36867883211482,87.53057527636871,29.97112677447452,17.88808620089358,0.6226011053112064,1.0113640268063873,0.013878383438292747,0.06740588819138399,14100.0,24350.0
PF00072,PF00595,74,2,215.7158030462116,16.481674503312473,91.95575946385368,10.394767348596387,201.36867883211482,87.53057527636871,29.97112677447452,17.88808620089358,0.5926436963628852,0.504440574642163,0.012974133527457023,0.008219639806167781,12600.0,15875.0
PF00072,PF00595,78,0,221.96387255068842,15.124771130409568,104.2796662391651,11.26065626021192,201.36867883211482,87.53057527636871,29.97112677447452,17.88808620089358,0.733845869919794,0.9685240139969793,0.020399921463362346,0.03940695674348746,15437.5,22562.5
PF00072,PF00595,79,1,227.57325767480353,15.654903217384618,101.28724718018682,11.519011741164057,201.36867883211482,87.53057527636871,29.97112677447452,17.88808620089358,0.8865320572699449,0.8575190662680247,0.03249807096330094,0.025779933922332555,15437.5,20450.0
PF00072,PF00595,80,2,213.2935824147701,15.432849405236169,89.28007579033601,10.610164345732558,201.36867883211482,87.53057527636871,29.97112677447452,17.88808620089358,0.506313649643229,0.47015455727479494,0.009279746205182326,0.007884190235677905,12150.0,15475.0
PF00072,PF00595,84,0,231.13400137556368,14.867640645204425,100.04960774668223,11.171995056625548,201.36867883211482,87.53057527636871,29.97112677447452,17.88808620089358,1.0036492462941151,0.7735182418272204,0.042073221894223335,0.027390083833738785,19137.5,24800.0
PF00072,PF00595,85,1,224.82595643026704,13.511761912739567,93.18961982713707,8.628334522238482,201.36867883211482,87.53057527636871,29.97112677447452,17.88808620089358,0.8034622523321795,0.44201117783313765,0.025994884724449215,0.012264003579694255,15062.5,27300.0
PF00072,PF00595,86,2,217.5840342734594,17.231139696654107,96.95718840969761,10.849916646580002,201.36867883211482,87.53057527636871,29.97112677447452,17.88808620089358,0.6368276492814811,0.6641908347717808,0.013687577795415287,0.013278328654173882,13712.5,15475.0
PF00076,PF00512,12,0,81.61385548004459,11.577420514517714,113.21993431870723,9.894229908789615,80.84820765078511,105.72150320304084,17.495265548880706,17.686172366262216,0.5342642303005483,0.5807861350147354,0.007846418842557988,0.008979586903243854,11200.0,8587.5
PF00076,PF00512,13,1,77.3928378217671,12.677106305324239,109.93835365580786,10.45561434531655,80.84820765078511,105.72150320304084,17.495265548880706,17.686172366262216,0.5913079501226594,0.5089195187943533,0.010989728769457608,0.007784103786322268,10525.0,8237.5
PF00076,PF00512,14,2,68.00062366050003,12.28631357664182,104.98045861203485,9.656702709100925,80.84820765078511,105.72150320304084,17.495265548880706,17.686172366262216,0.9005413042439926,0.43506470214290904,0.01832778123717017,0.006916869960485034,11475.0,7450.0
PF00076,PF00512,18,0,81.78739910754027,10.81965761595887,111.63224320006752,9.440016879417389,80.84820765078511,105.72150320304084,17.495265548880706,17.686172366262216,0.4954888915425406,0.5012605271393467,0.00915197794734448,0.007448194661643681,11875.0,7912.5
PF00076,PF00512,19,1,84.26441970676565,11.022510799415347,108.73092218673474,9.832227551050588,80.84820765078511,105.72150320304084,17.495265548880706,17.686172366262216,0.5540173659926231,0.4561509439155286,0.010101524515689877,0.007765765542818041,11000.0,7950.0
PF00076,PF00512,20,2,76.60904799954868,10.292268088319165,111.83839183996369,8.852068158426967,80.84820765078511,105.72150320304084,17.495265548880706,17.686172366262216,0.509319632142249,0.4898288640220514,0.009136798394120547,0.00860757589761223,10287.5,7862.5
PF00076,PF00512,24,0,78.99206367463903,11.082090248101448,101.7173178349344,9.71711032320581,80.84820765078511,105.72150320304084,17.495265548880706,17.686172366262216,0.5163023310089445,0.4631712432197592,0.007980370377095626,0.007929874185501078,11575.0,7262.5
PF00076,PF00512,25,1,84.4412729074678,10.911386812998607,116.79020694922775,9.25722680221325,80.84820765078511,105.72150320304084,17.495265548880706,17.686172366262216,0.5221486730100011,0.699445277999277,0.0090201287410872,0.015057229945955269,11762.5,9175.0
PF00076,PF00512,26,2,75.42198931621343,11.484150715572742,109.16342129045118,8.907773241381255,80.84820765078511,105.72150320304084,17.495265548880706,17.686172366262216,0.5871579712865593,0.4263875827768902,0.010822774280641505,0.0073869990015907,9912.5,8025.0
PF00076,PF00512,30,0,86.13824276144007,11.167915764591111,109.1690367132888,11.61355094248534,80.84820765078511,105.72150320304084,17.495265548880706,17.686172366262216,0.5618910684833033,0.5547212061996164,0.012258750800784922,0.00954364469170905,15300.0,8687.5
PF00076,PF00512,31,1,93.20455462762162,12.222633517720924,110.56356963562943,10.558554084189366,80.84820765078511,105.72150320304084,17.495265548880706,17.686172366262216,0.8131764097682154,0.5319728127339391,0.02750333984660031,0.008719069636359746,19450.0,7750.0
PF00076,PF00512,32,2,86.05892150901555,11.381146687612617,108.96833480895818,9.3361595593743,80.84820765078511,105.72150320304084,17.495265548880706,17.686172366262216,0.5917944083561156,0.43710279630605725,0.012339687064603373,0.007792928708649117,14337.5,7762.5
PF00076,PF00512,36,0,83.62265822131953,11.491868412956327,115.20993524117841,9.711297352594983,80.84820765078511,105.72150320304084,17.495265548880706,17.686172366262216,0.5364043366086974,0.6357787126483612,0.008383941163501751,0.011519021978920378,12425.0,9462.5
PF00076,PF00512,37,1,83.24635137864887,9.113204577111077,111.92646952770832,9.804923689406499,80.84820765078511,105.72150320304084,17.495265548880706,17.686172366262216,0.42574861157271643,0.5179493472324096,0.007175895503016137,0.008086856468634971,11512.5,8875.0
PF00076,PF00512,38,2,77.22291732894101,11.268156047720948,100.44995809009924,12.037367908641828,80.84820765078511,105.72150320304084,17.495265548880706,17.686172366262216,0.5356105117816277,0.611665462258954,0.008865578704627904,0.012025626254538038,11200.0,7950.0
PF00076,PF00512,42,0,83.73383151073286,9.81577279607676,120.72116357994702,10.09052850196619,80.84820765078511,105.72150320304084,17.495265548880706,17.686172366262216,0.4568796393160773,0.9065869913985429,0.008966431187391287,0.04194335842115564,12862.5,11462.5
PF00076,PF00512,43,1,87.55667277622386,11.18302682872045,115.86200971908441,9.416598394536758,80.84820765078511,105.72150320304084,17.495265548880706,17.686172366262216,0.5961105274840088,0.6596137585758595,0.016504031949041712,0.012369686328594474,13800.0,9212.5
PF00076,PF00512,44,2,85.44225377848733,10.08123138796123,111.83274145921641,9.030739907583467,80.84820765078511,105.72150320304084,17.495265548880706,17.686172366262216,0.5076983866669346,0.4937198752629084,0.009019387553642698,0.007729893286400324,13637.5,8200.0
PF00076,PF00512,48,0,86.82506610938206,10.7039246129058,110.20738456429191,9.826913087915566,80.84820765078511,105.72150320304084,17.495265548880706,17.686172366262216,0.5701845267888348,0.47743840086791395,0.010848681378353701,0.008240503344288873,12587.5,8112.5
PF00076,PF00512,49,1,86.9250466561614,9.763101893100647,117.3622213170397,9.96373297064512,80.84820765078511,105.72150320304084,17.495265548880706,17.686172366262216,0.502740953723075,0.7320914497493841,0.009744420478493703,0.01439295808843959,13162.5,8925.0
PF00076,PF00512,50,2,82.57993895534594,11.12527744557373,113.11687067379403,8.950312734588955,80.84820765078511,105.72150320304084,17.495265548880706,17.686172366262216,0.5297846640417663,0.5231227508142219,0.010580020296639403,0.00839737941166485,12312.5,8162.5
PF00076,PF00512,54,0,84.38928406682163,11.416957535022492,123.48216998119358,9.284049746330368,80.84820765078511,105.72150320304084,17.495265548880706,17.686172366262216,0.5505515908680096,1.0203938139977742,0.010490229517362268,0.052318640840089435,12787.5,12287.5
PF00076,PF00512,55,1,83.2115284965901,13.936189061507564,117.93944337941059,8.866186798004053,80.84820765078511,105.72150320304084,17.495265548880706,17.686172366262216,0.6724402853770447,0.7451728189731986,0.011114517446521508,0.016479480600690426,12487.5,8700.0
PF00076,PF00512,56,2,85.43182644705998,9.547158697816904,103.84681639971397,10.708443198044465,80.84820765078511,105.72150320304084,17.495265548880706,17.686172366262216,0.4783889436357166,0.4977627123238593,0.007899303420848113,0.007352487310390898,10375.0,7525.0
PF00076,PF00512,60,0,87.51112062094086,11.45771886800272,116.00325613473113,10.107722264671668,80.84820765078511,105.72150320304084,17.495265548880706,17.686172366262216,0.6162577949224716,0.6694848911351267,0.010276652693438719,0.01285002751490134,11200.0,8875.0
PF00076,PF00512,61,1,91.51724305906765,11.017971677629683,112.24154539665182,8.188640038032045,80.84820765078511,105.72150320304084,17.495265548880706,17.686172366262216,0.7054516558632409,0.4829197702185721,0.019229149725170754,0.009115964769865583,15037.5,8050.0
PF00076,PF00512,62,2,80.0999034653185,11.349670478004537,109.94629288859076,10.08067200087741,80.84820765078511,105.72150320304084,17.495265548880706,17.686172366262216,0.5155582526280065,0.5057242579586118,0.008307543256842902,0.008160941523943718,11387.5,8100.0
PF00076,PF00512,66,0,82.05598207023318,12.696669654177576,120.56494005524387,8.703373153665357,80.84820765078511,105.72150320304084,17.495265548880706,17.686172366262216,0.6142287873615468,0.8573647873465094,0.012694502331452156,0.034406323354647494,12887.5,10375.0
PF00076,PF00512,67,1,83.14725834745357,12.03310598698447,119.22566344413353,9.118041361913146,80.84820765078511,105.72150320304084,17.495265548880706,17.686172366262216,0.5528988794636317,0.8020243269845563,0.009250409715713188,0.02026479735909314,11737.5,8887.5
PF00076,PF00512,68,2,84.61144888239845,10.45648375433368,101.12382080353825,12.599894453286673,80.84820765078511,105.72150320304084,17.495265548880706,17.686172366262216,0.511057078684847,0.6468322756672638,0.00953876544661428,0.0099772695539531,11275.0,7237.5
PF00076,PF00512,72,0,100.63741143035251,9.114357985284487,121.67095074021614,8.540083887596282,80.84820765078511,105.72150320304084,17.495265548880706,17.686172366262216,1.1345403529715181,0.9165850948952593,0.08853995212743108,0.031016008948031314,18175.0,11325.0
PF00076,PF00512,73,1,93.246933549966,9.71184615893737,113.65288200469455,10.302681868886548,80.84820765078511,105.72150320304084,17.495265548880706,17.686172366262216,0.7741422609327016,0.609350755904278,0.020338261434673592,0.012765486077287566,13287.5,9250.0
PF00076,PF00512,74,2,73.86981200294512,12.838373562961397,119.25265606355975,8.75249703481647,80.84820765078511,105.72150320304084,17.495265548880706,17.686172366262216,0.7332517291309582,0.8094131255142654,0.01784819447134174,0.019661934050677198,14562.5,8187.5
PF00076,PF00512,78,0,82.54327283740555,15.013629244193858,122.03771198395704,8.330076213293847,80.84820765078511,105.72150320304084,17.495265548880706,17.686172366262216,0.7059560251353837,0.925161372770236,0.014041292641230718,0.03799678628466729,13462.5,10162.5
PF00076,PF00512,79,1,103.40431784284563,8.497745767292814,126.4361301814553,8.72901123454405,80.84820765078511,105.72150320304084,17.495265548880706,17.686172366262216,1.2964433279910332,1.174267139181561,0.29955149596692754,0.09493173667053516,32450.0,14337.5
PF00076,PF00512,80,2,95.67053504070542,10.672268259652265,106.45409038371501,9.697132608075853,80.84820765078511,105.72150320304084,17.495265548880706,17.686172366262216,0.9059637225171357,0.42638853634772433,0.03258583368244395,0.007611039669805155,15025.0,7450.0
PF00076,PF00512,84,0,87.47461270167867,10.145491500659896,126.78730818654395,9.343393189671879,80.84820765078511,105.72150320304084,17.495265548880706,17.686172366262216,0.550928064397281,1.1999540406131417,0.011484300188180759,0.0971006124465185,12387.5,13750.0
PF00076,PF00512,85,1,99.59356547840447,8.184502902138917,121.34484834623774,8.293085030214582,80.84820765078511,105.72150320304084,17.495265548880706,17.686172366262216,1.0764232624200798,0.8977254547647646,0.09813941145983714,0.03250932668553432,14637.5,9462.5
PF00076,PF00512,86,2,93.47385824775827,12.317484787807595,106.91304068339065,9.822928335742871,80.84820765078511,105.72150320304084,17.495265548880706,17.686172366262216,0.8942345501893085,0.44317643456281913,0.05415215531485708,0.00689539442643349,14637.5,7375.0
PF00096,PF00153,12,0,16.786938508520663,3.6262575949058053,91.61386902525135,13.253657840906165,16.436232766230635,92.55486889551554,5.230388282054999,25.61876806220977,0.5427674999419174,0.4128610018271942,0.008984413764756869,0.008589767992415256,11575.0,16212.5
PF00096,PF00153,13,1,19.281636067601056,4.0819578675218215,94.68108923739777,13.14518105812156,16.436232766230635,92.55486889551554,5.230388282054999,25.61876806220977,0.7023661223889749,0.4079472114788489,0.042510175663731074,0.009378614422642914,37275.0,17037.5
PF00096,PF00153,14,2,16.792591934768257,3.7231687956733865,92.00517211575199,13.251008162684396,16.436232766230635,92.55486889551554,5.230388282054999,25.61876806220977,0.5674521847682529,0.409511691815059,0.009404189912587433,0.010170025481736176,12600.0,15475.0
PF00096,PF00153,18,0,30.86148189314014,3.983141626721478,95.38116800660912,14.459948451334782,16.436232766230635,92.55486889551554,5.230388282054999,25.61876806220977,2.7579690739980545,0.45544182425506763,0.9344029736369073,0.01137100960665763,173125.0,19762.5
PF00096,PF00153,19,1,15.815691135017142,3.918551343944983,98.73397407709788,12.45357250870321,16.436232766230635,92.55486889551554,5.230388282054999,25.61876806220977,0.5743780467285774,0.434834129278062,0.023317894625510184,0.010467250192193286,15475.0,20087.5
PF00096,PF00153,20,2,29.94327113987549,4.463047383579895,93.9399292393716,14.56845787490923,16.436232766230635,92.55486889551554,5.230388282054999,25.61876806220977,2.582415997677708,0.45952662317150617,0.7720392042570019,0.011009764987083392,121975.0,17075.0
PF00096,PF00153,24,0,14.673427555974198,3.9166191769386276,94.66703456962601,13.591052977856155,16.436232766230635,92.55486889551554,5.230388282054999,25.61876806220977,0.6583855384650146,0.42144435284013393,0.010534385918855318,0.010342677648812923,11875.0,16250.0
PF00096,PF00153,25,1,17.542860027151526,3.9894112463320925,98.29876724943752,12.61983500259249,16.436232766230635,92.55486889551554,5.230388282054999,25.61876806220977,0.58441332165232,0.4342190239497758,0.04473858134919737,0.012814275177377366,37712.5,18150.0
PF00096,PF00153,26,2,17.129110304805018,3.7398009201642752,97.60139796390021,12.784422762908825,16.436232766230635,92.55486889551554,5.230388282054999,25.61876806220977,0.5786022032752179,0.42740579754171243,0.009592753422509199,0.011466133908766612,15300.0,16925.0
PF00096,PF00153,30,0,17.33703078947104,3.694595345178116,108.02703344505248,10.654044120294149,16.436232766230635,92.55486889551554,5.230388282054999,25.61876806220977,0.5787196360254091,0.6224087702783021,0.010058555587761262,0.057423566426947854,14950.0,22675.0
PF00096,PF00153,31,1,29.282015680170606,7.232211426645707,97.89551095602565,13.167221716902402,16.436232766230635,92.55486889551554,5.230388282054999,25.61876806220977,2.57817577630077,0.43491547370049466,1.1352977652125984,0.0186363892449224,202837.5,19612.5
PF00096,PF00153,32,2,16.267845540950205,3.8007495029450715,96.1642030171358,12.83438680702015,16.436232766230635,92.55486889551554,5.230388282054999,25.61876806220977,0.5976087693667114,0.41266942091382874,0.009241838530028081,0.00802397133049071,11912.5,17575.0
PF00096,PF00153,36,0,13.88865865978501,3.68600016204032,98.17207159852329,13.454560020325301,16.436232766230635,92.55486889551554,5.230388282054999,25.61876806220977,0.7098043160904055,0.44724157994408537,0.01162806059515983,0.012902757616406111,10412.5,16200.0
PF00096,PF00153,37,1,26.325532006510066,8.393900205933056,104.27959707776087,11.948620614119172,16.436232766230635,92.55486889551554,5.230388282054999,25.61876806220977,1.9160921394298294,0.5308805696489983,0.7837315435992841,0.024607477252873523,120700.0,17812.5
PF00096,PF00153,38,2,16.383744029457404,3.371325750577413,97.10870474315567,12.709912964577063,16.436232766230635,92.55486889551554,5.230388282054999,25.61876806220977,0.5018645744958085,0.42824025473752675,0.009100289481893628,0.01189173003263577,15100.0,14362.5
PF00096,PF00153,42,0,15.744549588761384,3.8848157506620513,107.2503200094408,13.313784303908834,16.436232766230635,92.55486889551554,5.230388282054999,25.61876806220977,0.5669272632585701,0.6386749257022386,0.012942266479796665,0.07188780610270816,16687.5,22800.0
PF00096,PF00153,43,1,24.865031542733686,8.754804679351881,109.64354747485086,10.5977225625104,16.436232766230635,92.55486889551554,5.230388282054999,25.61876806220977,1.747719329556752,0.6786330482577481,0.7079398669195186,0.07749992233619847,108487.5,19912.5
PF00096,PF00153,44,2,15.460404908727446,4.619205418957779,98.91104327804526,12.97707192791647,16.436232766230635,92.55486889551554,5.230388282054999,25.61876806220977,0.7169623897408364,0.45057612584207285,0.03225935797837169,0.01722250242351373,20062.5,16050.0
PF00096,PF00153,48,0,15.428753644136364,4.039248854028591,96.93680397659612,13.154685521334711,16.436232766230635,92.55486889551554,5.230388282054999,25.61876806220977,0.6480782742812733,0.4357107028015068,0.011743253385056543,0.018519632344476705,11525.0,18650.0
PF00096,PF00153,49,1,29.187295770371293,8.80840598066712,108.28161244522599,14.555905815199766,16.436232766230635,92.55486889551554,5.230388282054999,25.61876806220977,2.4549651532748196,0.6926474870218685,1.191186385398848,0.11229728940520207,154562.5,34400.0
PF00096,PF00153,50,2,19.190216630654508,3.2005503343199635,99.36867790812889,12.457696925032891,16.436232766230635,92.55486889551554,5.230388282054999,25.61876806220977,0.648321932685512,0.4518532723193271,0.011624624177540644,0.015057294309618227,14712.5,15275.0
PF00096,PF00153,54,0,21.254045598037493,4.304919754753933,109.61117458589925,13.348227892703969,16.436232766230635,92.55486889551554,5.230388282054999,25.61876806220977,0.9785925127597443,0.7042249580990895,0.08048737881331283,0.07922613884919555,30200.0,20400.0
PF00096,PF00153,55,1,22.73012868897198,5.913983337008536,118.76092262793685,10.193434571655693,16.436232766230635,92.55486889551554,5.230388282054999,25.61876806220977,1.2651380628852067,1.022924040249923,0.3074252463806232,0.22223591488934802,76137.5,23825.0
PF00096,PF00153,56,2,31.92354784296026,4.818459847155545,111.17915134649957,15.498944460623578,16.436232766230635,92.55486889551554,5.230388282054999,25.61876806220977,2.9610258821252784,0.8047198661987776,1.157746829084187,0.12136972058668881,203437.5,23775.0
PF00096,PF00153,60,0,21.65100096711647,4.696622864128303,98.92695586594229,13.802485359015302,16.436232766230635,92.55486889551554,5.230388282054999,25.61876806220977,1.0533251317423329,0.47797296351939134,0.09602831999283207,0.019053013571565105,24037.5,16275.0
PF00096,PF00153,61,1,22.57528880246712,8.738610008655117,121.62821329729104,13.184013173616522,16.436232766230635,92.55486889551554,5.230388282054999,25.61876806220977,1.4031443107065222,1.1458123702983707,0.5589130948277209,0.2794120693130966,125437.5,31337.5
PF00096,PF00153,62,2,19.101184251589753,4.20885060164045,99.78911104243882,12.69306133325273,16.436232766230635,92.55486889551554,5.230388282054999,25.61876806220977,0.6942211042494129,0.48208049197697606,0.038708855835402185,0.018153326486692305,21212.5,16025.0
PF00072,PF00271,12,0,208.04303628435576,15.810635325523709,162.06304565572955,16.58404943953434,201.36867883211482,149.57930952191575,29.97112677447452,27.18196726964319,0.4656916826384298,0.6236416146818005,0.008442621031879996,0.01938882247986357,13262.5,23750.0
PF00072,PF00271,13,1,207.37721226853486,18.385682749964644,158.7917443647558,19.166512571149372,201.36867883211482,149.57930952191575,29.97112677447452,27.18196726964319,0.506332202745643,0.6193103112920653,0.00945831629859775,0.018404227658347747,14737.5,24575.0
PF00072,PF00271,14,2,212.20412997521518,17.144127976207134,162.72487494855278,22.338374356418225,201.36867883211482,149.57930952191575,29.97112677447452,27.18196726964319,0.5410365098769024,0.7838303597145364,0.009880138768573545,0.09922038336476195,13825.0,31350.0
PF00072,PF00271,18,0,210.4694857891735,17.743593010335868,161.86097965456696,21.5069131241589,201.36867883211482,149.57930952191575,29.97112677447452,27.18196726964319,0.5248936532800232,0.7143991447732231,0.009577149022934854,0.04506088064589395,14300.0,33275.0
PF00072,PF00271,19,1,211.92477964879072,16.407094258505037,157.99427767499805,22.2087229016466,201.36867883211482,149.57930952191575,29.97112677447452,27.18196726964319,0.5265610251576929,0.6948990685856612,0.009675646450446228,0.05254667272681239,13487.5,34025.0
PF00072,PF00271,20,2,216.9659835325704,17.085854876854388,158.17402702563817,21.33427578019541,201.36867883211482,149.57930952191575,29.97112677447452,27.18196726964319,0.650453512446428,0.6701587213817588,0.01024615693313637,0.03644740196867253,14187.5,30400.0
PF00072,PF00271,24,0,214.65613623676785,15.899597060439161,158.79588844909148,22.33009615600538,201.36867883211482,149.57930952191575,29.97112677447452,27.18196726964319,0.5517442676467607,0.7400194756735641,0.009873475820794328,0.03610664879382796,14175.0,23625.0
PF00072,PF00271,25,1,213.01288613435506,16.233348602614043,164.96256480130344,18.69769543400795,201.36867883211482,149.57930952191575,29.97112677447452,27.18196726964319,0.5298736538097103,0.7011542165317206,0.008523594219032973,0.03236988582433477,14525.0,39087.5
PF00072,PF00271,26,2,208.2615374343721,18.96165089467168,161.6268801249142,23.1295384567757,201.36867883211482,149.57930952191575,29.97112677447452,27.18196726964319,0.5596108632797041,0.7863500358306775,0.009308166943311092,0.07201158106684183,13962.5,25050.0
PF00072,PF00271,30,0,215.07263674356628,16.01267188076509,159.15766795358056,22.502101552492267,201.36867883211482,149.57930952191575,29.97112677447452,27.18196726964319,0.573773860357084,0.7166031730231524,0.01019253299638203,0.032918911856693406,14937.5,31237.5
PF00072,PF00271,31,1,206.9824148629805,17.137024209232465,149.7390894830794,23.00887258997284,201.36867883211482,149.57930952191575,29.97112677447452,27.18196726964319,0.48297818900452016,0.7055185166462346,0.00848281594371011,0.02535699507944646,13525.0,23600.0
PF00072,PF00271,32,2,212.34564622846491,16.66693982966684,159.45494029794145,21.095529024827005,201.36867883211482,149.57930952191575,29.97112677447452,27.18196726964319,0.5421984578492256,0.7123523932952367,0.00934128259205029,0.03537560734999404,15500.0,27237.5
PF00072,PF00271,36,0,217.9909789761158,17.874238885203674,153.46561314120416,20.880594399357772,201.36867883211482,149.57930952191575,29.97112677447452,27.18196726964319,0.6616230738405947,0.6330966758727199,0.015036824097309241,0.0509726477537845,16762.5,25012.5
PF00072,PF00271,37,1,229.20574893718532,16.091388292884954,161.4932838294323,19.34580464318603,201.36867883211482,149.57930952191575,29.97112677447452,27.18196726964319,0.9512427188370105,0.6552942439316937,0.037811083624069965,0.03081794402803497,17750.0,26575.0
PF00072,PF00271,38,2,202.16815573365975,16.233267436486546,155.1789571086572,21.611983020324924,201.36867883211482,149.57930952191575,29.97112677447452,27.18196726964319,0.42666721441561495,0.6863664148534024,0.008055545528509529,0.038963004344033464,11400.0,23837.5
PF00072,PF00271,42,0,221.29710788750512,15.243551581424352,138.531429873359,16.820565352083097,201.36867883211482,149.57930952191575,29.97112677447452,27.18196726964319,0.7152783240206042,0.6443748621541167,0.018144931888853577,0.01862298197117262,15987.5,20337.5
PF00072,PF00271,43,1,219.50024733188067,14.621962893576576,148.3720102530719,14.800071329408388,201.36867883211482,149.57930952191575,29.97112677447452,27.18196726964319,0.6576266186268646,0.4322685964409565,0.018158612665137127,0.01659579548960375,15487.5,28000.0
PF00072,PF00271,44,2,222.32853579025908,16.027248158623905,156.91070419977993,20.401406512334177,201.36867883211482,149.57930952191575,29.97112677447452,27.18196726964319,0.7490113728009579,0.6563911612687862,0.01883157678962794,0.023326413607875213,16537.5,21812.5
PF00072,PF00271,48,0,226.56466614324026,16.467429069645238,158.48573836836675,19.889216133128603,201.36867883211482,149.57930952191575,29.97112677447452,27.18196726964319,0.8680803366030496,0.6333513245709043,0.02895764678984893,0.022197127288484123,18000.0,24312.5
PF00072,PF00271,49,1,231.1664332416875,15.256917838744801,144.320132628051,15.95912248009162,201.36867883211482,149.57930952191575,29.97112677447452,27.18196726964319,0.9992236179176675,0.48680092396339786,0.04498101310148584,0.022683377012114578,18850.0,34887.5
PF00072,PF00271,50,2,225.6728298183241,15.203047028703612,149.3724819319953,23.515252555549697,201.36867883211482,149.57930952191575,29.97112677447452,27.18196726964319,0.8268345825896071,0.7339486969145398,0.03524931795176165,0.033600792637077444,17912.5,24637.5
PF00072,PF00271,54,0,240.74011720572082,14.673751301087027,152.39161287119816,21.932622054225757,201.36867883211482,149.57930952191575,29.97112677447452,27.18196726964319,1.313645585295025,0.6433058261599527,0.19975631564693372,0.056805224322448084,24687.5,33350.0
PF00072,PF00271,55,1,240.2396274438539,15.113969233459914,170.11738942847904,21.503640778511155,201.36867883211482,149.57930952191575,29.97112677447452,27.18196726964319,1.297278079594924,0.9004837811604124,0.18673949863556008,0.13796729839699445,27425.0,49387.5
PF00072,PF00271,56,2,228.51472564224008,15.91484580936321,151.55350929224835,22.635200787673856,201.36867883211482,149.57930952191575,29.97112677447452,27.18196726964319,0.9283340184676677,0.7135549246139132,0.041121115672767744,0.024741560932789605,17437.5,20812.5
PF00072,PF00271,60,0,226.63846381862697,15.550123366758388,152.12387854845485,18.505903434891103,201.36867883211482,149.57930952191575,29.97112677447452,27.18196726964319,0.8744846651666944,0.519916655199673,0.028825391801638425,0.023614166458645024,17937.5,33337.5
PF00072,PF00271,61,1,233.9245342306973,16.51474498285438,164.71643734717796,18.417927712298376,201.36867883211482,149.57930952191575,29.97112677447452,27.18196726964319,1.0957047864346179,0.6725800557070083,0.07627285084305864,0.08553211652276067,19362.5,55875.0
PF00072,PF00271,62,2,230.2715126074678,14.217985586247746,165.03395773209414,19.63767788604307,201.36867883211482,149.57930952191575,29.97112677447452,27.18196726964319,0.9728340102735159,0.7721474432752118,0.04946890410319707,0.043388739086492586,17800.0,24375.0
PF00072,PF00271,66,0,207.22911836100337,15.962530313271778,183.88319888178054,11.67409783270723,201.36867883211482,149.57930952191575,29.97112677447452,27.18196726964319,0.43784779964994114,1.2643824893301558,0.006902540399029542,0.27488475717905103,13187.5,31137.5
PF00072,PF00271,67,1,228.57712868332825,14.716748415867809,173.40990448165903,15.075466994203921,201.36867883211482,149.57930952191575,29.97112677447452,27.18196726964319,0.9205248669806539,0.9111339687734363,0.048760998276091524,0.06574514016625178,18675.0,20962.5
PF00072,PF00271,68,2,220.19381831082785,16.45761652890894,162.97146998361063,17.915504870454008,201.36867883211482,149.57930952191575,29.97112677447452,27.18196726964319,0.6940679535302362,0.6512086435102991,0.014758570405789642,0.02177188048614357,15162.5,23475.0
PF00072,PF00271,72,0,228.78688865797892,16.018456088282665,182.55619147880844,17.80511560469397,201.36867883211482,149.57930952191575,29.97112677447452,27.18196726964319,0.9333446102653593,1.248783224505774,0.040252651311892824,0.26651287851259636,20250.0,43625.0
PF00072,PF00271,73,1,230.6481977966553,14.209155725311469,183.84691266203401,19.607627012808525,201.36867883211482,149.57930952191575,29.97112677447452,27.18196726964319,0.9888777658118301,1.299833680770094,0.05193882854791504,0.38614222052514036,19175.0,70650.0
PF00072,PF00271,74,2,223.48092890152992,13.955714543560253,152.9436004448721,20.655465502797682,201.36867883211482,149.57930952191575,29.97112677447452,27.18196726964319,0.7517722091666984,0.6343167264479216,0.017875985475947643,0.032302031231925085,14300.0,21262.5
PF00072,PF00271,78,0,223.0979322957072,16.167912042538298,157.2533063139068,18.296398970472428,201.36867883211482,149.57930952191575,29.97112677447452,27.18196726964319,0.7598942363466069,0.5975912646986309,0.017877552450398956,0.012579616261148426,14887.5,21162.5
PF00072,PF00271,79,1,231.15567498334568,14.681950399909447,166.28526631513157,17.648539060725767,201.36867883211482,149.57930952191575,29.97112677447452,27.18196726964319,0.999387790049497,0.7178005685036162,0.08267179215080386,0.027524476647250894,21275.0,30700.0
PF00072,PF00271,80,2,217.99078665716561,15.235606154790709,148.68801441414882,19.666245429812147,201.36867883211482,149.57930952191575,29.97112677447452,27.18196726964319,0.6172253422547587,0.6055711057092065,0.012916741835125771,0.02422542088197134,14937.5,20800.0
PF00072,PF00271,84,0,235.11428493912032,16.51739080555996,166.6694704977097,21.97902963649553,201.36867883211482,149.57930952191575,29.97112677447452,27.18196726964319,1.1319746742100854,0.8030634279828278,0.08028487292012557,0.14903227730605217,21150.0,48237.5
PF00072,PF00271,85,1,235.02808246229995,15.681488723079816,176.09648088753383,20.72779082101902,201.36867883211482,149.57930952191575,29.97112677447452,27.18196726964319,1.1281176586143367,1.0580615139272702,0.10431052085321607,0.23638985417296243,24737.5,47787.5
PF00072,PF00271,86,2,208.15184196667164,15.862273300928464,164.96088176152665,17.227951284851375,201.36867883211482,149.57930952191575,29.97112677447452,27.18196726964319,0.46203352055117153,0.6978702805799688,0.007065550642628315,0.04656204780026493,12087.5,23787.5
PF00076,PF00271,12,0,86.14824678718,11.372028197902052,164.1520101002747,19.375770029950132,80.84820765078511,149.57930952191575,17.495265548880706,27.18196726964319,0.5399458448550338,0.7482442186910245,0.009823717987294886,0.02066721786357368,14500.0,19025.0
PF00076,PF00271,13,1,77.28155119082207,10.40432079481609,153.68156271313381,18.768799000800175,80.84820765078511,149.57930952191575,17.495265548880706,27.18196726964319,0.5016391609104716,0.5660165733057788,0.009840543828183062,0.015255430709321808,11337.5,22312.5
PF00076,PF00271,14,2,70.35339375081202,13.10526535283274,157.42698616868236,22.09709615400339,80.84820765078511,149.57930952191575,17.495265548880706,27.18196726964319,0.8225808004912306,0.7038606816009341,0.013877445147130596,0.041233170808698635,13300.0,25875.0
PF00076,PF00271,18,0,88.10309477645957,10.272312244580522,155.46530521767764,20.485537266570937,80.84820765078511,149.57930952191575,17.495265548880706,27.18196726964319,0.5702648624613742,0.6274318629608973,0.01009362498763659,0.020531446921840137,14500.0,23837.5
PF00076,PF00271,19,1,78.61266268352898,11.023354121466529,152.04864175943462,20.85972138342567,80.84820765078511,149.57930952191575,17.495265548880706,27.18196726964319,0.5376705335022532,0.6290845709888528,0.009291721380259929,0.028455488626770487,13425.0,25212.5
PF00076,PF00271,20,2,78.80773026735156,12.426583744021894,158.04875111787814,22.63519043740693,80.84820765078511,149.57930952191575,17.495265548880706,27.18196726964319,0.5811220634028577,0.7313696877463977,0.009136785993526117,0.04848624354242184,12300.0,25312.5
PF00076,PF00271,24,0,86.02066911314628,11.928395812799241,161.89956805659406,21.6102703424962,80.84820765078511,149.57930952191575,17.495265548880706,27.18196726964319,0.5923507894483473,0.7578648934629061,0.011489562431963378,0.021097764447725362,14575.0,21675.0
PF00076,PF00271,25,1,87.98594180279093,11.336843616477568,163.18623133716108,19.10704627581731,80.84820765078511,149.57930952191575,17.495265548880706,27.18196726964319,0.6121111880136416,0.6823336325340565,0.01409813386870127,0.02031650285433811,16387.5,28475.0
PF00076,PF00271,26,2,77.61935646071265,11.357225462813592,159.3529420378581,20.208467788907214,80.84820765078511,149.57930952191575,17.495265548880706,27.18196726964319,0.5472295903860114,0.6443573243279743,0.00839687702996751,0.01926941705860205,11825.0,23450.0
PF00076,PF00271,30,0,88.41641235169007,11.895752404732788,169.96323775545534,20.71137968159161,80.84820765078511,149.57930952191575,17.495265548880706,27.18196726964319,0.649273335092695,0.8914450358633975,0.015064249305542206,0.06174091918209473,17162.5,27300.0
PF00076,PF00271,31,1,93.08691910886253,10.447511293588791,163.07153729128922,21.434306280911485,80.84820765078511,149.57930952191575,17.495265548880706,27.18196726964319,0.7649238729677883,0.7688436119984224,0.026217095474709736,0.03178846677252712,22700.0,24050.0
PF00076,PF00271,32,2,88.99085750014885,11.486946303070539,155.1622518814895,21.65650983645374,80.84820765078511,149.57930952191575,17.495265548880706,27.18196726964319,0.6557783172065903,0.6676656493150436,0.015465336646491901,0.037493032462390705,16312.5,24237.5
PF00076,PF00271,36,0,90.57570641365754,9.814224045790931,154.56282235557586,20.910286032844215,80.84820765078511,149.57930952191575,17.495265548880706,27.18196726964319,0.6453429107346347,0.625057050622003,0.01368701731356671,0.028884053217965958,15000.0,19537.5
PF00076,PF00271,37,1,91.51106492142102,11.274990301752451,162.85195300667215,16.61494206949126,80.84820765078511,149.57930952191575,17.495265548880706,27.18196726964319,0.7103317408035423,0.6181396224580886,0.024958581864372716,0.018262508641924358,22775.0,25462.5
PF00076,PF00271,38,2,82.80341026689158,9.903839165412222,155.6415620588609,21.934716502681063,80.84820765078511,149.57930952191575,17.495265548880706,27.18196726964319,0.449958608650355,0.6808398726147294,0.0084336696950983,0.04117654358987661,13187.5,21925.0
PF00076,PF00271,42,0,92.05197735340454,11.520119880312436,167.57686222337676,19.916815081053656,80.84820765078511,149.57930952191575,17.495265548880706,27.18196726964319,0.7600400485336501,0.8315882195255577,0.016642744453648932,0.060398966935867764,17300.0,24675.0
PF00076,PF00271,43,1,91.4016071506552,11.069559865284829,176.80137342570094,18.14202225067336,80.84820765078511,149.57930952191575,17.495265548880706,27.18196726964319,0.7269034454646772,1.0439070712070673,0.019557549308983027,0.08251810176268698,16362.5,31400.0
PF00076,PF00271,44,2,91.11982964765004,9.627830846638922,160.5206115426399,16.66156214892441,80.84820765078511,149.57930952191575,17.495265548880706,27.18196726964319,0.6578830618999342,0.6035066127164217,0.015688916733023195,0.024816907525166455,15650.0,21787.5
PF00076,PF00271,48,0,86.33117922556592,11.111251325758559,138.19865852183037,14.367504321212714,80.84820765078511,149.57930952191575,17.495265548880706,27.18196726964319,0.5659205894122469,0.5655190142932909,0.011140362037826614,0.017070892402694673,12512.5,17887.5
PF00076,PF00271,49,1,92.25779651572103,10.17435704610152,170.90882005718362,20.086957877354592,80.84820765078511,149.57930952191575,17.495265548880706,27.18196726964319,0.729412955424614,0.8654884060925906,0.018074268883417607,0.1229118658617498,16150.0,50700.0
PF00076,PF00271,50,2,89.89399611817925,11.030094800932668,152.86179158346695,24.44338672185335,80.84820765078511,149.57930952191575,17.495265548880706,27.18196726964319,0.6735602948267545,0.7417134475134475,0.015201344943884903,0.048568411870767304,16312.5,24700.0
PF00076,PF00271,54,0,84.17160658367,11.08588182932885,146.48227155778577,22.321133746902785,80.84820765078511,149.57930952191575,17.495265548880706,27.18196726964319,0.5107651970028259,0.6735341444241274,0.008445233558494454,0.04801792261065032,11412.5,22387.5
PF00076,PF00271,55,1,91.48312278410413,10.038131443892958,175.48781257527233,23.322436424624744,80.84820765078511,149.57930952191575,17.495265548880706,27.18196726964319,0.6808385296934589,1.0752278887994005,0.015347276821201761,0.2635525635530771,15987.5,53112.5
PF00076,PF00271,56,2,84.19338463266209,11.363110408916349,162.22902045583044,18.955449730814987,80.84820765078511,149.57930952191575,17.495265548880706,27.18196726964319,0.5314203041629593,0.7141648482675547,0.012706756217640478,0.021611247427499775,13737.5,19900.0
PF00076,PF00271,60,0,90.0209466819573,9.0823666234638,169.1362122647259,20.63550165641909,80.84820765078511,149.57930952191575,17.495265548880706,27.18196726964319,0.6011216669160594,0.8679647355648642,0.013876250913761571,0.05010797695473209,15112.5,26462.5
PF00076,PF00271,61,1,93.92286073018877,11.165367328055051,181.2442361387732,21.130349726027248,80.84820765078511,149.57930952191575,17.495265548880706,27.18196726964319,0.8341004955317234,1.1949777551040526,0.023009542944224796,0.31141476915769334,16875.0,88350.0
PF00076,PF00271,62,2,82.69351057810542,10.939670763604305,160.65453248092064,20.001370020675925,80.84820765078511,149.57930952191575,17.495265548880706,27.18196726964319,0.5153363572890095,0.7004889353542058,0.01008575038564155,0.020691187851612024,12925.0,23037.5
PF00076,PF00271,66,0,86.03688725471464,11.54833320407343,174.40514603053975,15.33448834320923,80.84820765078511,149.57930952191575,17.495265548880706,27.18196726964319,0.5756946957929485,0.9475572751420996,0.011975067801804328,0.03654176986991858,17712.5,25250.0
PF00076,PF00271,67,1,90.41843480908182,9.501984787419204,182.94440991907825,12.889250439888917,80.84820765078511,149.57930952191575,17.495265548880706,27.18196726964319,0.6413633385098008,1.2340538141609343,0.01858479267192361,0.22129989616614829,12225.0,37412.5
PF00076,PF00271,68,2,92.43692827271117,10.676540269121906,172.13933462514228,18.051245997299215,80.84820765078511,149.57930952191575,17.495265548880706,27.18196726964319,0.7719457614991667,0.9213624645327501,0.022847514149512888,0.0938092871855417,15850.0,27275.0
PF00076,PF00271,72,0,95.48036202784246,13.264219271414008,179.84337631072128,23.63844456031587,80.84820765078511,149.57930952191575,17.495265548880706,27.18196726964319,0.9395429738271059,1.2120565769179148,0.055192448242338925,0.2194231050011984,23287.5,72937.5
PF00076,PF00271,73,1,103.00466389679522,9.007964255012999,181.06390719038384,17.797960235907055,80.84820765078511,149.57930952191575,17.495265548880706,27.18196726964319,1.266425832983577,1.1811537649593076,0.2041874751778947,0.17808186495781952,26412.5,55537.5
PF00076,PF00271,74,2,93.32910580428116,13.147072351931358,172.25063105682696,17.3582832437137,80.84820765078511,149.57930952191575,17.495265548880706,27.18196726964319,0.9058503421031642,0.9172797899237112,0.06492079761443768,0.047109664729535206,17100.0,22512.5
PF00076,PF00271,78,0,96.74721790275474,9.047456807541103,188.35779111720774,12.982965781774876,80.84820765078511,149.57930952191575,17.495265548880706,27.18196726964319,0.9185482061423516,1.4317109443866058,0.04444190895570674,0.2893131722015958,19225.0,38300.0
PF00076,PF00271,79,1,109.33774272281804,9.240330480782417,185.697997874294,16.964187076864338,80.84820765078511,149.57930952191575,17.495265548880706,27.18196726964319,1.6349296236350506,1.332210876101447,0.5111609664024627,0.33520498899921153,58625.0,77012.5
PF00076,PF00271,80,2,90.48726096754612,8.514600425345748,159.8594016036258,21.71918245364879,80.84820765078511,149.57930952191575,17.495265548880706,27.18196726964319,0.5963835667872653,0.7442595570666853,0.011951812238477695,0.04286850409009618,12162.5,20262.5
PF00076,PF00271,84,0,96.38874780840214,9.329462420056633,175.31638091528998,15.612073375099456,80.84820765078511,149.57930952191575,17.495265548880706,27.18196726964319,0.9087066383317264,0.9843579614602075,0.049055595019017524,0.08776970419445045,20425.0,25737.5
PF00076,PF00271,85,1,110.62859182743517,8.29056068385571,198.2448052217508,12.899975246034431,80.84820765078511,149.57930952191575,17.495265548880706,27.18196726964319,1.702196751083628,1.7903595871879603,0.5082147307921356,0.5318770348992797,54250.0,101625.0
PF00076,PF00271,86,2,100.00370476341108,14.609840374998303,162.4655831149512,21.4405382246293,80.84820765078511,149.57930952191575,17.495265548880706,27.18196726964319,1.2326171876554861,0.7360711448994794,0.16547123634463975,0.033425916086534425,32475.0,24262.5
PF00072,PF07679,12,0,202.27249018888676,17.36474556175672,67.92667981103463,11.238011293949656,201.36867883211482,63.66128339025547,29.97112677447452,19.078484146135715,0.46748452164790366,0.5014771457054226,0.008773879527650486,0.010552169938730826,12612.5,14150.0
PF00072,PF07679,13,1,211.52040720826815,16.73520359020014,69.23200884193727,10.460334393418838,201.36867883211482,63.66128339025547,29.97112677447452,19.078484146135715,0.5319609925852098,0.5166477718584394,0.00946282486622418,0.011387887187584074,13687.5,15187.5
PF00072,PF07679,14,2,209.95304456201265,18.193046489443475,67.01187397593189,12.178938710513961,201.36867883211482,63.66128339025547,29.97112677447452,19.078484146135715,0.536220818829579,0.5226050082829917,0.00983446011996326,0.011769206616129433,13112.5,14650.0
PF00072,PF07679,18,0,210.1999072468735,17.201527354485826,69.52106784615096,10.663044161317183,201.36867883211482,63.66128339025547,29.97112677447452,19.078484146135715,0.5068707371506522,0.5142734081114566,0.009037631835905231,0.010898728459784878,13437.5,15362.5
PF00072,PF07679,19,1,208.54653428217077,16.864533240723947,69.16466317400506,11.922754239783064,201.36867883211482,63.66128339025547,29.97112677447452,19.078484146135715,0.4897791845007508,0.5636863602624718,0.007917293420397197,0.011326513676976332,12662.5,14575.0
PF00072,PF07679,20,2,211.6163200890835,16.07510046780461,69.94800808611345,14.586266779454816,201.36867883211482,63.66128339025547,29.97112677447452,19.078484146135715,0.5119312712845626,0.6871151843549478,0.00851767183021647,0.018040029120863568,13587.5,17125.0
PF00072,PF07679,24,0,207.68847341337278,16.879080965611408,69.85048036404878,10.98040518157711,201.36867883211482,63.66128339025547,29.97112677447452,19.078484146135715,0.4614236711912825,0.5307926379793815,0.008403074951214149,0.011965537538464945,12662.5,14925.0
PF00072,PF07679,25,1,210.8415917483392,16.91965962133751,73.43002510047225,11.8217478836177,201.36867883211482,63.66128339025547,29.97112677447452,19.078484146135715,0.518079394956766,0.6777204338100009,0.00852293555249823,0.020388069481028767,13250.0,16000.0
PF00072,PF07679,26,2,211.184544712219,18.81559400223481,70.32796351854034,10.638775354835522,201.36867883211482,63.66128339025547,29.97112677447452,19.078484146135715,0.5789269587715363,0.5272115791884335,0.009044174550305515,0.012017558375469431,14212.5,16462.5
PF00072,PF07679,30,0,209.2168870819033,16.341970503087232,68.04614312113311,11.166265584816175,201.36867883211482,63.66128339025547,29.97112677447452,19.078484146135715,0.47961409240202313,0.5019515907677434,0.008654548464235917,0.01077692270849695,12987.5,16687.5
PF00072,PF07679,31,1,210.53066660262525,15.666461487984419,70.56550411694504,12.313627001012481,201.36867883211482,63.66128339025547,29.97112677447452,19.078484146135715,0.49052548623805053,0.6038276268510774,0.008459993035801784,0.018895993548698645,12837.5,17575.0
PF00072,PF07679,32,2,211.35416006850565,17.516414665053336,69.41917684959466,10.763123128943677,201.36867883211482,63.66128339025547,29.97112677447452,19.078484146135715,0.5514650320856596,0.5229898471256305,0.00915747195931162,0.011818116122395464,13587.5,14900.0
PF00072,PF07679,36,0,220.330993380294,16.214062177066776,74.79173680540924,10.050747182118524,201.36867883211482,63.66128339025547,29.97112677447452,19.078484146135715,0.6925825241197123,0.6582221819614393,0.016416693668586134,0.01673836160381733,14887.5,17937.5
PF00072,PF07679,37,1,210.68890554465165,16.906125515277225,80.78288361657788,9.58455818558881,201.36867883211482,63.66128339025547,29.97112677447452,19.078484146135715,0.5124078372804703,0.9126091949758651,0.009483999614194324,0.07185436190080143,14687.5,24075.0
PF00072,PF07679,38,2,213.68556737352498,17.182228511350147,73.24757752983898,12.217253369724517,201.36867883211482,63.66128339025547,29.97112677447452,19.078484146135715,0.5879609106564826,0.6666548926337118,0.010853321062610445,0.016114025314964163,13362.5,17112.5
PF00072,PF07679,42,0,214.7157212050922,15.924681935814347,69.41948335941846,10.321675195940248,201.36867883211482,63.66128339025547,29.97112677447452,19.078484146135715,0.5775821386564288,0.5167404186934222,0.013020274447914435,0.010299607075073847,14487.5,15350.0
PF00072,PF07679,43,1,207.65078253875356,17.620323156206556,73.19833068750344,9.682131625963242,201.36867883211482,63.66128339025547,29.97112677447452,19.078484146135715,0.5169574334497026,0.6040777401218305,0.006470510977821511,0.017759218224518897,13187.5,19025.0
PF00072,PF07679,44,2,220.611623769012,16.661120554787654,72.77508426059413,10.168142607633472,201.36867883211482,63.66128339025547,29.97112677447452,19.078484146135715,0.7034614192664641,0.5838881331428403,0.016033373408409178,0.011367153373253473,17137.5,16450.0
PF00072,PF07679,48,0,223.0206809217783,16.038309713358004,81.23921668747708,12.956738445121301,201.36867883211482,63.66128339025547,29.97112677447452,19.078484146135715,0.7628001044967906,1.018140213386573,0.022135137000556214,0.06928226118767279,18412.5,23287.5
PF00072,PF07679,49,1,219.53225746596428,17.120519815074488,78.66893741017516,9.722629657183862,201.36867883211482,63.66128339025547,29.97112677447452,19.078484146135715,0.696983732310947,0.8200502759690687,0.012503666217329838,0.041654644347412215,16625.0,16812.5
PF00072,PF07679,50,2,227.18597346556098,15.808363828252297,77.949479272589,8.772094223155515,201.36867883211482,63.66128339025547,29.97112677447452,19.078484146135715,0.8765935041804156,0.7786171358073761,0.036053375245772706,0.03273271551226795,16475.0,18825.0
PF00072,PF07679,54,0,234.07209091053062,16.312728280236772,78.84890860013269,12.143707917431657,201.36867883211482,63.66128339025547,29.97112677447452,19.078484146135715,1.0972852661979204,0.8890008973108966,0.09125658711213572,0.058604439113174145,22262.5,20812.5
PF00072,PF07679,55,1,231.73064636770548,16.38393385411488,73.2194567675296,16.79180043216353,201.36867883211482,63.66128339025547,29.97112677447452,19.078484146135715,1.0283831458006212,0.8694092040684583,0.04414037723847329,0.05617239626693722,18425.0,24537.5
PF00072,PF07679,56,2,226.3739656356613,16.544749541264046,78.46515866350808,9.316881683684379,201.36867883211482,63.66128339025547,29.97112677447452,19.078484146135715,0.8889916470339824,0.8179312051097628,0.04434322693976339,0.043718177280231536,19375.0,19187.5
PF00072,PF07679,60,0,215.22673650069513,15.697095302906344,78.13494132330038,11.677444266385244,201.36867883211482,63.66128339025547,29.97112677447452,19.078484146135715,0.5700270204386706,0.8518186746143244,0.011822876507043284,0.04027230436083611,15025.0,21100.0
PF00072,PF07679,61,1,227.2746371037876,14.432424412199717,80.52225850582933,10.103299185410101,201.36867883211482,63.66128339025547,29.97112677447452,19.078484146135715,0.8712263564650687,0.9405267277698204,0.044819143660482175,0.07480728879751744,19100.0,21000.0
PF00072,PF07679,62,2,224.21539046134473,17.999883798857507,73.32702994945413,12.204022405675715,201.36867883211482,63.66128339025547,29.97112677447452,19.078484146135715,0.8269475623803052,0.685661323721788,0.03463625935364621,0.02748666753520958,19400.0,19312.5
PF00072,PF07679,66,0,214.33376257750737,18.09083214376472,74.13323476271874,13.0610271413984,201.36867883211482,63.66128339025547,29.97112677447452,19.078484146135715,0.5999711940229483,0.7443725813306952,0.012086183208715004,0.024386449267221416,16287.5,18637.5
PF00072,PF07679,67,1,231.52448976875885,15.546095131083597,83.66349883970908,10.0728916181902,201.36867883211482,63.66128339025547,29.97112677447452,19.078484146135715,1.017023839190498,1.0635081113881897,0.07558745635235725,0.11925292152150313,21537.5,25600.0
PF00072,PF07679,68,2,223.27167717143996,15.134667579422716,75.2902788531067,9.48860856496165,201.36867883211482,63.66128339025547,29.97112677447452,19.078484146135715,0.7619180574223714,0.666393375036971,0.019837958505104312,0.024117815398650874,16087.5,17462.5
PF00072,PF07679,72,0,223.2462715722387,16.35941748196342,72.24862209938898,10.499790180265835,201.36867883211482,63.66128339025547,29.97112677447452,19.078484146135715,0.784721538605167,0.5895736630244669,0.019203806908338075,0.013159521937786564,15662.5,14612.5
PF00072,PF07679,73,1,223.68264795183256,13.496809394422375,75.9231921006311,10.693588962437628,201.36867883211482,63.66128339025547,29.97112677447452,19.078484146135715,0.7687744677535036,0.7554857038887245,0.027531024080720817,0.03679015013979117,15662.5,18112.5
PF00072,PF07679,74,2,219.89977897998287,14.863085155294051,73.28890738582167,9.69099129426,201.36867883211482,63.66128339025547,29.97112677447452,19.078484146135715,0.6742213373144458,0.5899803510511353,0.01644895159385201,0.018058899212417767,15912.5,16262.5
PF00072,PF07679,78,0,212.26579189663724,15.155241298058627,73.32157006131646,10.270234449135833,201.36867883211482,63.66128339025547,29.97112677447452,19.078484146135715,0.4968007365688304,0.6247759592215698,0.00981721893643165,0.019736524882217908,14525.0,15800.0
PF00072,PF07679,79,1,230.00144771239044,13.358582343235625,72.97073199870214,9.438301900966094,201.36867883211482,63.66128339025547,29.97112677447452,19.078484146135715,0.9614270061245123,0.5605251338516805,0.06543743022900507,0.01453442062502564,19800.0,15387.5
PF00072,PF07679,80,2,217.08403630199257,16.184747223412433,74.54893672025077,10.302592977419332,201.36867883211482,63.66128339025547,29.97112677447452,19.078484146135715,0.6164433309049127,0.6579514850882322,0.018918934883344226,0.022087950045935,15762.5,16462.5
PF00072,PF07679,84,0,220.3937780528552,17.561097814113175,78.96432732532118,9.608775376562365,201.36867883211482,63.66128339025547,29.97112677447452,19.078484146135715,0.7160342870889898,0.8382180431045628,0.019787325960676446,0.041648172673957685,16350.0,20875.0
PF00072,PF07679,85,1,221.3445145761303,14.446299123604332,69.10182655181796,9.91233204077284,201.36867883211482,63.66128339025547,29.97112677447452,19.078484146135715,0.7073074758274843,0.4626987434406433,0.02975887512441024,0.011107157665986588,17550.0,16175.0
PF00072,PF07679,86,2,226.24755998500888,15.36271221533696,74.47190708389184,9.35801707340146,201.36867883211482,63.66128339025547,29.97112677447452,19.078484146135715,0.8517458914986951,0.6266761654110377,0.040693880659074644,0.01607119880509268,19475.0,14887.5
PF00076,PF00595,12,0,83.17614191567232,11.35512001670837,89.70231139876815,10.708687778315662,80.84820765078511,87.53057527636871,17.495265548880706,17.88808620089358,0.5367338908341287,0.4938227662294114,0.00871653047937742,0.00862469222878598,13300.0,13312.5
PF00076,PF00595,13,1,76.10958312596345,13.764627387973604,89.92627649775815,10.069915350822397,80.84820765078511,87.53057527636871,17.495265548880706,17.88808620089358,0.6630815685872327,0.4567829974394999,0.011687204196223332,0.008814179649126053,12100.0,14012.5
PF00076,PF00595,14,2,72.07098402426915,13.171457283466198,84.2898080060819,9.930669204412332,80.84820765078511,87.53057527636871,17.495265548880706,17.88808620089358,0.7903163389102699,0.46558038409141334,0.014108753254350603,0.008608997575544286,11825.0,12687.5
PF00076,PF00595,18,0,86.40423107452261,9.992090784955083,85.93469754491458,9.736990354712507,80.84820765078511,87.53057527636871,17.495265548880706,17.88808620089358,0.5206237780874104,0.4388283470967421,0.009875791808713747,0.00799214895567197,13075.0,13187.5
PF00076,PF00595,19,1,83.75145311331697,11.62073410882949,89.6661989209181,10.625681574079275,80.84820765078511,87.53057527636871,17.495265548880706,17.88808620089358,0.5590435465463044,0.4659455509861047,0.009223943330270991,0.007453054082922807,11412.5,12637.5
PF00076,PF00595,20,2,75.53947629423287,11.612111075116184,85.22971723966668,10.666121911280074,80.84820765078511,87.53057527636871,17.495265548880706,17.88808620089358,0.6073958136845928,0.489109924636594,0.00981212449601963,0.007619120299832571,10587.5,12587.5
PF00076,PF00595,24,0,78.2749397656549,11.817046916905667,93.62496726806029,8.946657408249568,80.84820765078511,87.53057527636871,17.495265548880706,17.88808620089358,0.5796487122539858,0.48577924792684557,0.009089406925000711,0.008999649343282836,10950.0,14925.0
PF00076,PF00595,25,1,76.18487895760006,12.110380563277925,90.62277662023286,9.450488173785937,80.84820765078511,87.53057527636871,17.495265548880706,17.88808620089358,0.6075341033935484,0.42672235241913853,0.01039285008903187,0.007690585949820959,10762.5,13600.0
PF00076,PF00595,26,2,77.00297926162912,10.86888069106412,84.8684741730884,11.591815802199923,80.84820765078511,87.53057527636871,17.495265548880706,17.88808620089358,0.5236745067748211,0.48472646005107906,0.010007355635787408,0.009483246654581516,11012.5,12925.0
PF00076,PF00595,30,0,85.4602729948812,11.035490354138428,89.44034136160798,10.653953753595173,80.84820765078511,87.53057527636871,17.495265548880706,17.88808620089358,0.5640490439348131,0.4761997298649582,0.011143744584859849,0.008809197566909302,13300.0,13887.5
PF00076,PF00595,31,1,92.31007178326894,11.346388947179225,94.11205143264976,10.217917756917643,80.84820765078511,87.53057527636871,17.495265548880706,17.88808620089358,0.7748180826502832,0.5462539481123732,0.02246081723059439,0.008668284279450284,18612.5,13525.0
PF00076,PF00595,32,2,85.06559905654674,12.617754551575304,88.99112561463322,9.690548196353676,80.84820765078511,87.53057527636871,17.495265548880706,17.88808620089358,0.5965177298967133,0.4354468180416184,0.011536504040187887,0.007479275265348854,13487.5,12712.5
PF00076,PF00595,36,0,95.07497951700564,11.565591146581568,89.96847930920092,11.294811063522891,80.84820765078511,87.53057527636871,17.495265548880706,17.88808620089358,0.9024348326740318,0.5152618319664992,0.02842520352594745,0.0090592817561946,19575.0,12650.0
PF00076,PF00595,37,1,86.1694023343963,11.300786336191857,92.62327972575059,13.204376561044255,80.84820765078511,87.53057527636871,17.495265548880706,17.88808620089358,0.566721471517391,0.6445770946490263,0.010015246629905468,0.012910201296007532,14587.5,16725.0
PF00076,PF00595,38,2,81.08741236728476,10.99357119905538,87.28779884347743,12.32355569005957,80.84820765078511,87.53057527636871,17.495265548880706,17.88808620089358,0.5066919102642984,0.537805244173327,0.008640922795541572,0.010157797474603814,11150.0,12675.0
PF00076,PF00595,42,0,84.65684299391292,11.024933968270592,89.40431115999309,12.334793172195983,80.84820765078511,87.53057527636871,17.495265548880706,17.88808620089358,0.5279426107153409,0.555765668161269,0.009162288360656625,0.009155859775951215,12712.5,15637.5
PF00076,PF00595,43,1,88.04345012439899,14.358581445728825,93.22841172174496,9.526314645324005,80.84820765078511,87.53057527636871,17.495265548880706,17.88808620089358,0.7643487169008858,0.49130227497280143,0.014682404740456519,0.007592033242942965,13550.0,14550.0
PF00076,PF00595,44,2,82.94782112904241,10.283308735280423,89.44199999066126,10.375734617614505,80.84820765078511,87.53057527636871,17.495265548880706,17.88808620089358,0.4713613394083913,0.47227853280073534,0.008490084747786649,0.0077086022450593705,11425.0,12625.0
PF00076,PF00595,48,0,78.15700599168909,10.414304034929764,99.64216098905592,12.827596636720722,80.84820765078511,87.53057527636871,17.495265548880706,17.88808620089358,0.4800026720474006,0.790216660090813,0.008040605526148168,0.026427119470371886,12250.0,19050.0
PF00076,PF00595,49,1,86.55773652173065,11.295884253358658,105.80654418982728,10.098916669806544,80.84820765078511,87.53057527636871,17.495265548880706,17.88808620089358,0.5716424745358154,1.0417060982084532,0.008223348612251364,0.09722331264306566,13525.0,24050.0
PF00076,PF00595,50,2,83.7336165832225,10.704412399623136,93.03571037535437,12.463328399822393,80.84820765078511,87.53057527636871,17.495265548880706,17.88808620089358,0.4968487649991782,0.6065980614759212,0.008957372814645582,0.013982816277383665,12137.5,14562.5
PF00076,PF00595,54,0,82.52015152444123,9.873928981237047,91.45710207108812,11.039845943660007,80.84820765078511,87.53057527636871,17.495265548880706,17.88808620089358,0.46641690214353315,0.5148786362191509,0.0074767167283598165,0.008941200274703564,10562.5,14325.0
PF00076,PF00595,55,1,89.5436938368478,9.391829265310092,91.88258173822713,10.280185097384683,80.84820765078511,87.53057527636871,17.495265548880706,17.88808620089358,0.5826743268894852,0.5183990158779666,0.009836359534477743,0.009114157398136393,12887.5,15575.0
PF00076,PF00595,56,2,81.72869669937867,10.24746493736598,92.40946268437354,13.818562112304814,80.84820765078511,87.53057527636871,17.495265548880706,17.88808620089358,0.47299591136513314,0.6711332740113438,0.00829742413609444,0.017709817756609306,10762.5,14812.5
PF00076,PF00595,60,0,90.06430096410713,9.233937469376643,88.61494544337172,9.352030182656645,80.84820765078511,87.53057527636871,17.495265548880706,17.88808620089358,0.6241934382081218,0.4193321430298742,0.012284834526686397,0.007039512867755091,11775.0,11825.0
PF00076,PF00595,61,1,84.60543868001027,10.809058016736312,106.45316314273218,10.637236948056946,80.84820765078511,87.53057527636871,17.495265548880706,17.88808620089358,0.522298565968719,1.0635771120844009,0.009651658185696904,0.07617078985733482,13000.0,25712.5
PF00076,PF00595,62,2,80.39985104531841,12.30994265907621,89.74443392291977,10.245624960889385,80.84820765078511,87.53057527636871,17.495265548880706,17.88808620089358,0.5888840475146115,0.4690172114808041,0.010771892894796197,0.007069774001241993,13825.0,14437.5
PF00076,PF00595,66,0,96.15479301849616,11.418951764806653,98.77189083390923,12.244145679638885,80.84820765078511,87.53057527636871,17.495265548880706,17.88808620089358,0.9269692085921054,0.7678861599611935,0.06015097987244835,0.02028061906615056,17225.0,21037.5
PF00076,PF00595,67,1,85.0682100227768,10.758522770252405,106.24599020108512,9.853275420614962,80.84820765078511,87.53057527636871,17.495265548880706,17.88808620089358,0.5365457423923237,1.0654082584072553,0.010927170144628016,0.06917463839364632,11087.5,23000.0
PF00076,PF00595,68,2,93.01881355305882,10.41688805498982,92.34366339691645,10.523279789124778,80.84820765078511,87.53057527636871,17.495265548880706,17.88808620089358,0.7386132669255839,0.5068200230259069,0.034137561592766576,0.009447907534223428,16887.5,13800.0
PF00076,PF00595,72,0,95.86718835019359,9.225299957302596,102.70764759102873,10.405010221569949,80.84820765078511,87.53057527636871,17.495265548880706,17.88808620089358,0.8830260983437497,0.8790179315143902,0.03531903993057273,0.026881215662554706,15925.0,20925.0
PF00076,PF00595,73,1,90.6886152229537,9.109205118415948,111.72218166868996,8.793796475029037,80.84820765078511,87.53057527636871,17.495265548880706,17.88808620089358,0.6326453908674379,1.3523865057801867,0.015443787912719893,0.26336606055014483,13600.0,31025.0
PF00076,PF00595,74,2,85.25846060126834,15.191961448927064,99.8418265986682,10.868601821309447,80.84820765078511,87.53057527636871,17.495265548880706,17.88808620089358,0.7647443786432939,0.76441695330019,0.0377740512448529,0.01757958012971134,15637.5,14575.0
PF00076,PF00595,78,0,77.28931915572483,8.862672572039777,98.18119038557278,8.998418517575136,80.84820765078511,87.53057527636871,17.495265548880706,17.88808620089358,0.42945868592016767,0.6312509283571316,0.008280773293146457,0.017412142019218667,12287.5,16262.5
PF00076,PF00595,79,1,98.10941364522944,10.705382343995721,103.74395876496573,9.946601395327068,80.84820765078511,87.53057527636871,17.495265548880706,17.88808620089358,1.0440923750753008,0.9340711802121517,0.1013825989657542,0.05004342727314134,19775.0,18687.5
PF00076,PF00595,80,2,84.67403456211528,10.321141062472334,99.16696907277641,9.905804049796835,80.84820765078511,87.53057527636871,17.495265548880706,17.88808620089358,0.4942416706079969,0.7115218241161638,0.009177381391581323,0.015426292817180278,12512.5,16300.0
PF00076,PF00595,84,0,90.60638631169188,11.528753003659094,105.65043124911459,10.687529917030455,80.84820765078511,87.53057527636871,17.495265548880706,17.88808620089358,0.7221428749617675,1.04533878127889,0.018567601798492515,0.06661448475205392,12400.0,24250.0
PF00076,PF00595,85,1,92.29763440711635,9.366043098565873,104.61222492372534,9.404720679870488,80.84820765078511,87.53057527636871,17.495265548880706,17.88808620089358,0.7042919965659302,0.9607560962847214,0.01872356250486662,0.09731680978499402,13050.0,20850.0
PF00076,PF00595,86,2,95.55200692497623,11.686953068157225,94.60461119801447,9.3994806986295,80.84820765078511,87.53057527636871,17.495265548880706,17.88808620089358,0.933748242210029,0.512239865105448,0.032725962238782956,0.008929040218132938,17750.0,13362.5
PF00096,PF00512,12,0,16.146182996132563,3.555760490237316,110.23394883588553,9.077079097121267,16.436232766230635,105.72150320304084,5.230388282054999,17.686172366262216,0.5491509201708876,0.4624123139739613,0.00839256417721071,0.008564601696876988,9662.5,7125.0
PF00096,PF00512,13,1,19.3761111154214,3.442897564235052,114.5232878587586,9.371699509038185,16.436232766230635,105.72150320304084,5.230388282054999,17.686172366262216,0.6784766961823132,0.5967358316804902,0.011422878137382656,0.009525910452348416,13575.0,7137.5
PF00096,PF00512,14,2,17.61283776818146,4.069726902109127,112.28392559568077,9.410561228968113,16.436232766230635,105.72150320304084,5.230388282054999,17.686172366262216,0.6596250824080971,0.523948746741246,0.008617138561072272,0.008380152473487083,11825.0,6612.5
PF00096,PF00512,18,0,31.626939570357823,3.311276596392194,108.90145670257505,9.886090556273151,16.436232766230635,105.72150320304084,5.230388282054999,17.686172366262216,2.9043172294196897,0.463785207289698,1.4053599395553882,0.006989248762660396,245062.5,6287.5
PF00096,PF00512,19,1,20.270785615073688,6.5925603379873285,118.16306562867678,10.431035171136505,16.436232766230635,105.72150320304084,5.230388282054999,17.686172366262216,0.9794565918069735,0.7770208339292749,0.3039372430708252,0.013547778952975162,99725.0,7125.0
PF00096,PF00512,20,2,30.24470509676039,4.258447054250695,111.12883399286824,8.8384330572439,16.436232766230635,105.72150320304084,5.230388282054999,17.686172366262216,2.6400472748658848,0.4627915336281475,0.9528347727823382,0.009760957150688808,178787.5,7062.5
PF00096,PF00512,24,0,16.824862853873764,3.7854653845457866,112.6332317771094,9.732380724401516,16.436232766230635,105.72150320304084,5.230388282054999,17.686172366262216,0.590533962187257,0.5567531165662022,0.010508989317141308,0.008651242166163572,11125.0,6862.5
PF00096,PF00512,25,1,17.99828660748143,3.9482917706163394,124.47886574746451,9.0235144150134,16.436232766230635,105.72150320304084,5.230388282054999,17.686172366262216,0.6445938032399845,1.0704161354414545,0.010868831316685196,0.044370362860698814,21775.0,9450.0
PF00096,PF00512,26,2,16.42071912639934,3.6574868494430213,110.53788610732968,10.082020304929795,16.436232766230635,105.72150320304084,5.230388282054999,17.686172366262216,0.5573100314754907,0.5112727616938936,0.009161396944576078,0.009017110481432548,10225.0,7350.0
PF00096,PF00512,30,0,17.423018293333577,4.282692245647025,117.4573572283684,9.43755770258979,16.436232766230635,105.72150320304084,5.230388282054999,17.686172366262216,0.6844555260230233,0.7452320057891629,0.010342559380053629,0.014857787460765864,11187.5,7537.5
PF00096,PF00512,31,1,16.85967819192328,4.121437352974886,123.8720749154619,9.873953195781498,16.436232766230635,105.72150320304084,5.230388282054999,17.686172366262216,0.6215947703191111,1.0330253646962573,0.008906287081047865,0.041453030393844896,12000.0,8575.0
PF00096,PF00512,32,2,15.751227759899248,4.000921978850901,116.81771036143157,7.8872362412128085,16.436232766230635,105.72150320304084,5.230388282054999,17.686172366262216,0.6283780754005152,0.6677633403669592,0.010959299910829138,0.017793500181882863,17637.5,7162.5
PF00096,PF00512,36,0,15.107940216634127,3.85460637933057,117.20538728857144,9.051383568279944,16.436232766230635,105.72150320304084,5.230388282054999,17.686172366262216,0.6330832819046528,0.673785060007459,0.011208572216383472,0.014586561629999712,12462.5,7525.0
PF00096,PF00512,37,1,16.930672060745245,3.631607139892026,120.58388091119073,9.216667359151693,16.436232766230635,105.72150320304084,5.230388282054999,17.686172366262216,0.5487659381033535,0.8640682631568573,0.020347462963737763,0.018704827191620605,44850.0,7487.5
PF00096,PF00512,38,2,17.89297998946601,4.025780515820039,117.11947277937531,9.437519777411948,16.436232766230635,105.72150320304084,5.230388282054999,17.686172366262216,0.6209424654345506,0.6990493501896918,0.010730035068871156,0.014205225061368867,22800.0,7137.5
PF00096,PF00512,42,0,19.699444222785743,3.9101019785900886,119.7741075316077,9.814505801794398,16.436232766230635,105.72150320304084,5.230388282054999,17.686172366262216,0.7849764177900993,0.8534280951629956,0.013514212900334667,0.021415515328970677,9412.5,9237.5
PF00096,PF00512,43,1,20.811920765190315,3.977741192160679,127.01926856992556,9.285096292019166,16.436232766230635,105.72150320304084,5.230388282054999,17.686172366262216,0.9127691670608694,1.2156774445722116,0.03938081525001744,0.06923444900998219,55487.5,9950.0
PF00096,PF00512,44,2,15.15854864398626,3.811969773090291,109.4240624000489,11.332399729804687,16.436232766230635,105.72150320304084,5.230388282054999,17.686172366262216,0.6090317361127872,0.5449123140220974,0.011645085404253437,0.009054537780987137,11912.5,6825.0
PF00096,PF00512,48,0,19.09164506206494,4.084115900096776,116.23862892092063,9.835261045840289,16.436232766230635,105.72150320304084,5.230388282054999,17.686172366262216,0.7429675424809674,0.670496959792126,0.013342561057258734,0.014092250300452549,10125.0,7987.5
PF00096,PF00512,49,1,20.037709965837607,3.4465316811437536,123.34706804789923,8.641309334042393,16.436232766230635,105.72150320304084,5.230388282054999,17.686172366262216,0.7773593747768082,1.0035469807860489,0.014341333775665053,0.039508082035255306,11075.0,10062.5
PF00096,PF00512,50,2,21.474464409606455,3.484310393359413,124.69239986178218,8.687734669758301,16.436232766230635,105.72150320304084,5.230388282054999,17.686172366262216,0.9963899528003136,1.0772840078396044,0.0361216438154444,0.05961860701092579,24212.5,10412.5
PF00096,PF00512,54,0,21.95203076544763,3.839477932264509,122.5021567995516,9.61782895984856,16.436232766230635,105.72150320304084,5.230388282054999,17.686172366262216,1.0852091001685054,0.9702896239967312,0.02702973525603255,0.024995745246217914,11612.5,10050.0
PF00096,PF00512,55,1,19.1485937020216,2.580785346861268,120.87566972861924,9.124167886902189,16.436232766230635,105.72150320304084,5.230388282054999,17.686172366262216,0.6005193432785767,0.8747932951552528,0.01208129930028539,0.02769690481662206,22975.0,7862.5
PF00096,PF00512,56,2,30.912850418445068,3.4826362665937634,112.78486712786332,8.865197299172436,16.436232766230635,105.72150320304084,5.230388282054999,17.686172366262216,2.767790242625472,0.5059310442360472,1.2815409513040814,0.0078830934702661,235025.0,6925.0
PF00096,PF00512,60,0,24.295899723206475,4.326763170475087,118.16575028290713,10.033868606581855,16.436232766230635,105.72150320304084,5.230388282054999,17.686172366262216,1.5448134414469126,0.7689885937450615,0.047437391859095665,0.017317193603447717,16362.5,9525.0
PF00096,PF00512,61,1,21.765338813633434,2.924681137369766,115.10806141578388,8.91041955427659,16.436232766230635,105.72150320304084,5.230388282054999,17.686172366262216,1.0332139270355418,0.5986555391031722,0.047232384223033747,0.011506175294205962,13400.0,7087.5
PF00096,PF00512,62,2,22.37310884412717,4.2551023037804825,114.40040450165017,12.665930814180665,16.436232766230635,105.72150320304084,5.230388282054999,17.686172366262216,1.1811313390826021,0.7431679492565896,0.044388954737460434,0.015124872567111003,21962.5,7800.0
PF00096,PF00271,12,0,18.25205272629156,4.679393787203888,180.0786353863887,19.639490613315058,16.436232766230635,149.57930952191575,5.230388282054999,27.18196726964319,0.666760754104269,1.1588301082508905,0.009354538968266619,0.14217693407531093,15650.0,27625.0
PF00096,PF00271,13,1,22.575003681088766,7.7507701567898915,159.6441822277997,21.574964896917404,16.436232766230635,149.57930952191575,5.230388282054999,27.18196726964319,1.3584417516282639,0.647309553769868,0.49056553492359045,0.037849226327775744,114325.0,21700.0
PF00096,PF00271,14,2,19.39186863611512,5.518850603501724,168.49688964101006,21.333792910149878,16.436232766230635,149.57930952191575,5.230388282054999,27.18196726964319,0.8006145079950587,0.824488411121923,0.009958496833287225,0.06948509012409415,21037.5,36512.5
PF00096,PF00271,18,0,32.420940543616155,3.8993307771988883,159.21819944737715,21.659762276310087,16.436232766230635,149.57930952191575,5.230388282054999,27.18196726964319,3.0561225888769368,0.6686060462261474,1.464854748552807,0.028979441046099525,238075.0,27387.5
PF00096,PF00271,19,1,16.231384277599712,3.913149017541794,170.27286055835694,21.308234295688496,16.436232766230635,149.57930952191575,5.230388282054999,27.18196726964319,0.5877810882433877,0.8754854806187449,0.010656789612364452,0.08712138218947782,25250.0,29100.0
PF00096,PF00271,20,2,34.22956687156351,3.6338364599626716,165.10931960924825,22.51216794435463,16.436232766230635,149.57930952191575,5.230388282054999,27.18196726964319,3.4019145703542186,0.8094136614414684,1.6990034640158809,0.07216168530300676,243875.0,28675.0
PF00096,PF00271,24,0,23.581643144849973,6.795849674559248,169.29122331430344,22.87558990072368,16.436232766230635,149.57930952191575,5.230388282054999,27.18196726964319,1.6157408313638115,0.9059440530728363,0.03276057324073557,0.05527183615638658,20000.0,27637.5
PF00096,PF00271,25,1,20.098135458032587,3.3925167504772245,175.83630319808543,19.570328174972037,16.436232766230635,149.57930952191575,5.230388282054999,27.18196726964319,0.7928624424656244,1.0080118631489399,0.015304165609998206,0.07965342560807487,14362.5,47775.0
PF00096,PF00271,26,2,17.7878642755779,6.996499442505385,165.05284386075422,20.876679060662457,16.436232766230635,149.57930952191575,5.230388282054999,27.18196726964319,1.1033649538606511,0.7455721099159419,0.016063022120078426,0.06640463425677688,17087.5,27387.5
PF00096,PF00271,30,0,20.346013300554976,4.0352385939387245,189.4843063139289,17.85113216754265,16.436232766230635,149.57930952191575,5.230388282054999,27.18196726964319,0.8658443836095208,1.481442008219385,0.015474098438697688,0.37470128953096465,14462.5,53987.5
PF00096,PF00271,31,1,17.48409770280839,3.943371528378622,188.3865135123193,13.48425124875414,16.436232766230635,149.57930952191575,5.230388282054999,27.18196726964319,0.6127670342714704,1.4307870881131237,0.008948782613751038,0.3421696453869828,18225.0,41462.5
PF00096,PF00271,32,2,17.694791727575,3.2536557536080353,170.2373281157678,20.668415047409844,16.436232766230635,149.57930952191575,5.230388282054999,27.18196726964319,0.5151766136202596,0.861772465378739,0.008906851747267581,0.04852712926399227,12287.5,27375.0
PF00096,PF00271,36,0,18.734333638023532,3.8769033614935275,181.119020431987,17.95319063121337,16.436232766230635,149.57930952191575,5.230388282054999,27.18196726964319,0.6960669545347175,1.1994144771652933,0.011320094314617064,0.1268530555169502,11000.0,38425.0
PF00096,PF00271,37,1,30.634608892250395,9.614278061912183,176.05275160394496,18.5217138606304,16.436232766230635,149.57930952191575,5.230388282054999,27.18196726964319,2.7437186241914366,0.9947108742873345,1.3853923642591395,0.04152251612448543,173887.5,34250.0
PF00096,PF00271,38,2,20.415934424290825,3.1203230476264605,144.4679596432492,16.26810220095972,16.436232766230635,149.57930952191575,5.230388282054999,27.18196726964319,0.8134178722071164,0.5018858236702924,0.015234901335547968,0.018277122317501022,18825.0,18650.0
PF00096,PF00271,42,0,19.01334968212538,4.67854249395426,170.0598609656125,21.1258261136511,16.436232766230635,149.57930952191575,5.230388282054999,27.18196726964319,0.8323077781316289,0.8789551041598503,0.013887705794471426,0.08734688679819684,14037.5,23137.5
PF00096,PF00271,43,1,20.06475389896668,3.619922611111263,185.82743195202988,16.407970581699697,16.436232766230635,149.57930952191575,5.230388282054999,27.18196726964319,0.7955036831768965,1.3402017835290807,0.013526439055636219,0.15982099174727174,19925.0,41575.0
PF00096,PF00271,44,2,18.985783880580296,3.9474741743387898,172.1079496169043,14.090820764424103,16.436232766230635,149.57930952191575,5.230388282054999,27.18196726964319,0.7246210214568406,0.856654427183513,0.011379054839720588,0.03717099800219905,13987.5,16737.5
PF00096,PF00271,48,0,14.798626722104933,3.6275967047050792,157.16907624870723,20.306436087780497,16.436232766230635,149.57930952191575,5.230388282054999,27.18196726964319,0.6267031803433549,0.6575426483750725,0.012317879340175683,0.02216377860391984,11587.5,14875.0
PF00096,PF00271,49,1,26.83055604577088,4.255363908719277,164.40147358204263,18.511057034519364,16.436232766230635,149.57930952191575,5.230388282054999,27.18196726964319,1.9872947702950179,0.6439717460361323,0.2995239268037109,0.1005965596030001,39425.0,61387.5
PF00096,PF00271,50,2,20.225011258489882,3.2338367635248098,157.22455503505572,20.077316166128778,16.436232766230635,149.57930952191575,5.230388282054999,27.18196726964319,0.7727482343125159,0.6433718710933846,0.015803918426964318,0.021644404497693826,16487.5,15875.0
PF00096,PF00271,54,0,18.716902717308606,3.282235537251738,151.51278055174708,18.323007820922946,16.436232766230635,149.57930952191575,5.230388282054999,27.18196726964319,0.6051564853018014,0.5130852620955428,0.010043942567344288,0.02099263007785251,12637.5,20387.5
PF00096,PF00271,55,1,21.342294219632596,3.678718069374765,186.35849258195944,16.880583579442966,16.436232766230635,149.57930952191575,5.230388282054999,27.18196726964319,0.9701402377197522,1.3620858518506878,0.021246554545365715,0.19121805189659866,19112.5,52300.0
PF00096,PF00271,56,2,34.55065243798829,3.921567467750698,171.52706657807371,16.27480827485462,16.436232766230635,149.57930952191575,5.230388282054999,27.18196726964319,3.463303046526513,0.8721394387296951,1.856004082515753,0.04383752130729846,248825.0,18975.0
PF00096,PF00271,60,0,23.604261511898393,3.3179063213032447,165.8936905943674,13.679244377087848,16.436232766230635,149.57930952191575,5.230388282054999,27.18196726964319,1.379202727113639,0.6564690445055988,0.1363731248365059,0.014579649105040251,21537.5,18937.5
PF00096,PF00271,61,1,25.863147626087695,3.7947245151330593,190.52985202036027,18.49292990453283,16.436232766230635,149.57930952191575,5.230388282054999,27.18196726964319,1.8023492020686256,1.5100813663299621,0.2656196389632209,0.3997942213684223,73250.0,86300.0
PF00096,PF00271,62,2,20.797506362247145,3.183622394874635,162.15728996593901,19.380712263261536,16.436232766230635,149.57930952191575,5.230388282054999,27.18196726964319,0.8805604371793794,0.6502517172443837,0.020674218855078454,0.03656065168777829,14125.0,22812.5
PF00072,PF02518,12,0,199.01143685343297,17.963511786842624,189.34929558623116,14.51575525632332,201.36867883211482,186.84189492033835,29.97112677447452,26.052863003717928,0.4882729017365439,0.4581368458124437,0.009156162905429768,0.007272216772573794,13375.0,12362.5
PF00072,PF02518,13,1,211.5190351375318,16.744033630857857,201.45549777530994,14.457911303388293,201.36867883211482,186.84189492033835,29.97112677447452,26.052863003717928,0.5234016781711598,0.646770624318825,0.009596449702902615,0.013593988524785017,14925.0,16687.5
PF00072,PF02518,14,2,210.6327634480818,16.400408482757353,198.3668985743338,15.939010597929016,201.36867883211482,186.84189492033835,29.97112677447452,26.052863003717928,0.5089195762961878,0.5849302459643002,0.010023595617825709,0.009456873916144876,14350.0,14250.0
PF00072,PF02518,18,0,217.1373322561512,17.460046900070907,190.3919374175908,15.240922881506133,201.36867883211482,186.84189492033835,29.97112677447452,26.052863003717928,0.6444953541615507,0.4862715144064106,0.011952137282872553,0.008057914632948837,14625.0,13300.0
PF00072,PF02518,19,1,215.0968545631579,16.396081250799966,201.0110558295805,14.203687582524047,201.36867883211482,186.84189492033835,29.97112677447452,26.052863003717928,0.5897475302071724,0.6238465816296889,0.011019187104442553,0.011905367754249475,15387.5,16037.5
PF00072,PF02518,20,2,209.87684677209407,16.416794547374728,191.01410045350516,15.228785629179612,201.36867883211482,186.84189492033835,29.97112677447452,26.052863003717928,0.49144859416214287,0.49782205369527405,0.008820852334259723,0.008016277091385533,14212.5,12812.5
PF00072,PF02518,24,0,210.3082912539925,16.390603269699337,201.73658024881536,14.625893268852469,201.36867883211482,186.84189492033835,29.97112677447452,26.052863003717928,0.5043569383114448,0.6673903430511229,0.009736391807474723,0.011942606743774587,14825.0,15462.5
PF00072,PF02518,25,1,216.34336349716557,14.762486885210963,201.56536656361794,16.72584883951397,201.36867883211482,186.84189492033835,29.97112677447452,26.052863003717928,0.5782336816975945,0.7103059714821565,0.012011212229172586,0.015351011616721215,16137.5,15937.5
PF00072,PF02518,26,2,205.2653227943544,19.23596176449102,197.0425562839058,15.060727126803991,201.36867883211482,186.84189492033835,29.97112677447452,26.052863003717928,0.5178276020929142,0.5689164298816795,0.008634603733514361,0.010871733406242604,14175.0,13950.0
PF00072,PF02518,30,0,217.56931619663752,17.540698344101337,191.3372293472382,15.571562518737247,201.36867883211482,186.84189492033835,29.97112677447452,26.052863003717928,0.6677322601528656,0.49826730498382305,0.013161837818476595,0.007408903859167664,17462.5,13400.0
PF00072,PF02518,31,1,211.14075244122418,15.428135986683028,197.6724620095286,14.196943169247861,201.36867883211482,186.84189492033835,29.97112677447452,26.052863003717928,0.4913703340307654,0.5516639355731523,0.009429229299937862,0.010714694833837825,15050.0,14987.5
PF00072,PF02518,32,2,207.01739710044762,16.096286336795135,197.87083790190837,14.873301080178756,201.36867883211482,186.84189492033835,29.97112677447452,26.052863003717928,0.4573000734949542,0.5807804243453141,0.008324988222728846,0.011184100053091357,13400.0,14700.0
PF00072,PF02518,36,0,222.3112285099048,15.501164029864011,199.35954208227275,15.673593948607019,201.36867883211482,186.84189492033835,29.97112677447452,26.052863003717928,0.7521812851964554,0.6331671868012281,0.02208212926902572,0.012008533426640067,18812.5,15162.5
PF00072,PF02518,37,1,217.6619502736821,17.57733057903823,202.97083905426828,14.924665906515731,201.36867883211482,186.84189492033835,29.97112677447452,26.052863003717928,0.6484491857927559,0.6988025281719894,0.016768887233389814,0.013095688778906083,16737.5,16837.5
PF00072,PF02518,38,2,200.57567212053218,18.198734580895234,190.4011722453928,15.007434722502651,201.36867883211482,186.84189492033835,29.97112677447452,26.052863003717928,0.48555017117547544,0.4751186699427993,0.008029197373423464,0.0065490961590126615,12725.0,13600.0
PF00072,PF02518,42,0,214.3324602809753,15.855713824840668,194.85679985127916,15.218103080622178,201.36867883211482,186.84189492033835,29.97112677447452,26.052863003717928,0.5499016955703699,0.5240770273052019,0.01198466922304024,0.009109647997229046,15112.5,14212.5
PF00072,PF02518,43,1,225.81156407061994,16.716236822494384,205.48240905512384,15.339434751134403,201.36867883211482,186.84189492033835,29.97112677447452,26.052863003717928,0.8576449875636021,0.7730186190970385,0.026400039031716817,0.017506887077712287,18162.5,15412.5
PF00072,PF02518,44,2,215.36306671957368,18.331498178920985,201.5696983652142,16.22439733576092,201.36867883211482,186.84189492033835,29.97112677447452,26.052863003717928,0.6254286472457067,0.6910159723122612,0.010741277064249415,0.010973542995555322,15950.0,14450.0
PF00072,PF02518,48,0,220.10051949629087,16.91972823517979,200.00016399243842,16.76625723921641,201.36867883211482,186.84189492033835,29.97112677447452,26.052863003717928,0.7004145704042712,0.6378668371766736,0.013732070889999943,0.011669068751419917,16350.0,16312.5
PF00072,PF02518,49,1,223.17537133045357,15.347782262216219,206.93845992578517,14.183359377004628,201.36867883211482,186.84189492033835,29.97112677447452,26.052863003717928,0.7604042692217018,0.8127224834865073,0.019459841541767966,0.021215379019604422,16987.5,16612.5
PF00072,PF02518,50,2,213.4553056355557,15.770400475934581,189.5126316671323,14.576574623642866,201.36867883211482,186.84189492033835,29.97112677447452,26.052863003717928,0.5419870772507994,0.46335225082853937,0.011642605459137138,0.007443828318082362,14187.5,12862.5
PF00072,PF02518,54,0,218.2074369118496,16.46487471359472,199.45263451346648,14.221652722653303,201.36867883211482,186.84189492033835,29.97112677447452,26.052863003717928,0.632389067709692,0.609567263359138,0.012972811066703567,0.010530653007641746,15125.0,14187.5
PF00072,PF02518,55,1,223.13011674456772,15.989608747296854,198.66460573822638,13.667493920874154,201.36867883211482,186.84189492033835,29.97112677447452,26.052863003717928,0.7580450146536836,0.5662917313061578,0.019632885076563043,0.009697976198562401,15825.0,14462.5
PF00072,PF02518,56,2,225.2884946279847,14.745100728038745,195.48176267955267,15.739026129805195,201.36867883211482,186.84189492033835,29.97112677447452,26.052863003717928,0.8205257834670698,0.5517145359334517,0.021579743707231352,0.008784888319983251,15587.5,12975.0
PF00072,PF02518,60,0,215.09595451308525,15.29629361382793,196.46975971904266,14.884382239018638,201.36867883211482,186.84189492033835,29.97112677447452,26.052863003717928,0.554530520848698,0.5579302349010076,0.01124313442655983,0.009590502479342414,15962.5,14175.0
PF00072,PF02518,61,1,227.47538154626469,14.019347731007512,195.26841913033724,16.03779195988324,201.36867883211482,186.84189492033835,29.97112677447452,26.052863003717928,0.8886375067059156,0.5475854105546105,0.04056878907703901,0.008505730942963627,17187.5,13862.5
PF00072,PF02518,62,2,216.4089283681624,16.03751920770551,192.8150606662562,13.204308643751185,201.36867883211482,186.84189492033835,29.97112677447452,26.052863003717928,0.607525014533186,0.42837264331700736,0.013841392861668484,0.007576080748983494,13737.5,12250.0
PF00072,PF02518,66,0,217.4959563708891,16.647848866121556,212.2673217424687,17.836949229229074,201.36867883211482,186.84189492033835,29.97112677447452,26.052863003717928,0.6144448389585989,1.022143932019957,0.012320988552175787,0.0423618148061232,15200.0,18987.5
PF00072,PF02518,67,1,228.095438546956,16.296241233538534,207.47520545642422,16.52975687041795,201.36867883211482,186.84189492033835,29.97112677447452,26.052863003717928,0.9104457090534919,0.8497969171446067,0.041143771699215126,0.017627883992137806,18612.5,17537.5
PF00072,PF02518,68,2,218.4024759562318,14.253257846285944,198.70732132133503,13.845586551105127,201.36867883211482,186.84189492033835,29.97112677447452,26.052863003717928,0.6078085513876282,0.5729678993078348,0.015329282500936006,0.008903892435454225,13775.0,14225.0
PF00072,PF02518,72,0,220.9555351937871,16.80782794186027,208.3640358206935,15.497108315588978,201.36867883211482,186.84189492033835,29.97112677447452,26.052863003717928,0.737943509736725,0.8671895319053337,0.01621852631552032,0.026746848549870323,17587.5,18187.5
PF00072,PF02518,73,1,229.0814706956016,13.6795559435092,203.7528555391284,14.856553184555327,201.36867883211482,186.84189492033835,29.97112677447452,26.052863003717928,0.9302173540921495,0.730013457544902,0.05895217620430632,0.013188912935401064,19262.5,16087.5
PF00072,PF02518,74,2,210.36470583362615,17.22192111449085,194.39645203944943,13.59518993375928,201.36867883211482,186.84189492033835,29.97112677447452,26.052863003717928,0.5216005507819703,0.4794031824442618,0.009168353575394814,0.008530718977031271,13762.5,12475.0
PF00072,PF02518,78,0,227.79606466149954,15.955171455030918,209.65227467839858,14.413327866215216,201.36867883211482,186.84189492033835,29.97112677447452,26.052863003717928,0.9090886297477658,0.912620639777848,0.036484369704936126,0.031815162364510145,17575.0,18200.0
PF00072,PF02518,79,1,228.8248806174418,14.988360422778541,209.9333821676381,15.37774046719876,201.36867883211482,186.84189492033835,29.97112677447452,26.052863003717928,0.9295000503742094,0.9121188634640134,0.04953763855912574,0.02760045113752911,19925.0,17212.5
PF00072,PF02518,80,2,214.62885069547752,14.81826330894098,183.0485292002404,14.735728951048841,201.36867883211482,186.84189492033835,29.97112677447452,26.052863003717928,0.5441780716505545,0.46896097526029296,0.012080616093805894,0.008504238864937362,13150.0,11212.5
PF00072,PF02518,84,0,221.38450194652643,16.30321796492763,201.68455773649063,15.420563892412048,201.36867883211482,186.84189492033835,29.97112677447452,26.052863003717928,0.7020455015259376,0.6761491467958939,0.01656017444709886,0.012524068249844417,15575.0,14887.5
PF00072,PF02518,85,1,226.10947021076296,14.550128623605447,202.94925093636368,14.239525320930266,201.36867883211482,186.84189492033835,29.97112677447452,26.052863003717928,0.8390204628502954,0.683399253640498,0.03055883742184457,0.015102075302691271,16700.0,14925.0
PF00072,PF02518,86,2,214.28048403458467,15.025595078686708,193.24838659953042,13.001164884216992,201.36867883211482,186.84189492033835,29.97112677447452,26.052863003717928,0.5475147452674186,0.45555449477293963,0.010609393835676793,0.00922005456477159,14637.5,13262.5
PF00096,PF00595,12,0,16.782137776716283,3.5417113122803237,90.99870713627178,10.27581836244091,16.436232766230635,87.53057527636871,5.230388282054999,17.88808620089358,0.5548023080225103,0.47102434274388494,0.009184377864606255,0.007982100354067038,10287.5,11450.0
PF00096,PF00595,13,1,20.302451661360752,5.9826072154874375,100.10647742490839,11.808145706375266,16.436232766230635,87.53057527636871,5.230388282054999,17.88808620089358,0.910560106098872,0.8123704486380212,0.013528444477616695,0.02134267555432646,20787.5,14212.5
PF00096,PF00595,14,2,16.67909685086822,3.517490899253946,93.19757607592496,10.735403955189257,16.436232766230635,87.53057527636871,5.230388282054999,17.88808620089358,0.5388210729001921,0.5268462562092262,0.009969619501953781,0.007909185632911734,18187.5,12125.0
PF00096,PF00595,18,0,31.791447055017457,3.458766226121732,85.8530332133119,11.744436376924577,16.436232766230635,87.53057527636871,5.230388282054999,17.88808620089358,2.9357694803403422,0.5241429800076979,1.337957539430019,0.008240013261459449,236375.0,10050.0
PF00096,PF00595,19,1,16.132651219563677,4.742097868310936,87.42596707665713,11.025435417131387,16.436232766230635,87.53057527636871,5.230388282054999,17.88808620089358,0.7065990167810707,0.4823699878748196,0.04830714936726141,0.008719146467502015,49037.5,10237.5
PF00096,PF00595,20,2,30.82455521958608,3.9748312665621572,88.91190299036751,9.669643211362741,16.436232766230635,87.53057527636871,5.230388282054999,17.88808620089358,2.7509090487068644,0.4221782532870627,0.9672201717965717,0.007674609957433369,174050.0,10337.5
PF00096,PF00595,24,0,17.94664719129352,4.107088593360582,98.08374846239373,10.571616263148124,16.436232766230635,87.53057527636871,5.230388282054999,17.88808620089358,0.6502767790594458,0.6764878249986495,0.011299828383077866,0.014562526673971937,12050.0,13287.5
PF00096,PF00595,25,1,22.555009147380062,7.913760310617801,103.80774997601729,11.901213563428128,16.436232766230635,87.53057527636871,5.230388282054999,17.88808620089358,1.4824486413305007,0.9753682875982065,0.01661497448884082,0.027606941513351878,35225.0,15937.5
PF00096,PF00595,26,2,15.127159285001166,3.8937625132344857,93.87910662281666,9.338637317714465,16.436232766230635,87.53057527636871,5.230388282054999,17.88808620089358,0.6398270501563652,0.516364157484123,0.010675842828255297,0.00867890789449063,15112.5,11087.5
PF00096,PF00595,30,0,16.96628008071602,3.8169880625530026,89.3010207817884,11.587397471299864,16.436232766230635,87.53057527636871,5.230388282054999,17.88808620089358,0.5751536084301033,0.5237302264756835,0.009750232873085265,0.008450031984706554,11537.5,9975.0
PF00096,PF00595,31,1,16.373807660591652,4.47597838777007,97.21531921955437,9.421064659097354,16.436232766230635,87.53057527636871,5.230388282054999,17.88808620089358,0.6315311767853163,0.6117767332923691,0.07001287372225534,0.010841541295839491,62600.0,12350.0
PF00096,PF00595,32,2,15.892927577959549,4.0306778239462115,90.20077219458665,9.294961108148895,16.436232766230635,87.53057527636871,5.230388282054999,17.88808620089358,0.6385379109972744,0.4227952269301102,0.010232407728415377,0.007171257798109156,10212.5,11112.5
PF00096,PF00595,36,0,16.02566867738687,3.599755978436548,100.69392808548928,11.139380137504254,16.436232766230635,87.53057527636871,5.230388282054999,17.88808620089358,0.5632234318888149,0.7958643383515187,0.007674759676138787,0.015000445720603564,11012.5,14487.5
PF00096,PF00595,37,1,18.692574382378123,3.3939285979481792,109.67403299740324,12.052777770608946,16.436232766230635,87.53057527636871,5.230388282054999,17.88808620089358,0.6197257897768085,1.2787261313752507,0.009115528890882421,0.14013604701593366,20387.5,25925.0
PF00096,PF00595,38,2,15.610116407806586,3.3149622156007426,94.41603739845185,11.078319764322147,16.436232766230635,87.53057527636871,5.230388282054999,17.88808620089358,0.5299104824485127,0.593219136805387,0.010160914474157061,0.012726483909512951,25962.5,12550.0
PF00096,PF00595,42,0,18.823047929040932,3.2034559202230697,87.84630758553841,11.95624478812263,16.436232766230635,87.53057527636871,5.230388282054999,17.88808620089358,0.5980788941297344,0.534648943163592,0.01049679294792898,0.008079124016996762,12025.0,11325.0
PF00096,PF00595,43,1,18.62544212158233,3.76295246628726,98.83605149470627,9.832705246639145,16.436232766230635,87.53057527636871,5.230388282054999,17.88808620089358,0.6683787209370838,0.7071255225334211,0.013179124560026392,0.01610022223449007,16900.0,12525.0
PF00096,PF00595,44,2,17.572134632327327,3.7463650732297435,86.85183684029293,8.71677007182834,16.436232766230635,87.53057527636871,5.230388282054999,17.88808620089358,0.6098000170918513,0.3946223705050403,0.009213947470377935,0.007168753312878895,10725.0,9875.0
PF00096,PF00595,48,0,17.128525207412252,3.9007402774877007,105.66895142944091,9.876118818547441,16.436232766230635,87.53057527636871,5.230388282054999,17.88808620089358,0.6095820902912146,1.0338687546501661,0.008649516120738086,0.06208929735266106,10262.5,18175.0
PF00096,PF00595,49,1,21.313388197387077,3.632565914255585,111.14080981516054,11.218529636467581,16.436232766230635,87.53057527636871,5.230388282054999,17.88808620089358,0.9807959672698313,1.3302648162164223,0.01676264641829596,0.2396966429509416,18587.5,32325.0
PF00096,PF00595,50,2,22.253414664486563,3.5911574409534515,92.5509640147261,9.784952276761983,16.436232766230635,87.53057527636871,5.230388282054999,17.88808620089358,1.115985878309896,0.4868436439125087,0.08814288384928737,0.009660553042517563,42712.5,12637.5
PF00096,PF00595,54,0,21.600872397831992,3.47311821623078,92.13198995239054,10.102304214337783,16.436232766230635,87.53057527636871,5.230388282054999,17.88808620089358,1.0188816862334646,0.48005179475466114,0.02401875272747886,0.00832063792548763,11737.5,11775.0
PF00096,PF00595,55,1,19.47517829887434,2.9139749832079245,99.14492496287937,9.433359782886491,16.436232766230635,87.53057527636871,5.230388282054999,17.88808620089358,0.6519691670810297,0.6840899769811662,0.016019694824585966,0.012704287962399457,34300.0,11825.0
PF00096,PF00595,56,2,33.28351358778618,3.624984067263823,91.62094947954732,11.130040814405676,16.436232766230635,87.53057527636871,5.230388282054999,17.88808620089358,3.221038269636134,0.5410884687595123,1.6651360969862532,0.010522073518640415,248262.5,11662.5
PF00096,PF00595,60,0,23.148936900158855,4.309642701451107,102.56602463841215,9.811740368840837,16.436232766230635,87.53057527636871,5.230388282054999,17.88808620089358,1.3058975043713688,0.8699219741451184,0.040653536326623885,0.01989081405279649,17675.0,13800.0
PF00096,PF00595,61,1,20.811623980646708,3.22975109704614,115.21793457822486,9.198483454483304,16.436232766230635,87.53057527636871,5.230388282054999,17.88808620089358,0.8981900443840692,1.5478100335000096,0.018820302037253153,0.34733221149319604,25650.0,34362.5
PF00096,PF00595,62,2,25.55227573145229,6.170171359468763,98.11461992635442,11.368534996718033,16.436232766230635,87.53057527636871,5.230388282054999,17.88808620089358,1.8132245363650394,0.6844547848143486,0.4503140218764965,0.027674229656729957,69337.5,19400.0
PF00076,PF07679,12,0,81.88847191253099,11.265590348152823,67.46418417477936,13.196828838233602,80.84820765078511,63.66128339025547,17.495265548880706,19.078484146135715,0.5201192325634802,0.544529379855303,0.00931175129050096,0.01225571586895443,11625.0,13387.5
PF00076,PF07679,13,1,74.48353231689153,11.703866594791728,69.88880080039506,10.620160707322421,80.84820765078511,63.66128339025547,17.495265548880706,19.078484146135715,0.6315357482540187,0.5270930374781344,0.011188320476236729,0.011234090643122646,11237.5,12925.0
PF00076,PF07679,14,2,70.16383648085494,12.654924764496354,64.14316186934809,15.272100896404705,80.84820765078511,63.66128339025547,17.495265548880706,19.078484146135715,0.8135657040742821,0.6311250675683016,0.01835713378812914,0.01180281206528654,12500.0,13025.0
PF00076,PF07679,18,0,85.03796393297199,10.932924194071006,67.40013254855693,10.560822901638756,80.84820765078511,63.66128339025547,17.495265548880706,19.078484146135715,0.5287660182841917,0.47011372607378177,0.00888697678334965,0.009612900913010152,12725.0,12375.0
PF00076,PF07679,19,1,78.68236689126061,10.442310917613627,69.59297238414526,11.881199866196685,80.84820765078511,63.66128339025547,17.495265548880706,19.078484146135715,0.4956012627118713,0.5675866881342677,0.007741980174850325,0.010163978889174863,11587.5,13087.5
PF00076,PF07679,20,2,77.16516092146998,11.465247208302916,71.86474031456805,11.941445507719653,80.84820765078511,63.66128339025547,17.495265548880706,19.078484146135715,0.5717864821893833,0.6303776242268286,0.009124075178084593,0.019344118047287532,11625.0,13525.0
PF00076,PF07679,24,0,82.71510224574463,11.431511339042993,71.30990073715412,11.681942072012363,80.84820765078511,63.66128339025547,17.495265548880706,19.078484146135715,0.5332064928243584,0.5925875243955635,0.010401003607725015,0.013366338213949896,12350.0,13275.0
PF00076,PF07679,25,1,77.95897509310629,11.273342363421976,71.57440837582718,11.747134626487853,80.84820765078511,63.66128339025547,17.495265548880706,19.078484146135715,0.5423948745862649,0.614975105436874,0.010155789647433987,0.015544069567027004,12475.0,13675.0
PF00076,PF07679,26,2,77.57702480913454,11.33971748587384,68.8982816864896,11.788139536651126,80.84820765078511,63.66128339025547,17.495265548880706,19.078484146135715,0.5197395015001688,0.5387755535792563,0.00787199481767878,0.011116060950170805,11725.0,13012.5
PF00076,PF07679,30,0,85.63431974648228,11.705119474955797,73.3354572969044,9.462486647463175,80.84820765078511,63.66128339025547,17.495265548880706,19.078484146135715,0.5753175557610354,0.5812100076914536,0.010656849724412498,0.01663952158177469,14100.0,14925.0
PF00076,PF07679,31,1,90.9326892907211,10.902675908013741,75.17119016577374,12.376367200432847,80.84820765078511,63.66128339025547,17.495265548880706,19.078484146135715,0.6827149010524952,0.7451773481996478,0.016632835153763452,0.030536242912153712,19887.5,16575.0
PF00076,PF07679,32,2,87.16667606668263,12.45690192679547,69.42604518771817,12.731288402519743,80.84820765078511,63.66128339025547,17.495265548880706,19.078484146135715,0.6459504314718001,0.605661884574789,0.015081519288449257,0.013806504820576432,16875.0,13200.0
PF00076,PF07679,36,0,84.8941596235364,11.081577457859687,71.15361195525206,9.5613691956972,80.84820765078511,63.66128339025547,17.495265548880706,19.078484146135715,0.5497176716407562,0.5122965941861725,0.008176877642967793,0.010462924913327374,13287.5,12187.5
PF00076,PF07679,37,1,78.64858110961971,10.255581858918207,79.77267342165942,10.90327021230971,80.84820765078511,63.66128339025547,17.495265548880706,19.078484146135715,0.48704519379801836,0.8975679428148001,0.009402036618661744,0.046664486718549586,12337.5,18087.5
PF00076,PF07679,38,2,83.1314988245793,11.924548695650076,73.38923895062446,11.047546849503512,80.84820765078511,63.66128339025547,17.495265548880706,19.078484146135715,0.552699075265864,0.6524679737958908,0.009298200319462418,0.01729344695964119,13100.0,14825.0
PF00076,PF07679,42,0,84.13030885663869,12.475003454564453,75.53280722744013,10.710679218766048,80.84820765078511,63.66128339025547,17.495265548880706,19.078484146135715,0.5896601786136021,0.6916206276503846,0.01018077848779448,0.019401597555809433,13862.5,14562.5
PF00076,PF07679,43,1,85.10548433968168,12.075387525447914,77.17151026753268,10.23820195496231,80.84820765078511,63.66128339025547,17.495265548880706,19.078484146135715,0.5930331845382841,0.7665905286204139,0.010421504932890947,0.03303760131690063,13325.0,20375.0
PF00076,PF07679,44,2,82.6381663716998,12.794307983683499,72.4445869854404,9.25461032341035,80.84820765078511,63.66128339025547,17.495265548880706,19.078484146135715,0.594519873027507,0.5617010073019006,0.011035685232733025,0.012140244149854026,13837.5,14050.0
PF00076,PF07679,48,0,87.31030794679151,10.488454902511307,75.1426113958348,10.163020067625398,80.84820765078511,63.66128339025547,17.495265548880706,19.078484146135715,0.5582254679430579,0.6769344920555451,0.01032820022219326,0.018089018277886174,13887.5,15087.5
PF00076,PF07679,49,1,85.6942774179501,9.36168069609218,73.91987404164458,9.561718145066923,80.84820765078511,63.66128339025547,17.495265548880706,19.078484146135715,0.48428894733340583,0.6049831545146559,0.007970995732519555,0.017069270606741203,13275.0,12625.0
PF00076,PF07679,50,2,85.72678099637363,13.307454567610215,78.9026585750136,10.286163154404203,80.84820765078511,63.66128339025547,17.495265548880706,19.078484146135715,0.6518283993866685,0.8403848689068463,0.015797901649737354,0.03429263735397997,15900.0,15287.5
PF00076,PF07679,54,0,82.22654716892939,10.436027119153664,61.49952597582786,16.514919550574934,80.84820765078511,63.66128339025547,17.495265548880706,19.078484146135715,0.495888633064326,0.7625234521338053,0.008934541388570763,0.021964223375929393,12487.5,14412.5
PF00076,PF07679,55,1,85.97730689786735,8.70066813521545,69.34204155913325,14.11154741554996,80.84820765078511,63.66128339025547,17.495265548880706,19.078484146135715,0.45182953719964203,0.6398177306081194,0.007812207889768892,0.016686420163336414,12437.5,15725.0
PF00076,PF07679,56,2,87.32400990841728,10.736719171785486,79.67385951388245,9.763221597212622,80.84820765078511,63.66128339025547,17.495265548880706,19.078484146135715,0.5827564123641059,0.8760261288657404,0.012559252985952998,0.05064973920501786,13625.0,17187.5
PF00076,PF07679,60,0,89.95426863027184,9.601207367036746,79.62514871605293,11.725724513467735,80.84820765078511,63.66128339025547,17.495265548880706,19.078484146135715,0.6097491971089362,0.9192262321375416,0.016051666777955526,0.04948230703567679,15500.0,18362.5
PF00076,PF07679,61,1,92.6789259711692,9.767999858821119,78.49465548293432,9.534656328993691,80.84820765078511,63.66128339025547,17.495265548880706,19.078484146135715,0.7422394441298324,0.8015690282038018,0.02233680078299278,0.029950008337461843,15925.0,16075.0
PF00076,PF07679,62,2,85.19887260015173,13.094583685753422,78.07656167207377,11.998091912946052,80.84820765078511,63.66128339025547,17.495265548880706,19.078484146135715,0.6405957451877309,0.8731575334785924,0.01048141215084623,0.06490390632153177,15712.5,18637.5
PF00076,PF07679,66,0,99.82178502008719,9.671224109308296,74.92623107060137,9.931214379420078,80.84820765078511,63.66128339025547,17.495265548880706,19.078484146135715,1.1059191763940381,0.6561898989595798,0.09148637379051032,0.0238331646428471,22612.5,14100.0
PF00076,PF07679,67,1,89.60397509218268,9.377005782070631,77.96612806645393,7.599248762696516,80.84820765078511,63.66128339025547,17.495265548880706,19.078484146135715,0.5965134012967058,0.7546458167860933,0.010768300229178584,0.03707047949364481,13600.0,17237.5
PF00076,PF07679,68,2,90.70314089076048,10.521509133227612,73.37500687018333,9.500532976188401,80.84820765078511,63.66128339025547,17.495265548880706,19.078484146135715,0.6765171761436258,0.5882536547156088,0.02764698365866713,0.013637873841275915,17712.5,13087.5
PF00076,PF07679,72,0,95.43488011781821,9.740903456708006,76.26546897062113,10.57902420736403,80.84820765078511,63.66128339025547,17.495265548880706,19.078484146135715,0.8540025050145345,0.7250074172227481,0.041114723610916656,0.02973716582177698,21925.0,19012.5
PF00076,PF07679,73,1,85.56436335628183,10.390626023727402,87.3989269661795,10.305795210734216,80.84820765078511,63.66128339025547,17.495265548880706,19.078484146135715,0.5136483477136946,1.2562505451893422,0.01110757112956397,0.2142124577609712,13075.0,28275.0
PF00076,PF07679,74,2,102.41792862948216,10.23564963819448,74.18894951281708,10.130698522751496,80.84820765078511,63.66128339025547,17.495265548880706,19.078484146135715,1.2373209935484484,0.6344803802839724,0.2086343008960703,0.017868864516641342,27262.5,15300.0
PF00076,PF07679,78,0,93.49663305515618,10.051180091941383,71.5190659331761,10.815361876270977,80.84820765078511,63.66128339025547,17.495265548880706,19.078484146135715,0.7853119654347874,0.5645630307929781,0.029854982067406624,0.014491547528269923,20250.0,16212.5
PF00076,PF07679,79,1,99.37713816114521,8.79780369743524,86.4195255339625,9.38845840831802,80.84820765078511,63.66128339025547,17.495265548880706,19.078484146135715,1.066868283277072,1.19538128290124,0.08651413223160877,0.1984100339883927,19962.5,28312.5
PF00076,PF07679,80,2,89.7082657302741,10.37819304449695,72.9198029101324,11.172108667294545,80.84820765078511,63.66128339025547,17.495265548880706,19.078484146135715,0.6225488064032211,0.6242415258057047,0.02033062397684858,0.014809695503420525,16362.5,13237.5
PF00076,PF07679,84,0,93.44495714469025,9.04222715199445,76.69596834560417,9.78006951148103,80.84820765078511,63.66128339025547,17.495265548880706,19.078484146135715,0.7567688339899332,0.7344515908099813,0.02624600140212606,0.019646875430475122,16537.5,14512.5
PF00076,PF07679,85,1,102.0217175858344,12.515375936248876,85.43992307845264,10.956439073398311,80.84820765078511,63.66128339025547,17.495265548880706,19.078484146135715,1.2500391345489255,1.1539302754012006,0.15975999956250053,0.134553369115773,36412.5,29387.5
PF00076,PF07679,86,2,102.99553116579959,10.864065805296415,77.82104912522804,9.33955094469006,80.84820765078511,63.66128339025547,17.495265548880706,19.078484146135715,1.2790856990030905,0.7731007130147433,0.13984895989597404,0.034065844691669483,27562.5,15675.0
PF00096,PF07679,12,0,17.556551520807524,3.7644524432117885,68.96771364527872,10.327523593190445,16.436232766230635,63.66128339025547,5.230388282054999,19.078484146135715,0.5592040751122239,0.5029183177668655,0.009863820924350833,0.009262672594940952,11487.5,10725.0
PF00096,PF07679,13,1,19.120432279470883,3.6589501942349005,70.04611148073184,9.20767779829607,16.436232766230635,63.66128339025547,5.230388282054999,19.078484146135715,0.6721067875401441,0.4733565554701374,0.011085614987007789,0.009340864186471697,15400.0,11162.5
PF00096,PF07679,14,2,16.665259044175183,3.3866583504706655,68.3434980448969,10.99279223580172,16.436232766230635,63.66128339025547,5.230388282054999,19.078484146135715,0.5211103399894416,0.5253950528095043,0.009132175466244707,0.009935781911414887,12000.0,9800.0
PF00096,PF07679,18,0,30.779619675944385,3.6895223020902943,68.43535544059307,12.91001519013832,16.436232766230635,63.66128339025547,5.230388282054999,19.078484146135715,2.742317804382639,0.5790909367701619,1.1032379438301465,0.01155222703902663,210862.5,10050.0
PF00096,PF07679,19,1,17.7735366374973,4.312487863554259,72.74043908923959,10.79046258054526,16.436232766230635,63.66128339025547,5.230388282054999,19.078484146135715,0.6202503793835838,0.6036741577340274,0.036465828329916496,0.013357064850852845,26775.0,11112.5
PF00096,PF07679,20,2,28.71185698342161,4.190236352792319,68.15902271263045,15.45298507089406,16.436232766230635,63.66128339025547,5.230388282054999,19.078484146135715,2.346981439085041,0.6738742722444796,0.7260001594358688,0.012149471938788499,103325.0,10862.5
PF00096,PF07679,24,0,15.112030312944631,3.8458012119057057,77.1680532659901,10.58241342008621,16.436232766230635,63.66128339025547,5.230388282054999,19.078484146135715,0.619711408826873,0.7743700547098226,0.010950925168509772,0.026364695969248852,12937.5,11987.5
PF00096,PF07679,25,1,19.147789586461297,3.681476042681194,79.78025180506594,9.307610123940213,16.436232766230635,63.66128339025547,5.230388282054999,19.078484146135715,0.6763084148821137,0.859386796041085,0.015468888425775,0.0445995409816153,38525.0,12250.0
PF00096,PF07679,26,2,15.13129001874348,3.7794801644961145,68.98618556328262,10.496318516467909,16.436232766230635,63.66128339025547,5.230388282054999,19.078484146135715,0.6238597677722572,0.5002519099118817,0.010235157542525459,0.008577423749756913,13387.5,9850.0
PF00096,PF07679,30,0,18.301984275054405,3.436500139626805,72.5574317093504,11.256402042310405,16.436232766230635,63.66128339025547,5.230388282054999,19.078484146135715,0.5966911100678997,0.6340732241142102,0.010399911640482547,0.015075801139131319,14912.5,11887.5
PF00096,PF07679,31,1,16.173764581088108,4.492420392525344,85.42121586368258,11.297474547046772,16.436232766230635,63.66128339025547,5.230388282054999,19.078484146135715,0.6667443923651518,1.1899221304412644,0.01973302916285729,0.13667877970124073,41887.5,18675.0
PF00096,PF07679,32,2,16.71146092878695,3.676912197628143,65.15036409903736,14.619932075718195,16.436232766230635,63.66128339025547,5.230388282054999,19.078484146135715,0.573439274375746,0.6283492128485499,0.009738355835138504,0.011084737843496563,10925.0,9837.5
PF00096,PF07679,36,0,13.762513010776866,3.7881746978456423,78.20776539741895,9.30681240624602,16.436232766230635,63.66128339025547,5.230388282054999,19.078484146135715,0.7175549138930344,0.7903194501738788,0.012935423814941274,0.027484572806245867,12500.0,13175.0
PF00096,PF07679,37,1,19.147607803641336,3.8662165710668006,88.66646327826356,10.923176263034794,16.436232766230635,63.66128339025547,5.230388282054999,19.078484146135715,0.706553152120251,1.321227563809373,0.03575276032906734,0.16820640723121755,35862.5,31800.0
PF00096,PF07679,38,2,15.260763701638384,3.894193215516295,76.45969968981008,10.646561135759466,16.436232766230635,63.66128339025547,5.230388282054999,19.078484146135715,0.6281501922707655,0.7241573514217003,0.01112948321213544,0.02260418623732499,17225.0,11887.5
PF00096,PF07679,42,0,16.547864753922443,3.4498707568731644,73.33142919579667,7.63934381608563,16.436232766230635,63.66128339025547,5.230388282054999,19.078484146135715,0.5169263726040251,0.5472254325524459,0.008115715876604751,0.011697093251289719,13625.0,10700.0
PF00096,PF07679,43,1,25.927739021115475,8.155143790013543,88.42420899396744,11.582361186950399,16.436232766230635,63.66128339025547,5.230388282054999,19.078484146135715,1.878674210476356,1.301160764446174,0.9013499612885643,0.24082455571326997,119725.0,41012.5
PF00096,PF07679,44,2,17.72145355815367,3.4082631336802502,77.60700406900486,10.803315178670836,16.436232766230635,63.66128339025547,5.230388282054999,19.078484146135715,0.5341799043062188,0.7976588598198583,0.009869826955769162,0.02954149245568198,19337.5,12137.5
PF00096,PF07679,48,0,13.80310101254881,3.800521424465876,78.97260622723086,8.90319967998966,16.436232766230635,63.66128339025547,5.230388282054999,19.078484146135715,0.7326406325627198,0.8300145461683208,0.010538864197471581,0.04951669852642466,11925.0,13137.5
PF00096,PF07679,49,1,35.49838873591745,6.032055962404264,80.17857439474795,11.448381041167654,16.436232766230635,63.66128339025547,5.230388282054999,19.078484146135715,3.6465274166626136,0.9306168940106558,2.1009558756664206,0.05951694252465582,223200.0,17237.5
PF00096,PF07679,50,2,18.385274018228767,3.4379898785789273,80.69028737314892,9.28543275233066,16.436232766230635,63.66128339025547,5.230388282054999,19.078484146135715,0.5848270176672221,0.915239640336668,0.012743823771371615,0.05915756595829689,41675.0,15987.5
PF00096,PF07679,54,0,19.262415405521228,3.627723122401571,73.00998100356789,10.055746186607735,16.436232766230635,63.66128339025547,5.230388282054999,19.078484146135715,0.6877116772801383,0.5908155979573642,0.013125575713050624,0.01697764743869076,12562.5,13212.5
PF00096,PF07679,55,1,25.2254335133238,7.547206040129214,71.07625040879948,15.593650478942546,16.436232766230635,63.66128339025547,5.230388282054999,19.078484146135715,1.6970872543197892,0.7635714312895066,0.6044116282252712,0.04041869969001,100300.0,14700.0
PF00096,PF07679,56,2,29.822007082669508,3.6223074089799816,76.90421292842677,9.37625022497314,16.436232766230635,63.66128339025547,5.230388282054999,19.078484146135715,2.559231474719436,0.7363985843172571,0.940565218743171,0.0205626458861757,182537.5,12387.5
PF00096,PF07679,60,0,20.546110704311754,3.454937128174875,79.32200649134722,8.459148532993025,16.436232766230635,63.66128339025547,5.230388282054999,19.078484146135715,0.8535817772378543,0.8247350906350303,0.016179974805416882,0.047135988949374256,14825.0,13950.0
PF00096,PF07679,61,1,24.72404738450401,3.6404680202797013,91.58596833043607,8.207092856389194,16.436232766230635,63.66128339025547,5.230388282054999,19.078484146135715,1.5847661069602632,1.4636741958263324,0.2698140583809635,0.38968139907920574,61425.0,34912.5
PF00096,PF07679,62,2,18.40252312684835,3.484461564297156,71.04279633743128,11.81150479476842,16.436232766230635,63.66128339025547,5.230388282054999,19.078484146135715,0.6175841141292576,0.5992693950288326,0.009719965927120218,0.013034220153070028,18000.0,11550.0
PF00076,PF02518,12,0,78.48415975833724,11.256745720571658,192.80225348703138,16.037331926855757,80.84820765078511,186.84189492033835,17.495265548880706,26.052863003717928,0.5345736772329611,0.5292078498319166,0.010533297674440823,0.007967497853269312,14012.5,11462.5
PF00076,PF02518,13,1,75.80374736983671,13.093403354206032,206.7788857013434,13.97521412633658,80.84820765078511,186.84189492033835,17.495265548880706,26.052863003717928,0.6512121451574692,0.7981099321935019,0.011672416202364406,0.014528376201202967,11875.0,14725.0
PF00076,PF02518,14,2,74.0705451239316,13.687097386448494,196.74053152484703,14.475753637514915,80.84820765078511,186.84189492033835,17.495265548880706,26.052863003717928,0.7470065071236901,0.5320344137555779,0.013868239574825303,0.009333964092156984,14262.5,12612.5
PF00076,PF02518,18,0,82.47307403472838,11.826641689030028,190.51800656576927,16.10160770855438,80.84820765078511,186.84189492033835,17.495265548880706,26.052863003717928,0.5370443915399199,0.4951834910943757,0.009687350057226362,0.007060167862059576,14162.5,10875.0
PF00076,PF02518,19,1,85.34255607121123,11.602815987647833,199.77613826187186,14.802617002354959,80.84820765078511,186.84189492033835,17.495265548880706,26.052863003717928,0.5783898117949735,0.6178012104246252,0.009839789261405744,0.010412876692657948,13775.0,14025.0
PF00076,PF02518,20,2,77.62897875852332,11.184868905563524,192.95074255118908,14.684087131492149,80.84820765078511,186.84189492033835,17.495265548880706,26.052863003717928,0.5498285020435931,0.47980961469368466,0.01094063169295501,0.008621671896355022,12575.0,12287.5
PF00076,PF02518,24,0,81.14113600257888,12.402549368104415,195.5098613071833,15.420998309897971,80.84820765078511,186.84189492033835,17.495265548880706,26.052863003717928,0.5624961876854557,0.5274640133069859,0.010307464663039383,0.009062255271822504,14650.0,12537.5
PF00076,PF02518,25,1,85.82714819570324,11.753896506386193,196.46668292334695,15.742641453296862,80.84820765078511,186.84189492033835,17.495265548880706,26.052863003717928,0.5815145765936207,0.5843410348002158,0.01180807675224822,0.010150894743477882,13962.5,12287.5
PF00076,PF02518,26,2,81.84768565630752,10.576206525633275,194.46116072548077,14.816016173984531,80.84820765078511,186.84189492033835,17.495265548880706,26.052863003717928,0.47805044134060554,0.5088378894042715,0.010397055989322288,0.009478293146455409,13262.5,11837.5
PF00076,PF02518,30,0,81.83035188824077,12.066584020150735,193.64713166469446,15.60949002599893,80.84820765078511,186.84189492033835,17.495265548880706,26.052863003717928,0.5655425575290132,0.5284583406560825,0.0101745638574798,0.008073161807746405,15300.0,11762.5
PF00076,PF02518,31,1,91.89664710620087,11.137289140143688,198.31624746574212,17.037369948321814,80.84820765078511,186.84189492033835,17.495265548880706,26.052863003717928,0.7156751399877542,0.6356438227036011,0.021502695463628946,0.009826461513863335,22725.0,11862.5
PF00076,PF02518,32,2,89.67985585821451,10.66850533492713,200.84294993631534,15.691118419170506,80.84820765078511,186.84189492033835,17.495265548880706,26.052863003717928,0.6654907484562574,0.6456838275488528,0.013509455245080943,0.012571098302932135,16487.5,13225.0
PF00076,PF02518,36,0,78.02816205219099,10.510082302033267,201.6725467787883,14.514961814112894,80.84820765078511,186.84189492033835,17.495265548880706,26.052863003717928,0.5174145965212962,0.6597276157459743,0.009031084146745774,0.014241083570442048,15075.0,13175.0
PF00076,PF02518,37,1,86.74864041000914,11.47249804557651,205.77650888239222,15.937820411538219,80.84820765078511,186.84189492033835,17.495265548880706,26.052863003717928,0.6050413222218537,0.7826283724052359,0.009858590866825898,0.015323593726041657,15850.0,14400.0
PF00076,PF02518,38,2,81.7036212736282,9.326762232027958,192.59433795200584,15.022001555361838,80.84820765078511,186.84189492033835,17.495265548880706,26.052863003717928,0.41638556219412837,0.4819859323577715,0.00839861257617308,0.009129624938318193,13350.0,11750.0
PF00076,PF02518,42,0,87.74082347366651,9.428914345684351,193.03663592765406,13.769226654627747,80.84820765078511,186.84189492033835,17.495265548880706,26.052863003717928,0.5387516610656214,0.44714845576902235,0.011671527127185697,0.007895011575028466,15825.0,11600.0
PF00076,PF02518,43,1,95.24458871807472,9.877462028555435,203.540977038,15.51765794168569,80.84820765078511,186.84189492033835,17.495265548880706,26.052863003717928,0.8722102317576278,0.7342426041754768,0.02509921941231787,0.014882897474316072,17037.5,13250.0
PF00076,PF02518,44,2,83.25086521448726,11.605631983524884,192.24196690454548,14.094901682027789,80.84820765078511,186.84189492033835,17.495265548880706,26.052863003717928,0.5326620743750454,0.46900531616071445,0.00908275268954304,0.007858194900719383,13162.5,11500.0
PF00076,PF02518,48,0,89.23213572776083,10.9713698094011,196.11935908362116,16.30094127501941,80.84820765078511,186.84189492033835,17.495265548880706,26.052863003717928,0.6336520966679444,0.5856982470925425,0.013676950059561543,0.010029571009241177,18675.0,12612.5
PF00076,PF02518,49,1,85.33378725654966,11.272726900563411,203.01611506404973,14.843868279953107,80.84820765078511,186.84189492033835,17.495265548880706,26.052863003717928,0.5681331853696555,0.7037439577288376,0.011736551425742054,0.01594854263069988,16737.5,15150.0
PF00076,PF02518,50,2,79.95110843874875,10.126601850415524,189.5631905440219,14.040529023844377,80.84820765078511,186.84189492033835,17.495265548880706,26.052863003717928,0.45140084664068053,0.4488926195686909,0.007884236449238316,0.00823107524701308,12362.5,10437.5
PF00076,PF02518,54,0,89.56521831811828,10.141333071470923,193.72309392106516,14.608233334677873,80.84820765078511,186.84189492033835,17.495265548880706,26.052863003717928,0.615230398966301,0.49782660471690093,0.011991581865222103,0.007963745227174494,14675.0,11350.0
PF00076,PF02518,55,1,82.04406252912169,10.599832751745456,209.86964634950485,15.557909727495428,80.84820765078511,186.84189492033835,17.495265548880706,26.052863003717928,0.47717888546839243,0.9333113989603397,0.008683504056078711,0.022705688924791332,13387.5,15812.5
PF00076,PF02518,56,2,82.4435442269284,10.010748875090599,191.24485242868252,15.27857815045464,80.84820765078511,186.84189492033835,17.495265548880706,26.052863003717928,0.4558606735268074,0.4874989442492382,0.0072710115451574756,0.007705785138887537,12725.0,11550.0
PF00076,PF02518,60,0,83.24537232553321,11.604445282400013,200.08755813051496,16.45722104738781,80.84820765078511,186.84189492033835,17.495265548880706,26.052863003717928,0.5440498869282091,0.6667563097936251,0.009082137147880604,0.012202108830946589,13487.5,12437.5
PF00076,PF02518,61,1,84.97546483939712,10.633652873480298,211.3597481204331,14.756804974441545,80.84820765078511,186.84189492033835,17.495265548880706,26.052863003717928,0.5074911756476747,0.9467223071353956,0.008599200951806467,0.03007347784574242,13425.0,15612.5
PF00076,PF02518,62,2,78.98774586696122,10.151916513081426,200.1264238429402,15.196998888538833,80.84820765078511,186.84189492033835,17.495265548880706,26.052863003717928,0.48840260328368834,0.6293300226424036,0.008302403037680546,0.00931357460379228,12837.5,12337.5
PF00076,PF02518,66,0,89.95616413585921,11.799551231834336,205.1269362495582,16.714109707776313,80.84820765078511,186.84189492033835,17.495265548880706,26.052863003717928,0.7182708551562098,0.7898597812092922,0.020330823791580938,0.019517975796399235,16112.5,15725.0
PF00076,PF02518,67,1,90.05264621478028,8.84986303637247,211.4038217805688,13.971660295656621,80.84820765078511,186.84189492033835,17.495265548880706,26.052863003717928,0.6025094175342304,0.9524422012692962,0.009805891592980082,0.041214357399068896,12525.0,16300.0
PF00076,PF02518,68,2,88.51120315638626,13.978630336641736,204.43813796550887,15.182477369723392,80.84820765078511,186.84189492033835,17.495265548880706,26.052863003717928,0.7893602678391386,0.7249307961957431,0.021624440203185154,0.019784099656967317,15725.0,14412.5
PF00076,PF02518,72,0,97.03354849299433,10.75482915349623,202.58021213446816,14.207947509215225,80.84820765078511,186.84189492033835,17.495265548880706,26.052863003717928,0.9878869732367866,0.665673867323997,0.04925480813800004,0.016221900972374362,17987.5,14050.0
PF00076,PF02518,73,1,88.26605277219514,9.730736520620965,219.93169310094382,14.901834448839889,80.84820765078511,186.84189492033835,17.495265548880706,26.052863003717928,0.559226275446188,1.2745952322959906,0.01112742859914683,0.09642320481101291,13850.0,21800.0
PF00076,PF02518,74,2,80.46116696718067,12.448429299840617,198.41256510963476,14.399587427424038,80.84820765078511,186.84189492033835,17.495265548880706,26.052863003717928,0.5955869006646847,0.5793431944207711,0.01502124745767353,0.011137445087993629,15187.5,11650.0
PF00076,PF02518,78,0,94.34318657723963,10.795413683237715,219.57029848988947,15.70895338757456,80.84820765078511,186.84189492033835,17.495265548880706,26.052863003717928,0.8312351805999608,1.2623238473576621,0.02827165649477499,0.09430738696350163,20525.0,21650.0
PF00076,PF02518,79,1,97.70500304690007,11.325768974282036,224.05415116315635,14.314240380273016,80.84820765078511,186.84189492033835,17.495265548880706,26.052863003717928,1.0159800283854454,1.428336541650242,0.04768291192442277,0.18517679130772627,24012.5,29500.0
PF00076,PF02518,80,2,84.98393164571213,9.751842797759648,189.14521527162387,14.741091252020722,80.84820765078511,186.84189492033835,17.495265548880706,26.052863003717928,0.49722123055804957,0.45638760920810495,0.009070207420738448,0.007689411254735661,12487.5,10387.5
PF00076,PF02518,84,0,92.88391119240595,9.375108403093867,214.21317325331412,14.450206622692619,80.84820765078511,186.84189492033835,17.495265548880706,26.052863003717928,0.732404304294496,1.0630764830940167,0.025479394527027,0.05158289890019486,17187.5,18775.0
PF00076,PF02518,85,1,91.44904310763995,11.717347722497273,219.96898181364784,13.166558421319689,80.84820765078511,186.84189492033835,17.495265548880706,26.052863003717928,0.73176132720261,1.2715334544453725,0.02626996248343028,0.10384369614552182,21925.0,20762.5
PF00076,PF02518,86,2,97.15974470806157,9.61983719680255,190.20499899297985,14.101409572087833,80.84820765078511,186.84189492033835,17.495265548880706,26.052863003717928,0.9785972813932117,0.453891895107823,0.05112170548427656,0.007559359227852638,17000.0,10537.5
PF00096,PF02518,12,0,19.02423370286008,5.9315425945302955,196.6495495843389,14.646449609618873,16.436232766230635,186.84189492033835,5.230388282054999,26.052863003717928,0.8131712270838425,0.545804299177981,0.1894869222301352,0.009055002250788808,82312.5,9562.5
PF00096,PF02518,13,1,26.854913637554656,8.726379640036328,203.05524626972488,16.463838112187577,16.436232766230635,186.84189492033835,5.230388282054999,26.052863003717928,2.0550962771161556,0.7318675088972235,0.965984507306874,0.014590035973526337,171275.0,11725.0
PF00096,PF02518,14,2,18.564362216114564,5.855304386387874,206.231077279529,15.854805895881233,16.436232766230635,186.84189492033835,5.230388282054999,26.052863003717928,0.815499283797619,0.8012444818651113,0.13402940188236498,0.015257568495059558,71175.0,11162.5
PF00096,PF02518,18,0,33.503256783023886,3.6526355120257765,191.06182565736384,14.120396847166605,16.436232766230635,186.84189492033835,5.230388282054999,26.052863003717928,3.2630510578628944,0.45481985691018323,1.4694119641428967,0.009110193316340671,236250.0,9487.5
PF00096,PF02518,19,1,23.40683834873068,8.856083699658559,206.06911751965256,16.603386318209363,16.436232766230635,186.84189492033835,5.230388282054999,26.052863003717928,1.6710736725787867,0.804184515684178,0.5727770205165145,0.018576588820325576,118600.0,12987.5
PF00096,PF02518,20,2,31.794928447452186,4.097102949224933,200.13354748709324,14.824494073374733,16.436232766230635,186.84189492033835,5.230388282054999,26.052863003717928,2.9364350891339903,0.6199009947108554,0.9321554806925764,0.012757597235533363,168512.5,10812.5
PF00096,PF02518,24,0,16.76132042502178,4.336107577650777,200.87988448636082,14.78696792356789,16.436232766230635,186.84189492033835,5.230388282054999,26.052863003717928,0.6442185746107398,0.6435646641220586,0.02148999057779969,0.009485447908990403,40125.0,10625.0
PF00096,PF02518,25,1,16.262773564722387,5.145795760372449,206.1316781952091,14.809584940734164,16.436232766230635,186.84189492033835,5.230388282054999,26.052863003717928,0.6935367728465297,0.781645398983053,0.09794545777124077,0.014336462372339294,92200.0,11525.0
PF00096,PF02518,26,2,18.46221804845852,6.546084887493822,211.62385447256557,15.086272380145882,16.436232766230635,186.84189492033835,5.230388282054999,26.052863003717928,0.9476742494934394,0.992471057183449,0.18906513840527361,0.020418644962580314,85987.5,12337.5
PF00096,PF02518,30,0,17.78479634133183,4.017489306470674,193.26383946701557,15.06448404005104,16.436232766230635,186.84189492033835,5.230388282054999,26.052863003717928,0.6522385123596612,0.49560171050336693,0.011405871619628739,0.00724985636173191,13462.5,9487.5
PF00096,PF02518,31,1,15.25973874194275,4.512227322326417,202.8462067835431,13.954547935433022,16.436232766230635,186.84189492033835,5.230388282054999,26.052863003717928,0.7117706994280064,0.6642504875616754,0.03390454368256128,0.011946911771645469,62450.0,10725.0
PF00096,PF02518,32,2,14.817427592955118,4.168255512828291,200.16537860557506,15.02254073984023,16.436232766230635,186.84189492033835,5.230388282054999,26.052863003717928,0.6939024015912452,0.6222907653638597,0.015847051517168472,0.011951779705134582,25912.5,10925.0
PF00096,PF02518,36,0,19.2651996136191,4.198281761631242,205.30077034656227,15.585494035003192,16.436232766230635,186.84189492033835,5.230388282054999,26.052863003717928,0.7639248058340175,0.7735411172076329,0.015292510608713181,0.015643312236322794,14837.5,12512.5
PF00096,PF02518,37,1,21.476509113033295,3.645457624542718,204.5261261751774,14.431561630889714,16.436232766230635,186.84189492033835,5.230388282054999,26.052863003717928,0.9974272894567171,0.7267048234056118,0.026202667398129327,0.015284987650884605,16150.0,12925.0
PF00096,PF02518,38,2,17.4679909315399,3.8845905943616343,206.86604143973398,12.905536762117395,16.436232766230635,186.84189492033835,5.230388282054999,26.052863003717928,0.6012919190951352,0.7980036692854435,0.01166699281143669,0.018087657836019667,30087.5,11750.0
PF00096,PF02518,42,0,21.885504165600846,3.4672961427738196,196.96921175510695,14.722768918100057,16.436232766230635,186.84189492033835,5.230388282054999,26.052863003717928,1.0648847894699764,0.5351628923349037,0.02873441020793218,0.01123807234543983,15512.5,11325.0
PF00096,PF02518,43,1,21.426820191859115,3.848683894564662,213.30951760312738,15.724806349250333,16.436232766230635,186.84189492033835,5.230388282054999,26.052863003717928,1.0284668380069248,1.037592223935095,0.01960848949722754,0.03101898994044337,17825.0,14300.0
PF00096,PF02518,44,2,18.157211026718542,3.01101591536372,195.81378313846784,14.930985555840666,16.436232766230635,186.84189492033835,5.230388282054999,26.052863003717928,0.5162841843596806,0.5258001251960448,0.016785918339475674,0.009446057306947857,26912.5,10050.0
PF00096,PF02518,48,0,20.371855877620796,4.093584102942747,208.77369886143686,15.029381531565175,16.436232766230635,186.84189492033835,5.230388282054999,26.052863003717928,0.904971497767469,0.8862893924545674,0.017142286767223694,0.025017318183234927,13887.5,13387.5
PF00096,PF02518,49,1,22.37811979928006,4.059333257550062,215.16282782974824,15.709666439536004,16.436232766230635,186.84189492033835,5.230388282054999,26.052863003717928,1.1688029002944693,1.0987295412263913,0.027510926181408334,0.04671527975410478,16762.5,14225.0
PF00096,PF02518,50,2,21.76686323507391,3.523657247409932,190.96483393737344,14.806234898836793,16.436232766230635,186.84189492033835,5.230388282054999,26.052863003717928,1.051581233202627,0.47415912729109067,0.024997636675695118,0.007924855385299755,13462.5,9487.5
PF00096,PF02518,54,0,19.21771501340692,3.9171984499947587,204.61190645435062,14.666545035551326,16.436232766230635,186.84189492033835,5.230388282054999,26.052863003717928,0.7011039861373278,0.7449313000055452,0.011803073643852443,0.017358706912480093,13450.0,12512.5
PF00096,PF02518,55,1,28.55359789789535,7.461678366917476,220.58093532229054,15.348566566382567,16.436232766230635,186.84189492033835,5.230388282054999,26.052863003717928,2.3204121191619045,1.3014794453918481,0.7693360274012765,0.08354906357511012,135037.5,18337.5
PF00096,PF02518,56,2,29.77295026182951,4.007639370094938,203.60771802838812,15.296317002422702,16.436232766230635,186.84189492033835,5.230388282054999,26.052863003717928,2.5498522817810634,0.7281472572056212,0.9028973774375453,0.013950939687950517,162312.5,11350.0
PF00096,PF02518,60,0,16.908865261266286,2.6898066750227785,192.25897288900094,14.986997118754834,16.436232766230635,186.84189492033835,5.230388282054999,26.052863003717928,0.39732957076706726,0.49734947512174954,0.007426789137410204,0.008330564834288418,13012.5,9150.0
PF00096,PF02518,61,1,25.18530354912139,7.090101767937558,213.0080839196533,15.267158743844464,16.436232766230635,186.84189492033835,5.230388282054999,26.052863003717928,1.707125172874754,1.0204058444060167,0.5700401337746773,0.03577976058753045,120087.5,13562.5
PF00096,PF02518,62,2,16.500619932907497,3.866866742200903,210.69751984476227,14.614691084897846,16.436232766230635,186.84189492033835,5.230388282054999,26.052863003717928,0.5816272194908457,0.9357640306001715,0.008902069705673858,0.025772800670902082,15237.5,13112.5
PF00153,PF00397,12,0,90.21523799120015,14.557588766977668,35.30082177244463,6.208192712367579,92.55486889551554,34.45049111539599,25.61876806220977,7.292449697522858,0.4649502775076327,0.6958803999207456,0.009818436261583335,0.013762157087107183,14725.0,17712.5
PF00153,PF00397,13,1,89.80841684393657,15.11180494936169,35.71283252517335,6.341390806041914,92.55486889551554,34.45049111539599,25.61876806220977,7.292449697522858,0.4923691634930153,0.6772028875384402,0.010990219811096514,0.012549386091016183,16362.5,19362.5
PF00153,PF00397,14,2,91.3303951911916,12.820866427757215,34.14959961860278,6.218724993795018,92.55486889551554,34.45049111539599,25.61876806220977,7.292449697522858,0.38342613578532414,0.7024783458220634,0.009030679373193618,0.013057752147503796,16137.5,19700.0
PF00153,PF00397,18,0,88.39476350630612,14.26889625709531,35.59527388502752,5.713726669954524,92.55486889551554,34.45049111539599,25.61876806220977,7.292449697522858,0.48435534539194625,0.6498242570700928,0.010859354920621627,0.013663247103447402,17187.5,16787.5
PF00153,PF00397,19,1,96.62448736685339,14.86556805219658,36.387005324677844,5.716851140398829,92.55486889551554,34.45049111539599,25.61876806220977,7.292449697522858,0.4878244732080417,0.6776559135480683,0.01577542810282731,0.01096428082610343,20887.5,16162.5
PF00153,PF00397,20,2,90.53107718787392,13.544827498937282,33.986904955466365,6.079105002360484,92.55486889551554,34.45049111539599,25.61876806220977,7.292449697522858,0.43182033977881473,0.6748539503766858,0.014183303819555161,0.012904213961587885,14550.0,15675.0
PF00153,PF00397,24,0,93.2375359388542,12.732698498233749,38.95402349781755,5.592929817548566,92.55486889551554,34.45049111539599,25.61876806220977,7.292449697522858,0.39650259872683746,0.8001748947621001,0.009760380806083544,0.022503621440698098,17037.5,26362.5
PF00153,PF00397,25,1,102.24056975746267,12.763768593747987,39.3777649142725,5.137850311363725,92.55486889551554,34.45049111539599,25.61876806220977,7.292449697522858,0.4944000957315724,0.7948265666262441,0.021237636195765165,0.022001184976006657,19262.5,25350.0
PF00153,PF00397,26,2,95.94983259388773,13.062561742749262,40.177774967539214,5.761159507907392,92.55486889551554,34.45049111539599,25.61876806220977,7.292449697522858,0.40570226481137245,0.8922024556119869,0.0134851966666327,0.026270971333757335,18487.5,27662.5
PF00153,PF00397,30,0,104.42762241052387,12.246064391735942,34.73930129937017,5.418414671276947,92.55486889551554,34.45049111539599,25.61876806220977,7.292449697522858,0.5385765117413512,0.5971088089300918,0.021501634361123196,0.012808578695042372,17212.5,20550.0
PF00153,PF00397,31,1,97.23343906543734,12.615141837149965,37.24639841678823,6.056771913569231,92.55486889551554,34.45049111539599,25.61876806220977,7.292449697522858,0.4121554226031022,0.6807967226269714,0.011762456431215011,0.014390661669562621,15112.5,24137.5
PF00153,PF00397,32,2,96.32641081745587,14.690392747662722,36.0227015729603,5.928989715492031,92.55486889551554,34.45049111539599,25.61876806220977,7.292449697522858,0.47053083756885217,0.6874882184518352,0.019715360436399564,0.01708779599504405,19212.5,20762.5
PF00153,PF00397,36,0,94.30081793547222,12.014409455256244,42.313879604156156,4.652300859346032,92.55486889551554,34.45049111539599,25.61876806220977,7.292449697522858,0.376422231028299,1.093365222230809,0.008724117035577225,0.06439221457103017,16100.0,33650.0
PF00153,PF00397,37,1,105.11142254809485,11.490516265898254,38.032774075875054,5.806124631813285,92.55486889551554,34.45049111539599,25.61876806220977,7.292449697522858,0.544716897048305,0.7405454742122605,0.03627219194451295,0.01668247254446398,20800.0,19287.5
PF00153,PF00397,38,2,99.48734383627412,10.974434297090937,45.97641702164308,5.037192461162845,92.55486889551554,34.45049111539599,25.61876806220977,7.292449697522858,0.4075030125937462,1.5805286816256388,0.010448005902145969,0.23123631454895147,15800.0,52100.0
PF00153,PF00397,42,0,107.89208773091423,10.808834325556433,44.7725422280355,5.721648575861871,92.55486889551554,34.45049111539599,25.61876806220977,7.292449697522858,0.6421776813531571,1.4441876735343993,0.05180860143582435,0.13144296002398762,19425.0,50662.5
PF00153,PF00397,43,1,106.88355283126813,14.755453168375604,43.154086312904454,5.615521665120468,92.55486889551554,34.45049111539599,25.61876806220977,7.292449697522858,0.6704590293454288,1.2108879722183166,0.0907500012589454,0.17499171243226186,23425.0,61587.5
PF00153,PF00397,44,2,105.19021253452729,16.961258593101046,41.93768741309179,6.049073387883888,92.55486889551554,34.45049111539599,25.61876806220977,7.292449697522858,0.6883333347811359,1.1114660313220124,0.037701018931580205,0.0423479307842117,23425.0,30450.0
PF00153,PF00397,48,0,102.64019299951075,14.706048667813416,48.318949599907754,5.305711701694836,92.55486889551554,34.45049111539599,25.61876806220977,7.292449697522858,0.5502782812454353,1.9026664754316525,0.04507050589007209,0.3304075470415948,28337.5,71837.5
PF00153,PF00397,49,1,115.77001553312985,12.999511546072748,43.73995666083315,6.0216100722524954,92.55486889551554,34.45049111539599,25.61876806220977,7.292449697522858,0.9106600041485663,1.3268157043966982,0.2056651591414105,0.07837285476167903,49887.5,36862.5
PF00153,PF00397,50,2,107.64666526468541,12.904699896514247,43.57056229959475,5.702831463066367,92.55486889551554,34.45049111539599,25.61876806220977,7.292449697522858,0.6470541060498628,1.2704477382083357,0.055510313794398414,0.09713976529144279,20550.0,40400.0
PF00153,PF00397,54,0,114.01416632588648,13.056422636670414,41.58031976361506,5.778189748797493,92.55486889551554,34.45049111539599,25.61876806220977,7.292449697522858,0.8607166486403801,1.0464492095881264,0.1272868017807955,0.056999677279150805,26187.5,32737.5
PF00153,PF00397,55,1,102.97009213289475,15.676758729213109,44.75878500195785,6.239969900505437,92.55486889551554,34.45049111539599,25.61876806220977,7.292449697522858,0.5637748114784994,1.4673466049243773,0.09776419360922875,0.1381978052941143,28600.0,53100.0
PF00153,PF00397,56,2,105.00045528404685,15.121102329880781,45.98906034201146,5.944389328827213,92.55486889551554,34.45049111539599,25.61876806220977,7.292449697522858,0.6367709839365565,1.598344813449466,0.05728269886896787,0.2371092865577203,21650.0,72725.0
PF00153,PF00397,60,0,112.07316813187929,14.575498873918502,44.308640692859065,6.002026880243517,92.55486889551554,34.45049111539599,25.61876806220977,7.292449697522858,0.8213757046444394,1.3730761679454841,0.16413992235146962,0.10841105396653823,29725.0,41162.5
PF00153,PF00397,61,1,114.92245780101446,13.781295279617023,48.62438999111683,5.723210537591652,92.55486889551554,34.45049111539599,25.61876806220977,7.292449697522858,0.8848280029065531,1.946814041885552,0.2357488546587051,0.41133647850904426,51037.5,81850.0
PF00153,PF00397,62,2,103.7851023063606,14.96876311166335,38.36689985246663,6.2756156037777915,92.55486889551554,34.45049111539599,25.61876806220977,7.292449697522858,0.6115049646926264,0.7846727361232791,0.053980400536227685,0.025446200536064008,17375.0,21287.5
PF00153,PF00397,66,0,117.39634947064452,18.151797846244392,40.415668035586435,6.023240352359231,92.55486889551554,34.45049111539599,25.61876806220977,7.292449697522858,1.09488308494153,0.9293338215689404,0.30922248741082464,0.028197979416018336,34300.0,23662.5
PF00153,PF00397,67,1,129.27617413461883,12.42163407864928,49.967186633260965,6.330371927453783,92.55486889551554,34.45049111539599,25.61876806220977,7.292449697522858,1.4333751392702931,2.1277754611232735,0.5780025911088412,0.45865808523015134,78137.5,131300.0
PF00153,PF00397,68,2,100.39591462476729,13.33192840752625,41.81477746937299,4.978064440287075,92.55486889551554,34.45049111539599,25.61876806220977,7.292449697522858,0.4791978380614482,1.0301998153965881,0.019746575085462584,0.04313016394019538,16975.0,29437.5
PF00153,PF00397,72,0,108.47403287037058,13.6793554944655,47.910011145619976,5.941672414435475,92.55486889551554,34.45049111539599,25.61876806220977,7.292449697522858,0.6928889181200455,1.8456788306398595,0.047190671973433886,0.5452568981502547,25812.5,100800.0
PF00153,PF00397,73,1,106.68337130382207,10.80808641991521,53.728985182025355,4.001645853905369,92.55486889551554,34.45049111539599,25.61876806220977,7.292449697522858,0.5742991487178207,2.6436238666381207,0.04626433067457034,1.241587298791118,31087.5,218737.5
PF00153,PF00397,74,2,109.38433466858056,15.984994334024814,43.20948338910168,5.419542065213998,92.55486889551554,34.45049111539599,25.61876806220977,7.292449697522858,0.7510357640021289,1.2165549051293565,0.12610122433802173,0.11889377200424767,27875.0,42225.0
PF00153,PF00397,78,0,119.81106939738844,10.576096104374258,43.00198502324749,4.330829185938294,92.55486889551554,34.45049111539599,25.61876806220977,7.292449697522858,1.0640052670633933,1.1770058020311194,0.17830674676274832,0.09398605886118197,25087.5,35187.5
PF00397,PF00512,12,0,37.01689316624318,6.300770142279536,113.71006376844227,9.999079906854027,34.45049111539599,105.72150320304084,7.292449697522858,17.686172366262216,0.7724594209938809,0.6144505126838289,0.016373024720148052,0.011830309275963118,18487.5,7725.0
PF00397,PF00512,13,1,35.33760676567002,6.323011438437869,115.85226495779455,9.37911325181882,34.45049111539599,105.72150320304084,7.292449697522858,17.686172366262216,0.6918743938947008,0.6492092048429754,0.012121194966160128,0.011888060796502974,17862.5,7637.5
PF00397,PF00512,14,2,34.49362035046604,6.255747512426377,104.56618966107409,9.963753070683834,34.45049111539599,105.72150320304084,7.292449697522858,17.686172366262216,0.6793390247249043,0.4479726837700625,0.014917317621914363,0.007669353733107117,15400.0,6137.5
PF00397,PF00512,18,0,38.73144599854032,5.976079275790563,107.83459718954062,8.973470887453054,34.45049111539599,105.72150320304084,7.292449697522858,17.686172366262216,0.7977995414586081,0.41361512364329833,0.015181002757680579,0.007248980788854663,17262.5,6387.5
PF00397,PF00512,19,1,35.34559685317579,5.423503346539004,114.51610070851703,9.321643112838515,34.45049111539599,105.72150320304084,7.292449697522858,17.686172366262216,0.602794621298028,0.5939253048111075,0.010580657746164932,0.012614982281112066,14975.0,7312.5
PF00397,PF00512,20,2,34.72595047745933,6.553985997262826,116.16765791117619,8.795404616173712,34.45049111539599,105.72150320304084,7.292449697522858,17.686172366262216,0.7165994116248785,0.643348791597474,0.014559111045843384,0.010400187407107138,15662.5,7112.5
PF00397,PF00512,24,0,36.320276132711705,6.030615622525275,118.14150413438917,7.682595366277009,34.45049111539599,105.72150320304084,7.292449697522858,17.686172366262216,0.6747969823072453,0.7167846945185358,0.011012092097286272,0.016136714336780534,20175.0,7712.5
PF00397,PF00512,25,1,39.26379787710548,5.404014489902318,115.52357586423217,10.025748519507566,34.45049111539599,105.72150320304084,7.292449697522858,17.686172366262216,0.7940803728190511,0.6463032554828709,0.014190376440827913,0.011212868803914524,15950.0,7837.5
PF00397,PF00512,26,2,38.05462321916992,6.418004059726294,111.08852121122737,9.19073329377336,34.45049111539599,105.72150320304084,7.292449697522858,17.686172366262216,0.7783429229833296,0.4896982426633564,0.013535601009896614,0.00771012118657546,18887.5,7162.5
PF00397,PF00512,30,0,39.57023761957342,6.145131875643844,120.85315260908628,9.068344549851187,34.45049111539599,105.72150320304084,7.292449697522858,17.686172366262216,0.8802973483175524,0.8674007665961173,0.017342504501792665,0.04165657549389979,21237.5,10962.5
PF00397,PF00512,31,1,42.84340589903351,7.237899538303617,125.11982913387888,9.33582514713374,34.45049111539599,105.72150320304084,7.292449697522858,17.686172366262216,1.2421395790749754,1.1050072650230631,0.03616955411453952,0.06008631984378068,33412.5,10000.0
PF00397,PF00512,32,2,39.210615810632,5.246419925562658,117.11727361324816,8.16469699028564,34.45049111539599,105.72150320304084,7.292449697522858,17.686172366262216,0.7944095239392133,0.6760682087654026,0.017627963005002138,0.016937150297618844,18612.5,7562.5
PF00397,PF00512,36,0,42.69698174387291,4.806261371241284,122.57822456130907,8.380177186405653,34.45049111539599,105.72150320304084,7.292449697522858,17.686172366262216,1.1474930318201866,0.9570901135412803,0.046673695252675014,0.042574815103418845,31500.0,11037.5
PF00397,PF00512,37,1,37.347740063521776,5.472254767007285,119.45825921659092,9.264335150606243,34.45049111539599,105.72150320304084,7.292449697522858,17.686172366262216,0.6852659546720633,0.8224172586174983,0.010960175612558172,0.022258750727472628,12950.0,9137.5
PF00397,PF00512,38,2,49.68980725765369,5.639072774296782,108.50898977406509,10.078092838987436,34.45049111539599,105.72150320304084,7.292449697522858,17.686172366262216,2.0897389456706548,0.47524916004995654,0.5166548508480218,0.008452334237306632,82975.0,7450.0
PF00397,PF00512,42,0,43.10732450236677,5.126329846063587,124.47259522675611,8.983787103185195,34.45049111539599,105.72150320304084,7.292449697522858,17.686172366262216,1.195609339628699,1.0722040533158224,0.04269756040173725,0.06129133059067964,27075.0,12387.5
PF00397,PF00512,43,1,42.765342206706556,5.134727277944736,119.49819787404493,9.313891674179517,34.45049111539599,105.72150320304084,7.292449697522858,17.686172366262216,1.1552058744674512,0.819497853120976,0.0695887250762669,0.016484586531235804,33075.0,7975.0
PF00397,PF00512,44,2,37.08732459669229,4.920165909224484,113.34952637443418,9.7768158216393,34.45049111539599,105.72150320304084,7.292449697522858,17.686172366262216,0.5624431551584854,0.5776483963036123,0.011424231995526217,0.010484323255726074,17200.0,6825.0
PF00397,PF00512,48,0,48.827005104781044,5.636062314170522,110.79247612948497,8.777973253234503,34.45049111539599,105.72150320304084,7.292449697522858,17.686172366262216,1.9714244987207181,0.46986777297649057,0.4093222457281565,0.0094903020614894,78437.5,7975.0
PF00397,PF00512,49,1,48.53870215923402,5.010726115069437,116.58347344738486,9.57887180664683,34.45049111539599,105.72150320304084,7.292449697522858,17.686172366262216,1.9330099888393086,0.6652680296284759,0.3430959041414096,0.014903343687932655,58412.5,7962.5
PF00397,PF00512,50,2,47.84703589576018,5.916335489585255,118.9066183493454,7.551703997760097,34.45049111539599,105.72150320304084,7.292449697522858,17.686172366262216,1.8431986060456478,0.7595626152521444,0.3531699972340055,0.025107273981477808,85962.5,7850.0
PF00397,PF00512,54,0,46.40926507488639,6.339472080696725,119.66463668698964,10.928930056714918,34.45049111539599,105.72150320304084,7.292449697522858,17.686172366262216,1.670265393213093,0.8490485764379297,0.11779688008228828,0.0190820951780309,35875.0,11075.0
PF00397,PF00512,55,1,43.16293549118397,5.164009223812812,122.0565580843524,8.80924305387302,34.45049111539599,105.72150320304084,7.292449697522858,17.686172366262216,1.2163720085567837,0.9332196735858408,0.05382982340038531,0.041838143384218894,27462.5,10837.5
PF00397,PF00512,56,2,46.62871925700512,5.823239685660325,111.69463787703322,8.476544876432593,34.45049111539599,105.72150320304084,7.292449697522858,17.686172366262216,1.674615316187386,0.4738129479692176,0.24465828308892107,0.008163323279626157,55300.0,6712.5
PF00397,PF00512,60,0,40.89053495720153,5.214509414414452,120.27009021045109,8.427411967997651,34.45049111539599,105.72150320304084,7.292449697522858,17.686172366262216,0.9293673321314654,0.8304748588287535,0.021987784892200643,0.02829853688018453,18950.0,9012.5
PF00397,PF00512,61,1,50.46674508917971,4.72938028704742,118.76563963876266,8.860296177700711,34.45049111539599,105.72150320304084,7.292449697522858,17.686172366262216,2.1962789786845165,0.748950868522058,0.6514137210471529,0.025082454184448287,99300.0,10187.5
PF00397,PF00512,62,2,43.77930499208274,5.74134777214536,123.67253325399099,9.374135857452004,34.45049111539599,105.72150320304084,7.292449697522858,17.686172366262216,1.308132648453713,1.0257866752365923,0.09883023339018175,0.05144511263717536,34287.5,11050.0
PF00397,PF00512,66,0,44.892602852803336,6.151472471598053,133.13386495447557,9.029967914731428,34.45049111539599,105.72150320304084,7.292449697522858,17.686172366262216,1.4628901921719804,1.5499318441409053,0.0825553497151146,0.21591714707889537,34612.5,25075.0
PF00397,PF00512,67,1,50.101082306494774,6.8459363749637125,127.84548383940655,8.997024660112535,34.45049111539599,105.72150320304084,7.292449697522858,17.686172366262216,2.162695057737752,1.2511030937485068,0.38190637598332716,0.07046494046543701,110662.5,11062.5
PF00397,PF00512,68,2,38.880960646934675,5.563726130786896,118.67201560838443,9.282471435372418,34.45049111539599,105.72150320304084,7.292449697522858,17.686172366262216,0.8095656004865268,0.7729195738770701,0.023432022134248207,0.0167343092468985,19637.5,8825.0
PF00397,PF00512,72,0,42.91950190253532,5.699769102024547,118.43046031809452,8.897178270749905,34.45049111539599,105.72150320304084,7.292449697522858,17.686172366262216,1.1816766419974984,0.7509741339746813,0.0349192829288099,0.015889761424041703,24000.0,8062.5
PF00397,PF00512,73,1,46.22731970064365,4.704628631844031,122.61063497634149,8.115952366483096,34.45049111539599,105.72150320304084,7.292449697522858,17.686172366262216,1.6158293587699006,0.9623755717066481,0.3171859514919081,0.057451748016014915,53362.5,9550.0
PF00397,PF00512,74,2,45.57919487369882,5.251852727462244,109.34583128152696,11.79364299649747,34.45049111539599,105.72150320304084,7.292449697522858,17.686172366262216,1.5297745056404681,0.5492028143512556,0.1449754496063298,0.008566833907704673,41162.5,7712.5
PF00397,PF00512,78,0,47.06325449735112,5.161579223855747,113.39509821832276,9.34470048119352,34.45049111539599,105.72150320304084,7.292449697522858,17.686172366262216,1.730163962561744,0.5599141474563909,0.2671300929659622,0.009684330709399981,46525.0,7537.5
PF00271,PF00397,12,0,161.38040918496358,20.81556381694038,34.42477808377569,6.168496375619331,149.57930952191575,34.45049111539599,27.18196726964319,7.292449697522858,0.7473076817283032,0.6902586168422279,0.01822340469007425,0.013254964585192552,17387.5,17537.5
PF00271,PF00397,13,1,160.52034695001015,22.086124257605,46.43026023759299,8.195261002784898,149.57930952191575,34.45049111539599,27.18196726964319,7.292449697522858,0.7122178409973933,1.7450059386617829,0.02827540091391629,0.05278948186197223,20650.0,32925.0
PF00271,PF00397,14,2,158.8688474417323,22.75128696750148,43.217199267336284,7.734781790441264,149.57930952191575,34.45049111539599,27.18196726964319,7.292449697522858,0.7120164048897167,1.3703122958313685,0.025895942634631634,0.030085796934191496,23525.0,28475.0
PF00271,PF00397,18,0,173.36017931970392,18.79861161938055,36.70656891160943,5.4894091391543425,149.57930952191575,34.45049111539599,27.18196726964319,7.292449697522858,0.9511125782633895,0.6359877535374483,0.08630033860308771,0.017251551544639688,26300.0,22925.0
PF00271,PF00397,19,1,172.56136898610993,17.218642655743626,38.4628706189217,5.92540991528591,149.57930952191575,34.45049111539599,27.18196726964319,7.292449697522858,0.8966317942276787,0.815332687041281,0.05934840890550877,0.016981368133734756,26400.0,21062.5
PF00271,PF00397,20,2,151.3880404791881,21.482191285781777,36.06480990334821,5.879511980618657,149.57930952191575,34.45049111539599,27.18196726964319,7.292449697522858,0.6409282900311034,0.6785099819695255,0.03085160843847075,0.013399548339377518,21637.5,17500.0
PF00271,PF00397,24,0,161.95970748036248,21.833376951021727,44.02653974958982,5.821781831301398,149.57930952191575,34.45049111539599,27.18196726964319,7.292449697522858,0.7670578304342842,1.3411493510037469,0.02696413840067704,0.0961294582201616,19625.0,37587.5
PF00271,PF00397,25,1,161.77666237963302,20.62682654675802,39.75525818526558,4.488736105551726,149.57930952191575,34.45049111539599,27.18196726964319,7.292449697522858,0.7089482910016076,0.7728083368523571,0.04015702901844648,0.025286708867760934,27725.0,25850.0
PF00271,PF00397,26,2,161.2264463396724,22.304092557151602,37.40148405852832,5.559184767983402,149.57930952191575,34.45049111539599,27.18196726964319,7.292449697522858,0.7114677516194399,0.6458580593217149,0.03928428624128709,0.014319305217674176,26475.0,22562.5
PF00271,PF00397,30,0,151.8176533776237,18.504136079214994,39.113064529796866,5.8293217009810325,149.57930952191575,34.45049111539599,27.18196726964319,7.292449697522858,0.5436202489653881,0.7872290288168041,0.01190521450498935,0.018962301717317383,17325.0,25137.5
PF00271,PF00397,31,1,189.51852075777992,17.0893042745205,42.111919884742434,6.244349118077714,149.57930952191575,34.45049111539599,27.18196726964319,7.292449697522858,1.491460621512452,1.1330697305581607,0.2745051739159581,0.041818922750001805,41700.0,32775.0
PF00271,PF00397,32,2,186.35553328833834,16.66067723010081,40.857701891356804,5.254849991790631,149.57930952191575,34.45049111539599,27.18196726964319,7.292449697522858,1.36507570406342,0.9260262973887682,0.19368614041617038,0.026730403604392126,34200.0,29225.0
PF00271,PF00397,36,0,169.93549097536078,20.51325037994806,44.5974857612155,4.882226917965117,149.57930952191575,34.45049111539599,27.18196726964319,7.292449697522858,0.9241699334351917,1.394613446582701,0.07751019093916306,0.13412175705949816,20400.0,49075.0
PF00271,PF00397,37,1,187.39188862191267,17.98410387177612,42.08222053436796,5.979159885423679,149.57930952191575,34.45049111539599,27.18196726964319,7.292449697522858,1.399545061838474,1.0937091567568484,0.2022866904390692,0.05053278446717309,54987.5,27587.5
PF00271,PF00397,38,2,167.48718782852353,20.877630532656067,49.85004174170128,5.3068351550163815,149.57930952191575,34.45049111539599,27.18196726964319,7.292449697522858,0.829742230871251,2.1117116010462587,0.0548766962312277,0.7717595526468863,18750.0,147587.5
PF00271,PF00397,42,0,145.74064805833655,17.634692792136757,48.169723457926814,4.395415314580612,149.57930952191575,34.45049111539599,27.18196726964319,7.292449697522858,0.516748595302972,1.8812926947156103,0.032191671146390835,0.6089783292007047,20175.0,90087.5
PF00271,PF00397,43,1,189.06530238197215,13.077279738391011,37.48548251706324,4.497746920881829,149.57930952191575,34.45049111539599,27.18196726964319,7.292449697522858,1.4527534980687795,0.5934542694581969,0.41217376999910144,0.00961821256292166,55000.0,14937.5
PF00271,PF00397,44,2,171.89817530435968,17.35946646164549,48.58157909126541,4.796665751457864,149.57930952191575,34.45049111539599,27.18196726964319,7.292449697522858,0.8679877022432321,1.9377696881021422,0.047641143450945674,0.6345048944479614,25287.5,123425.0
PF00271,PF00397,48,0,170.89452556577436,24.394855036189433,51.9543853249659,6.40217323815091,149.57930952191575,34.45049111539599,27.18196726964319,7.292449697522858,0.9975202361254102,2.4005720019692594,0.1385865152804685,0.6008221178633281,31200.0,109637.5
PF00271,PF00397,49,1,185.86431694108913,18.865275533564297,48.69516460619384,5.183560252330858,149.57930952191575,34.45049111539599,27.18196726964319,7.292449697522858,1.3482534146412746,1.9533645144576794,0.26729322311603276,0.40792736634953397,64150.0,82800.0
PF00271,PF00397,50,2,164.60666392075626,21.896059796970864,47.69772941632269,5.285376423606366,149.57930952191575,34.45049111539599,27.18196726964319,7.292449697522858,0.7926445194325855,1.8175180234201564,0.14135859403149392,0.4401372472011997,38550.0,81162.5
PF00271,PF00397,54,0,169.00431221435304,20.399401133356985,53.62804899636642,6.017884140325182,149.57930952191575,34.45049111539599,27.18196726964319,7.292449697522858,0.8029852105295686,2.6297826761129066,0.12006082878238054,0.7705774906758444,71537.5,137875.0
PF00271,PF00397,55,1,194.0761186740455,13.204905910700125,57.17268031380338,6.567913099767526,149.57930952191575,34.45049111539599,27.18196726964319,7.292449697522858,1.6377929928465857,3.1158513450049306,0.42089908239020857,1.1858595398819642,72987.5,208150.0
PF00271,PF00397,56,2,175.57962132466616,13.003991304314791,45.30315669457134,4.7944522315324605,149.57930952191575,34.45049111539599,27.18196726964319,7.292449697522858,0.9608918548708328,1.488904269639617,0.06497686484164461,0.21586941393522133,19712.5,54012.5
PF00271,PF00397,60,0,177.5216284659943,20.276499899038342,44.76172149158881,5.954365958975059,149.57930952191575,34.45049111539599,27.18196726964319,7.292449697522858,1.0420445145771722,1.4322182581862626,0.19777822922068428,0.0643502548491348,62437.5,30325.0
PF00271,PF00397,61,1,202.46981495005457,13.260921707608254,50.836498588137594,5.733464532627812,149.57930952191575,34.45049111539599,27.18196726964319,7.292449697522858,1.9457938751624837,2.2469825850574865,0.6512402821835943,0.4874405326819873,98600.0,91900.0
PF00271,PF00397,62,2,177.1281948442591,17.483667457213237,45.85116932880046,4.9908753002223865,149.57930952191575,34.45049111539599,27.18196726964319,7.292449697522858,1.0634070566547371,1.566234114027226,0.20871576055531268,0.24175885179187914,28100.0,57212.5
PF00271,PF00397,66,0,195.03703364385836,12.98973562983329,38.06692473952362,5.463675907833859,149.57930952191575,34.45049111539599,27.18196726964319,7.292449697522858,1.6723485710583506,0.7337627890717079,0.42956550753895584,0.015248832096667289,63375.0,22887.5
PF00271,PF00397,67,1,198.6243249554422,15.697102663001568,54.42106014575143,6.460350488781273,149.57930952191575,34.45049111539599,27.18196726964319,7.292449697522858,1.8043217750578306,2.741347127017252,0.5816709961814026,0.9522899145615376,131987.5,168525.0
PF00271,PF00397,68,2,180.87905372079695,14.08436944459791,36.42718262508568,5.95934951146479,149.57930952191575,34.45049111539599,27.18196726964319,7.292449697522858,1.1525752616608378,0.6659418503173172,0.13831590211462927,0.013137581665118272,23912.5,24062.5
PF00271,PF00397,72,0,198.20897336663387,12.54607207885785,48.93250969729466,5.97863956745581,149.57930952191575,34.45049111539599,27.18196726964319,7.292449697522858,1.7890413656346242,1.988599481783011,0.6451190498613951,0.28283541744512714,95700.0,73312.5
PF00271,PF00397,73,1,203.4575267964111,14.649641902887087,54.12152525456775,5.297539302064452,149.57930952191575,34.45049111539599,27.18196726964319,7.292449697522858,1.9821309009766366,2.697452153266649,0.8209901310482988,1.108580625058785,167475.0,202787.5
PF00271,PF00397,74,2,171.61467105437234,17.94695186602512,36.81045242708095,6.1975433464638945,149.57930952191575,34.45049111539599,27.18196726964319,7.292449697522858,0.8750336990046759,0.7053326109896257,0.042547071653345335,0.014901908637095236,24287.5,18200.0
PF00271,PF00397,78,0,181.83663644410208,13.132139436419477,43.343829648745526,4.556677101027253,149.57930952191575,34.45049111539599,27.18196726964319,7.292449697522858,1.1894467794186365,1.2266078731816394,0.1806407929190339,0.09042668336170674,26175.0,37787.5
PF00153,PF00512,12,0,91.32661173189193,14.579618859273957,111.159687042144,9.267628734589412,92.55486889551554,105.72150320304084,25.61876806220977,17.686172366262216,0.46005329036814757,0.4994797860541842,0.01059909864287568,0.009059690683354738,18825.0,8962.5
PF00153,PF00512,13,1,93.58383743603227,12.910384848355248,108.99745485712407,9.917540338106994,92.55486889551554,105.72150320304084,25.61876806220977,17.686172366262216,0.40562552066488883,0.4698922314791876,0.01189745934546686,0.008100691813068425,20887.5,9050.0
PF00153,PF00512,14,2,92.9419271898861,13.785089538329306,105.51609011880275,9.901935240212177,92.55486889551554,105.72150320304084,25.61876806220977,17.686172366262216,0.42467550128890524,0.45266159182129584,0.010165670745826878,0.006774777331154376,19762.5,8000.0
PF00153,PF00512,18,0,93.35244323751111,14.127988424139348,108.2054156120077,8.502266820986243,92.55486889551554,105.72150320304084,25.61876806220977,17.686172366262216,0.44522156601331164,0.3899714156265822,0.014885445605512687,0.007032323685683267,19350.0,8037.5
PF00153,PF00512,19,1,95.08124782952076,12.205123794796066,109.42458260344611,10.164307358261503,92.55486889551554,105.72150320304084,25.61876806220977,17.686172366262216,0.3870868965356087,0.4890308142526778,0.012709604777286372,0.007129365541992885,19737.5,8500.0
PF00153,PF00512,20,2,92.36009284026034,15.92652063688931,113.63654814108143,9.50936094634926,92.55486889551554,105.72150320304084,25.61876806220977,17.686172366262216,0.4998679865866663,0.5711906751946008,0.015970219015574667,0.008900692672549684,18325.0,8550.0
PF00153,PF00512,24,0,93.33038095053567,13.028556014755308,106.55267722893792,10.455211288863973,92.55486889551554,105.72150320304084,25.61876806220977,17.686172366262216,0.408558240214153,0.47445380773640805,0.013685087827024857,0.007237559137046719,19625.0,8187.5
PF00153,PF00512,25,1,93.78762413832015,13.663762017702835,111.97453144314001,9.359373934975565,92.55486889551554,105.72150320304084,25.61876806220977,17.686172366262216,0.43145141377972496,0.5115118504949503,0.010369241298203642,0.0072787484772634595,19637.5,10137.5
PF00153,PF00512,26,2,93.0265183961184,14.855616282957588,109.19065053843815,9.05262445855491,92.55486889551554,105.72150320304084,25.61876806220977,17.686172366262216,0.4648933046227306,0.43737691915549093,0.01642170635709606,0.008542700953897392,19500.0,9300.0
PF00153,PF00512,30,0,101.88344414236012,11.249485436424807,112.03990881399064,9.36322482217917,92.55486889551554,105.72150320304084,25.61876806220977,17.686172366262216,0.45826265438397923,0.5157946939406849,0.024370996369606716,0.009060691412793651,22287.5,9562.5
PF00153,PF00512,31,1,96.67141020115643,12.517959820820609,105.87603160871464,9.506032610952241,92.55486889551554,105.72150320304084,25.61876806220977,17.686172366262216,0.4132587223796345,0.41348567455277413,0.017652309779364668,0.006778073993002371,18725.0,8450.0
PF00153,PF00512,32,2,96.76891176361622,12.33201272721399,108.5467286404353,9.679001208738416,92.55486889551554,105.72150320304084,25.61876806220977,17.686172366262216,0.400438535299493,0.4473450375295654,0.01714333560570954,0.007878566682160021,23025.0,8412.5
PF00153,PF00512,36,0,97.85621518553303,12.069903522066747,115.11263414737877,9.97220186157661,92.55486889551554,105.72150320304084,25.61876806220977,17.686172366262216,0.40521069366589685,0.6302493105388612,0.014645899986354634,0.011398795191855495,22487.5,9537.5
PF00153,PF00512,37,1,100.37786028852952,11.928746841057094,117.25477339972109,10.035207281490857,92.55486889551554,105.72150320304084,25.61876806220977,17.686172366262216,0.4410226295548806,0.719728358375468,0.020257174472368945,0.018216020027543064,21962.5,11087.5
PF00153,PF00512,38,2,96.42947592331804,12.261902167426982,101.37813105418043,13.886430676418593,92.55486889551554,105.72150320304084,25.61876806220977,17.686172366262216,0.410876170068567,0.6693360397751181,0.013258344513786123,0.010354462427324091,18412.5,8300.0
PF00153,PF00512,42,0,97.46750477456044,13.394617761351503,117.10511239021987,9.980596016061966,92.55486889551554,105.72150320304084,25.61876806220977,17.686172366262216,0.4382831747174206,0.7076063175594759,0.019025420896843632,0.015436073016185572,20962.5,11450.0
PF00153,PF00512,43,1,100.16816906018434,10.986770410383935,112.02613524068185,8.856981352276353,92.55486889551554,105.72150320304084,25.61876806220977,17.686172366262216,0.38748043283153344,0.47942863616965903,0.016535981404648445,0.008310182186381368,21425.0,9375.0
PF00153,PF00512,44,2,98.00884702988685,15.184898706268276,106.34020744477944,10.20887025478451,92.55486889551554,105.72150320304084,25.61876806220977,17.686172366262216,0.5274251698789698,0.4689053648341816,0.032653461183885485,0.00792707020564319,19337.5,8325.0
PF00153,PF00512,48,0,100.28450951980767,12.555022915509612,117.5935369169945,9.668515777632807,92.55486889551554,105.72150320304084,25.61876806220977,17.686172366262216,0.4615146558666147,0.7533484289595723,0.0217267516758202,0.017176984108675904,25800.0,10412.5
PF00153,PF00512,49,1,112.49473481186313,12.358958955358151,117.56734136462728,8.855653910966735,92.55486889551554,105.72150320304084,25.61876806220977,17.686172366262216,0.7896935977903063,0.7091210614936156,0.12466525543653922,0.016107178863570045,31912.5,10287.5
PF00153,PF00512,50,2,101.74683295604318,13.374649944364366,114.9216489222087,8.987404183899049,92.55486889551554,105.72150320304084,25.61876806220977,17.686172366262216,0.5146610498058166,0.5996520384493214,0.024394299932470342,0.010285125083410231,19525.0,9925.0
PF00153,PF00512,54,0,106.87313985678287,14.765952085031724,125.38285990750995,10.478367984093598,92.55486889551554,105.72150320304084,25.61876806220977,17.686172366262216,0.6765766969501376,1.1285152188342118,0.06265450995850466,0.07877521877811694,24025.0,15887.5
PF00153,PF00512,55,1,113.1833314652476,10.786106629674373,111.47961748086728,10.429635940028469,92.55486889551554,105.72150320304084,25.61876806220977,17.686172366262216,0.8249956072855721,0.5334052092964722,0.11340422448404439,0.009282885013871124,24575.0,9475.0
PF00153,PF00512,56,2,98.35096581421595,16.079409873930405,113.58899342085671,9.264875522797972,92.55486889551554,105.72150320304084,25.61876806220977,17.686172366262216,0.5398687148859801,0.5795139486590449,0.03756424969321969,0.011303141387682576,22150.0,8700.0
PF00153,PF00512,60,0,102.42088010277133,12.640516951388783,124.1202540865657,9.139079204423918,92.55486889551554,105.72150320304084,25.61876806220977,17.686172366262216,0.5034622697391583,1.0474449698893613,0.027358063691531466,0.0633299624619638,22012.5,13950.0
PF00153,PF00512,61,1,118.20081242172034,10.786263283242535,118.36640821729242,8.073745653750944,92.55486889551554,105.72150320304084,25.61876806220977,17.686172366262216,1.005707978464285,0.7430423353730609,0.27037348838207037,0.015917515141963427,35125.0,10187.5
PF00153,PF00512,62,2,102.38058823073035,12.967576152854868,115.95362029635817,9.803585938168101,92.55486889551554,105.72150320304084,25.61876806220977,17.686172366262216,0.5166236188088444,0.6642341976394392,0.037830473993831645,0.011223348416710128,24625.0,9700.0
PF00153,PF00512,66,0,107.46621411742608,13.321531222053709,120.81193446400788,11.260207273793272,92.55486889551554,105.72150320304084,25.61876806220977,17.686172366262216,0.6458534475009884,0.9163464411408208,0.08007825941761991,0.04947748642885214,21700.0,16025.0
PF00153,PF00512,67,1,112.21245701124305,11.378035594330608,104.92186732471573,10.086129388299462,92.55486889551554,105.72150320304084,25.61876806220977,17.686172366262216,0.7877239916132407,0.46890651950065915,0.10032077810764305,0.008129694083831473,28325.0,8825.0
PF00153,PF00512,68,2,100.68640089977833,14.86312834716446,114.94829945327217,11.165270949271038,92.55486889551554,105.72150320304084,25.61876806220977,17.686172366262216,0.5408133177487241,0.6751709836105186,0.05268822509898074,0.016842331704054705,21962.5,9675.0
PF00153,PF00512,72,0,102.38082136914629,14.301390328368145,127.6222980192359,8.668895277841278,92.55486889551554,105.72150320304084,25.61876806220977,17.686172366262216,0.5395214232829821,1.2383004283036714,0.030490263637767606,0.11626751252018298,23812.5,17150.0
PF00153,PF00512,73,1,119.37966719149537,14.133519960901339,117.86298688360446,9.127012538585161,92.55486889551554,105.72150320304084,25.61876806220977,17.686172366262216,1.0596913195443387,0.7261674852890073,0.2668808990067308,0.02188937465864949,37987.5,10975.0
PF00153,PF00512,74,2,107.00960906915347,12.518198696599885,108.38685595582938,10.631027580744089,92.55486889551554,105.72150320304084,25.61876806220977,17.686172366262216,0.6437246039970019,0.4848201397280731,0.05980589557705763,0.008077395898686087,25187.5,8512.5
PF00153,PF00512,78,0,105.47756628146838,13.63486517863379,120.28351213875685,10.069962206431036,92.55486889551554,105.72150320304084,25.61876806220977,17.686172366262216,0.6184626210094286,0.849491350794707,0.04752272066026431,0.04290050071970297,21825.0,18100.0
PF00153,PF00512,79,1,121.14827395490076,10.877665561546724,111.62570485549622,10.144415355259813,92.55486889551554,105.72150320304084,25.61876806220977,17.686172366262216,1.118129123582719,0.5296821460243438,0.3533292259213631,0.010496878159372329,34112.5,10262.5
PF00153,PF00512,80,2,101.32875025780467,13.286423599945497,112.51111453618392,9.075670753275833,92.55486889551554,105.72150320304084,25.61876806220977,17.686172366262216,0.5195025286188462,0.5141207655365743,0.048346025276709274,0.010721089234408142,21062.5,8362.5
PF00153,PF00512,84,0,100.155470249643,16.069098091498997,133.77439649949542,9.737058355471778,92.55486889551554,105.72150320304084,25.61876806220977,17.686172366262216,0.5675690394427763,1.5861483601713462,0.042822268140402305,0.38420136381735503,23337.5,40300.0
PF00153,PF00512,85,1,119.26160043989428,14.2269478777491,115.24384912669512,8.791286997339842,92.55486889551554,105.72150320304084,25.61876806220977,17.686172366262216,1.0446005684266553,0.6104505000249231,0.32257878497357295,0.014264138997136955,42425.0,10262.5
PF00153,PF00512,86,2,109.30291991744592,12.465945215886697,110.15578266060388,10.596273740007506,92.55486889551554,105.72150320304084,25.61876806220977,17.686172366262216,0.7059487960650156,0.5194106533305489,0.11397053702955581,0.010821825592310383,28737.5,8675.0
PF00397,PF00595,12,0,43.11539308029134,8.036198679272626,92.43651148358047,11.849291269155183,34.45049111539599,87.53057527636871,7.292449697522858,17.88808620089358,1.3629498762125296,0.571719070336774,0.04370396099592811,0.00958100456762673,31537.5,11475.0
PF00397,PF00595,13,1,44.38893958013851,7.217339126236259,90.32476164051106,10.72783610586437,34.45049111539599,87.53057527636871,7.292449697522858,17.88808620089358,1.4527739638081676,0.488898048388848,0.07437152763944872,0.008016833155540028,39587.5,11787.5
PF00397,PF00595,14,2,35.768142674109875,6.3435455297611965,89.13166738994786,11.747602729556062,34.45049111539599,87.53057527636871,7.292449697522858,17.88808620089358,0.6946742783807079,0.5222528102577464,0.013063778960461108,0.007530526538088785,17862.5,12237.5
PF00397,PF00595,18,0,37.56250259317406,6.29519630505861,97.92121932217324,10.309234352033322,34.45049111539599,87.53057527636871,7.292449697522858,17.88808620089358,0.762104059155819,0.6556254968500042,0.01593570575494723,0.01488457066341321,17937.5,13250.0
PF00397,PF00595,19,1,37.70995289613549,6.834574624622904,97.295239770527,11.634823684627845,34.45049111539599,87.53057527636871,7.292449697522858,17.88808620089358,0.8124318059382247,0.6955728759016401,0.014851545891373575,0.015263410625064892,18050.0,14375.0
PF00397,PF00595,20,2,38.83965068967299,6.122064562299586,85.45413608580184,8.92375148810735,34.45049111539599,87.53057527636871,7.292449697522858,17.88808620089358,0.8148238809907608,0.41515617052456405,0.017723083212726393,0.0079287965944594,21087.5,11262.5
PF00397,PF00595,24,0,38.19317863487336,5.637603155306118,92.45930315370184,10.850004787639909,34.45049111539599,87.53057527636871,7.292449697522858,17.88808620089358,0.7359684915972732,0.5244391422671383,0.013590233736174698,0.00921322935765525,16087.5,11475.0
PF00397,PF00595,25,1,37.81447095725357,5.239205923000482,90.60939763010771,9.76277712022877,34.45049111539599,87.53057527636871,7.292449697522858,17.88808620089358,0.7059701474629663,0.43848158921126495,0.014404999620732299,0.007903210623923155,16575.0,10725.0
PF00397,PF00595,26,2,37.669366764452604,5.5104817361325535,89.78952311465873,10.374969700849107,34.45049111539599,87.53057527636871,7.292449697522858,17.88808620089358,0.6828458778443127,0.45664006662894174,0.014899459006887232,0.007423255356045089,21612.5,10712.5
PF00397,PF00595,30,0,38.61253105849556,4.610586809698535,92.75685961115505,10.72856130793994,34.45049111539599,87.53057527636871,7.292449697522858,17.88808620089358,0.6873144925390616,0.5333279516294027,0.020740450727250802,0.009400398581744608,19387.5,11150.0
PF00397,PF00595,31,1,35.12320939381962,5.873521047639637,92.99802654283408,9.248558170308351,34.45049111539599,87.53057527636871,7.292449697522858,17.88808620089358,0.6313454580457976,0.47758821471436613,0.010685320638870675,0.007102673123034538,16712.5,11500.0
PF00397,PF00595,32,2,38.05154843532946,4.668617028876388,89.051544816752,10.229237035990181,34.45049111539599,87.53057527636871,7.292449697522858,17.88808620089358,0.6389004663511868,0.45422869272531463,0.012798760141619837,0.007537347729767791,17525.0,10725.0
PF00397,PF00595,36,0,43.74614817875688,4.924815118856802,90.96499012440204,9.890813527112382,34.45049111539599,87.53057527636871,7.292449697522858,17.88808620089358,1.281032102415727,0.47507097145938787,0.07059776323256997,0.007741042375825611,34262.5,10450.0
PF00397,PF00595,37,1,29.352380286379884,4.357252505604307,105.05206795968141,10.55411108352157,34.45049111539599,87.53057527636871,7.292449697522858,17.88808620089358,0.8001322685345293,1.0102634103868195,0.012768239281944618,0.05058271760641563,10287.5,18837.5
PF00397,PF00595,38,2,42.90814423348322,5.172338746676859,96.75048527692863,13.07300570980745,34.45049111539599,87.53057527636871,7.292449697522858,17.88808620089358,1.1827515133043047,0.742672695225235,0.07525874077377392,0.017922801105953377,32050.0,13062.5
PF00397,PF00595,42,0,37.53332479329548,6.019201375370986,89.39615498811723,11.00694639929286,34.45049111539599,87.53057527636871,7.292449697522858,17.88808620089358,0.6987703912492554,0.4916916363757057,0.011702947170282679,0.009651616976666775,15462.5,13400.0
PF00397,PF00595,43,1,36.49160180929454,4.8279908898126624,102.63991112163897,9.111241336622134,34.45049111539599,87.53057527636871,7.292449697522858,17.88808620089358,0.5477076428556757,0.8614560244353237,0.00859903586447201,0.020677992541001205,17400.0,14350.0
PF00397,PF00595,44,2,45.82387859174091,5.005574348164737,92.55006336006504,10.365917420044829,34.45049111539599,87.53057527636871,7.292449697522858,17.88808620089358,1.5620107993970385,0.4983191617425111,0.1864101511986801,0.007970898360215781,51212.5,11562.5
PF00397,PF00595,48,0,44.23461726394073,4.755643282570012,98.41581720311038,11.58085550465103,34.45049111539599,87.53057527636871,7.292449697522858,17.88808620089358,1.3416789356624923,0.6788542819578168,0.15636719558008053,0.011967581029413176,41312.5,20912.5
PF00397,PF00595,49,1,49.3044666284662,5.836058012243144,109.07502538420296,12.051945490872049,34.45049111539599,87.53057527636871,7.292449697522858,17.88808620089358,2.0368979052561578,1.2133141754080992,0.38651195761331164,0.08275536980903578,72012.5,38112.5
PF00397,PF00595,50,2,53.58787597055061,5.300397718533265,94.07615135091524,10.892688952839405,34.45049111539599,87.53057527636871,7.292449697522858,17.88808620089358,2.6242738241520307,0.5734815160673936,1.1324603852660011,0.01267928976322155,221025.0,15162.5
PF00397,PF00595,54,0,40.6120414806723,4.4839598065160216,82.96809613518221,9.462496238530067,34.45049111539599,87.53057527636871,7.292449697522858,17.88808620089358,0.8822940424913697,0.4649097277480098,0.018184518977846,0.008575168152194841,21987.5,11612.5
PF00397,PF00595,55,1,54.320535460560016,4.9284194680043,99.23753844398419,9.350980697985985,34.45049111539599,87.53057527636871,7.292449697522858,17.88808620089358,2.7247420509343523,0.6998931813562183,1.1703311271891164,0.014054592850377232,229737.5,14625.0
PF00397,PF00595,56,2,43.98871933206507,6.1866150649881915,106.67909747998256,9.01350244345958,34.45049111539599,87.53057527636871,7.292449697522858,17.88808620089358,1.3190276889671448,1.0738118722647716,0.053066716336452456,0.08602095147689676,37662.5,17125.0
PF00397,PF00595,60,0,42.04151779945891,4.730541475040962,101.8091018638419,8.648029148488385,34.45049111539599,87.53057527636871,7.292449697522858,17.88808620089358,1.0593236947657645,0.8185486570134052,0.04078052850574574,0.025305569229254702,25612.5,12637.5
PF00397,PF00595,61,1,49.56179388213806,5.72325922559544,119.069126830895,9.998163294855923,34.45049111539599,87.53057527636871,7.292449697522858,17.88808620089358,2.073866488576545,1.7631037328605237,0.43792292536517863,0.5112418712859081,95537.5,58475.0
PF00397,PF00595,62,2,44.30594266948583,5.371779476638479,100.22681301413675,11.846803804933614,34.45049111539599,87.53057527636871,7.292449697522858,17.88808620089358,1.3670880114336448,0.7931034611833739,0.08010948655253508,0.027959551655553954,33237.5,15787.5
PF00397,PF00595,66,0,44.835260420486094,5.845149445033422,114.19604665657047,9.957738755671773,34.45049111539599,87.53057527636871,7.292449697522858,17.88808620089358,1.4361949076539986,1.491335852942787,0.07658573340358765,0.2271415365522577,38787.5,34000.0
PF00397,PF00595,67,1,41.343920999245,6.262209357108785,110.42825975385385,10.141626787922236,34.45049111539599,87.53057527636871,7.292449697522858,17.88808620089358,1.0980228335757285,1.295673252713394,0.024191769523363257,0.12608547089096261,22525.0,25162.5
PF00397,PF00595,68,2,41.078080378039864,5.322658400940445,104.83705865301283,9.335245466701926,34.45049111539599,87.53057527636871,7.292449697522858,17.88808620089358,0.9564814810640806,0.9787580668833301,0.02794394528847775,0.06123328477281466,25600.0,14850.0
PF00397,PF00595,72,0,42.1064481871314,4.418610300714751,101.38913879453646,11.82253190458027,34.45049111539599,87.53057527636871,7.292449697522858,17.88808620089358,1.0519838564623099,0.8559717217439021,0.04045371358837861,0.023728319617493644,27787.5,15437.5
PF00397,PF00595,73,1,45.895938681851895,5.243985794747243,111.86629364142144,9.82039887814541,34.45049111539599,87.53057527636871,7.292449697522858,17.88808620089358,1.569492837275759,1.3604428160591635,0.2039196443696178,0.1941767397233612,50487.5,24975.0
PF00397,PF00595,74,2,40.54138363418941,5.790190783045319,101.51654020314942,9.93324072036309,34.45049111539599,87.53057527636871,7.292449697522858,17.88808620089358,0.9122188863714195,0.8128252310929147,0.020794358208251706,0.01927448578571517,27025.0,14075.0
PF00397,PF00595,78,0,43.87852645088934,6.169416606809583,111.50898516985991,11.445325456962289,34.45049111539599,87.53057527636871,7.292449697522858,17.88808620089358,1.3088034066069283,1.3529812196726905,0.05276926085538074,0.10103900165501595,30812.5,24275.0
PF00153,PF00595,12,0,90.4507862527543,13.117514833064641,88.85060147860251,10.465377895175493,92.55486889551554,87.53057527636871,25.61876806220977,17.88808620089358,0.41171723072721406,0.463591796551993,0.012244414547493903,0.008285625129116521,20050.0,14225.0
PF00153,PF00595,13,1,92.11395261251819,12.215558074233622,87.32283494674597,10.320943624771322,92.55486889551554,87.53057527636871,25.61876806220977,17.88808620089358,0.37992440708196357,0.45966358004259705,0.011832862704006221,0.008937362885526627,21025.0,14587.5
PF00153,PF00595,14,2,93.49945811515023,13.565453075027552,86.89062766708408,9.891268221745223,92.55486889551554,87.53057527636871,25.61876806220977,17.88808620089358,0.41951982424619383,0.4396070961012842,0.012246306799018981,0.008040930904814402,20050.0,13950.0
PF00153,PF00595,18,0,94.25361578728521,12.806836096050802,88.17681388930346,11.029730462099613,92.55486889551554,87.53057527636871,25.61876806220977,17.88808620089358,0.39527609476207437,0.4752268931140237,0.012591623901194414,0.007856746643996852,24362.5,14375.0
PF00153,PF00595,19,1,96.86318194236782,15.185725601530288,88.67928865480371,10.520567036088371,92.55486889551554,87.53057527636871,25.61876806220977,17.88808620089358,0.4802449878719149,0.46684826315117833,0.017482400970926754,0.0070891304351237035,23487.5,14387.5
PF00153,PF00595,20,2,91.19390682289195,14.02534665210137,85.95301932049375,10.525245907249767,92.55486889551554,87.53057527636871,25.61876806220977,17.88808620089358,0.4417019854813474,0.4837095254896586,0.011250147331803233,0.007357177873489365,18487.5,13562.5
PF00153,PF00595,24,0,93.98288159405107,14.273638222327394,90.84100233329421,10.254278108903343,92.55486889551554,87.53057527636871,25.61876806220977,17.88808620089358,0.44428426842056196,0.46747286157296186,0.013596060797221414,0.007516094247125519,20187.5,14725.0
PF00153,PF00595,25,1,92.61793544757401,15.117246915433563,89.74817559420849,10.582447779983019,92.55486889551554,87.53057527636871,25.61876806220977,17.88808620089358,0.4776846726486761,0.44966302224591714,0.019441797183645297,0.007108305433924742,20512.5,14987.5
PF00153,PF00595,26,2,95.34163606737543,13.33080709465389,88.61772635967178,9.549119762503857,92.55486889551554,87.53057527636871,25.61876806220977,17.88808620089358,0.4197003929697829,0.4128204807361545,0.012117094819741245,0.007896171719325657,19550.0,13975.0
PF00153,PF00595,30,0,99.2313726770471,12.79056783858041,89.19732039184926,11.195203415674769,92.55486889551554,87.53057527636871,25.61876806220977,17.88808620089358,0.4526547110499281,0.5056443997350548,0.016041003105440238,0.009476845344348707,20187.5,14575.0
PF00153,PF00595,31,1,93.40367534408227,13.898976318389629,91.07287616062278,10.556757729475855,92.55486889551554,87.53057527636871,25.61876806220977,17.88808620089358,0.4373395325971752,0.4889542609127443,0.013692281473629503,0.008597384237845515,18462.5,15837.5
PF00153,PF00595,32,2,97.6923078511424,14.270933770793494,89.71514419670581,10.233567993529425,92.55486889551554,87.53057527636871,25.61876806220977,17.88808620089358,0.453337075220133,0.4481635639620282,0.013576180972200438,0.007465641970381569,21475.0,15212.5
PF00153,PF00595,36,0,96.18037915411773,12.887645247705025,90.69983186555291,10.155975133278407,92.55486889551554,87.53057527636871,25.61876806220977,17.88808620089358,0.403248078008135,0.45683145977137973,0.01144878196233512,0.007434805199563782,20837.5,14825.0
PF00153,PF00595,37,1,101.8773662531723,12.302118423932987,95.30211557981524,10.823455397904882,92.55486889551554,87.53057527636871,25.61876806220977,17.88808620089358,0.4831271284380297,0.5858246119003669,0.019076499356611445,0.01590858768435626,22462.5,19775.0
PF00153,PF00595,38,2,97.25594748252693,13.258829715525975,86.7344361104341,13.318508469688105,92.55486889551554,87.53057527636871,25.61876806220977,17.88808620089358,0.4354335986121785,0.5858016991295506,0.01444336318990113,0.01008416648785685,19850.0,15012.5
PF00153,PF00595,42,0,100.0157217836325,10.829515303078589,89.71451410853399,11.999450016192105,92.55486889551554,87.53057527636871,25.61876806220977,17.88808620089358,0.42529335528142065,0.5346087735227322,0.012304779713585021,0.007738435118071476,21950.0,15950.0
PF00153,PF00595,43,1,105.04358164993569,12.344533188573365,92.68778259358797,9.370559057339989,92.55486889551554,87.53057527636871,25.61876806220977,17.88808620089358,0.5685016744273305,0.47208588248688627,0.044105198889066874,0.009666930516752712,27037.5,16187.5
PF00153,PF00595,44,2,100.63473232651319,13.370337342344945,86.63464133885634,10.139059813802406,92.55486889551554,87.53057527636871,25.61876806220977,17.88808620089358,0.5112632648012669,0.4459874167241654,0.033990538374998075,0.007599919387554222,20800.0,13750.0
PF00153,PF00595,48,0,101.5449886644609,13.30331259734756,97.55060699362112,15.851090998754268,92.55486889551554,87.53057527636871,25.61876806220977,17.88808620089358,0.5022348302345916,0.8961678395868958,0.029928935913080105,0.055345574423696406,24062.5,25975.0
PF00153,PF00595,49,1,112.0233488887921,10.975693762664392,99.80610698521778,10.183069908848026,92.55486889551554,87.53057527636871,25.61876806220977,17.88808620089358,0.7733261414064799,0.7437393935770548,0.11100899648694171,0.028207975872619518,27350.0,23087.5
PF00153,PF00595,50,2,96.55835128155086,14.578379333710812,95.54043317127436,11.672804070134127,92.55486889551554,87.53057527636871,25.61876806220977,17.88808620089358,0.46655083645970463,0.6432940851237439,0.024189697989430065,0.02260169901308419,23975.0,20412.5
PF00153,PF00595,54,0,109.57551825234376,16.929632326330626,86.98510537322832,15.321938037507183,92.55486889551554,87.53057527636871,25.61876806220977,17.88808620089358,0.8142026825463745,0.7213433041145749,0.12802289991136148,0.01564338034209427,30912.5,18750.0
PF00153,PF00595,55,1,111.31351569934439,13.156678116204814,91.14622247374759,9.507264266403165,92.55486889551554,87.53057527636871,25.61876806220977,17.88808620089358,0.7768572054562263,0.441176679540128,0.11971437443004371,0.008120264120929145,24862.5,16112.5
PF00153,PF00595,56,2,98.29100994336295,15.750096154905654,93.23795507601407,12.620076839031169,92.55486889551554,87.53057527636871,25.61876806220977,17.88808620089358,0.5520682284517471,0.6400861114791596,0.02796438768265201,0.0170597255622273,21287.5,17587.5
PF00153,PF00595,60,0,105.90592243236333,12.668383221257628,95.72366782551585,10.476491701734082,92.55486889551554,87.53057527636871,25.61876806220977,17.88808620089358,0.6020574067415755,0.6026436148992558,0.04286215873441453,0.012708881937535546,24450.0,18162.5
PF00153,PF00595,61,1,114.17235761365086,13.325831509765116,99.60119997410095,10.722821118757324,92.55486889551554,87.53057527636871,25.61876806220977,17.88808620089358,0.860916108604894,0.7483428940057645,0.17938743415735245,0.026037780085159952,36150.0,20625.0
PF00153,PF00595,62,2,102.11712797792084,12.733470834619267,91.64393874682607,10.169091398321783,92.55486889551554,87.53057527636871,25.61876806220977,17.88808620089358,0.4898984665759781,0.4650673845596676,0.03150561509086662,0.00853003294968827,21075.0,15612.5
PF00153,PF00595,66,0,110.47603694131848,15.827810404036995,94.91419908501284,10.859240597476516,92.55486889551554,87.53057527636871,25.61876806220977,17.88808620089358,0.7946140814313226,0.5752268403707174,0.1820876006787222,0.012531264000588087,37950.0,21287.5
PF00153,PF00595,67,1,117.05891410127147,13.309556750624466,98.61173984479439,10.30831127334464,92.55486889551554,87.53057527636871,25.61876806220977,17.88808620089358,0.9667112124159533,0.700449310346497,0.2393175905107169,0.024422144179928898,41100.0,20537.5
PF00153,PF00595,68,2,94.64129276329889,14.05329638470387,93.46078196576613,10.879416553706351,92.55486889551554,87.53057527636871,25.61876806220977,17.88808620089358,0.42658139668789885,0.5568610950435148,0.019506079087797317,0.007692158566079318,19325.0,16462.5
PF00153,PF00595,72,0,111.78068053680877,12.992584260030203,93.88029776952862,13.167707436822607,92.55486889551554,87.53057527636871,25.61876806220977,17.88808620089358,0.791827999978793,0.6602503706413606,0.10176572940957256,0.015220114765071886,28850.0,17412.5
PF00153,PF00595,73,1,115.47094719283321,13.90487206881773,107.69439423120966,15.61531674740735,92.55486889551554,87.53057527636871,25.61876806220977,17.88808620089358,0.9193542705881715,1.2672129612682541,0.21718973600129374,0.18398914375086492,38362.5,34362.5
PF00153,PF00595,74,2,100.43712587687031,16.494286671048968,95.41140849885555,16.522382334708787,92.55486889551554,87.53057527636871,25.61876806220977,17.88808620089358,0.5847938246159639,0.8472112514517235,0.052742776541832216,0.05372286543177673,26512.5,23712.5
PF00153,PF00595,78,0,113.41561805737591,11.482733567229038,101.0210849894894,11.745219282474485,92.55486889551554,87.53057527636871,25.61876806220977,17.88808620089358,0.8263040491065385,0.8184027249053867,0.13452213465041107,0.03096024969596657,30075.0,24587.5
PF00153,PF00595,79,1,117.45681760633295,15.214604483434364,104.0216057185629,12.200412826421015,92.55486889551554,87.53057527636871,25.61876806220977,17.88808620089358,1.0124317073911746,0.9834937473131083,0.27683740333399387,0.0763249751722093,41650.0,26275.0
PF00153,PF00595,80,2,107.95953983335323,13.997587193814864,90.71006667899411,11.426524306416018,92.55486889551554,87.53057527636871,25.61876806220977,17.88808620089358,0.7009442324807051,0.5198105953649546,0.07494243055625226,0.011021123201539468,23612.5,18625.0
PF00153,PF00595,84,0,114.66745819490461,13.579948618232928,106.91800506572439,12.220686163016595,92.55486889551554,87.53057527636871,25.61876806220977,17.88808620089358,0.8840083643011072,1.1213105942744337,0.20903124603740902,0.07558976723812522,41300.0,28250.0
PF00153,PF00595,85,1,116.11153644836324,13.604791651925426,106.83248248387616,11.027576443221214,92.55486889551554,87.53057527636871,25.61876806220977,17.88808620089358,0.9371691297200191,1.0970496055537702,0.21779311846320776,0.11183570093031597,38912.5,26300.0
PF00153,PF00595,86,2,110.47942450563718,14.6595989494556,97.90210013741832,12.383042965025007,92.55486889551554,87.53057527636871,25.61876806220977,17.88808620089358,0.7964247295233416,0.7312854979912058,0.14414042313735456,0.03255096320129815,33950.0,18037.5
PF00397,PF07679,12,0,35.58927527011239,6.582167889383801,67.50290166102882,9.986155550416823,34.45049111539599,63.66128339025547,7.292449697522858,19.078484146135715,0.7424882005675194,0.45509150090790795,0.012715684873950993,0.007387486122350043,16225.0,10650.0
PF00397,PF07679,13,1,32.592537062550775,5.585727465590839,72.04492829577701,10.132224690273073,34.45049111539599,63.66128339025547,7.292449697522858,19.078484146135715,0.6630867118778564,0.5698222645559025,0.01131906403708094,0.011999906053923077,19200.0,11712.5
PF00397,PF07679,14,2,35.28052692341073,5.895305022542057,66.15174745303189,13.907061750283193,34.45049111539599,63.66128339025547,7.292449697522858,19.078484146135715,0.6630419783986367,0.593414703122597,0.01248346726665624,0.010305150391572888,18762.5,10662.5
PF00397,PF07679,18,0,36.17119096420158,6.273295233010306,69.01251948547196,11.34188672767181,34.45049111539599,63.66128339025547,7.292449697522858,19.078484146135715,0.7161470269837573,0.5356486850346597,0.01416123218743298,0.011194957984391001,17775.0,11637.5
PF00397,PF07679,19,1,35.113856454859345,5.788119233675944,74.70781536053224,10.584607275394042,34.45049111539599,63.66128339025547,7.292449697522858,19.078484146135715,0.634908192584011,0.6815475732983987,0.012645750726800298,0.020786128820874324,16200.0,13387.5
PF00397,PF07679,20,2,35.20746130559565,6.069686228514502,70.64318550934641,14.383296370407233,34.45049111539599,63.66128339025547,7.292449697522858,19.078484146135715,0.6834085968242906,0.7144362419494295,0.012697009309661507,0.018362382758471633,16187.5,11375.0
PF00397,PF07679,24,0,37.10805522368431,5.691924120563088,71.49817981181245,11.441875927772179,34.45049111539599,63.66128339025547,7.292449697522858,19.078484146135715,0.6648695138077774,0.6012209261805884,0.01324747628805248,0.011588879476175309,19412.5,10300.0
PF00397,PF07679,25,1,39.76027424823883,5.088456649232131,72.33975905420634,10.773373494293743,34.45049111539599,63.66128339025547,7.292449697522858,19.078484146135715,0.8358557994106907,0.5950550090525505,0.026107493117036036,0.015223269276758166,22750.0,12200.0
PF00397,PF07679,26,2,39.23080920976082,5.939400382435687,67.93579425942703,11.23010293449454,34.45049111539599,63.66128339025547,7.292449697522858,19.078484146135715,0.8172040238972582,0.4872771659388559,0.015178702038253129,0.009378287681056523,20525.0,10737.5
PF00397,PF07679,30,0,34.672965605911216,5.750460449730416,72.89817956276659,9.434046700915111,34.45049111539599,63.66128339025547,7.292449697522858,19.078484146135715,0.6383738359400135,0.5700212853791116,0.010818553188543452,0.014347000040600154,17962.5,11600.0
PF00397,PF07679,31,1,36.6765612864484,6.2819414000616485,82.31733604315086,8.419273868015281,34.45049111539599,63.66128339025547,7.292449697522858,19.078484146135715,0.7378844061481458,1.001572075938373,0.01591671928442549,0.10283847394167166,26225.0,16637.5
PF00397,PF07679,32,2,37.939363686098396,5.110965929609298,72.76054243433693,12.414886064025838,34.45049111539599,63.66128339025547,7.292449697522858,19.078484146135715,0.6824138451703164,0.6698192754706607,0.016370436171283045,0.020762139910932436,17637.5,12275.0
PF00397,PF07679,36,0,41.88276590550704,5.490829493441867,76.06419011920431,10.135283679643468,34.45049111539599,63.66128339025547,7.292449697522858,19.078484146135715,1.0775066884947015,0.7174766080745448,0.04932371976392151,0.019572668880038856,33087.5,11675.0
PF00397,PF07679,37,1,35.464659787757995,5.750873573591149,85.04829536496385,9.58739432139173,34.45049111539599,63.66128339025547,7.292449697522858,19.078484146135715,0.6253708781151902,1.1254226802042737,0.014301503421954858,0.12639359857848884,18112.5,27337.5
PF00397,PF07679,38,2,42.19987580131845,5.278578515814964,73.89156691990111,11.108967774112994,34.45049111539599,63.66128339025547,7.292449697522858,19.078484146135715,1.098201723180743,0.6370848057136906,0.06499028792561054,0.016781702048900667,38562.5,13125.0
PF00397,PF07679,42,0,41.086346342096874,5.448739441863695,76.25968728035824,9.035861820409187,34.45049111539599,63.66128339025547,7.292449697522858,19.078484146135715,0.9551450989520478,0.6964498970100678,0.024812889874295075,0.020357595402762302,26425.0,12687.5
PF00397,PF07679,43,1,42.92912210804745,5.086940809402782,78.80350807437964,11.337034940390026,34.45049111539599,63.66128339025547,7.292449697522858,19.078484146135715,1.1764870794754811,0.8518633428448193,0.060336799463779255,0.06534180661049223,37875.0,26112.5
PF00397,PF07679,44,2,43.44839988864618,6.148002404289659,79.69542049208282,8.804115418369356,34.45049111539599,63.66128339025547,7.292449697522858,19.078484146135715,1.27278280467019,0.8564492125847302,0.07632255967045692,0.031261405221688,38912.5,13687.5
PF00397,PF07679,48,0,45.11308241257564,7.2211786863148175,79.48296707862085,14.37190001635455,34.45049111539599,63.66128339025547,7.292449697522858,19.078484146135715,1.4960724026844132,1.0231561512465535,0.08704144013628103,0.07880688052937511,46312.5,18762.5
PF00397,PF07679,49,1,47.94299001953495,6.0906968781163435,83.54071224164825,10.149015133993302,34.45049111539599,63.66128339025547,7.292449697522858,19.078484146135715,1.8554822830825952,1.0716418456795096,0.3219418499974596,0.09311896045943392,83950.0,19812.5
PF00397,PF07679,50,2,43.98603369352176,5.465627145661279,76.09823403682636,8.400745290296596,34.45049111539599,63.66128339025547,7.292449697522858,19.078484146135715,1.3199685046156517,0.6709907628498306,0.17983944295141424,0.03600234418310869,71687.5,18175.0
PF00397,PF07679,54,0,44.952988717347495,5.323865629391118,80.66944150487073,8.931246021722597,34.45049111539599,63.66128339025547,7.292449697522858,19.078484146135715,1.4495460818601982,0.8993109585532032,0.16246090984589678,0.07444001120561579,39575.0,17587.5
PF00397,PF07679,55,1,51.936595404575634,5.9626577692135525,84.83845059749852,13.213851930082495,34.45049111539599,63.66128339025547,7.292449697522858,19.078484146135715,2.397836805801956,1.200764728297716,0.9141882293905182,0.11502668410639244,174312.5,26000.0
PF00397,PF07679,56,2,46.668426171980485,6.174197319706524,69.31835611955256,11.943286842142852,34.45049111539599,63.66128339025547,7.292449697522858,19.078484146135715,1.6774963445698787,0.5427284225445895,0.3375144852022672,0.025185332948272954,76112.5,18225.0
PF00397,PF07679,60,0,44.582442665191344,5.732457713927081,69.53680623581293,15.609323678207886,34.45049111539599,63.66128339025547,7.292449697522858,19.078484146135715,1.416919962010129,0.7440438251970711,0.22419536588900946,0.043409185836267045,43775.0,14775.0
PF00397,PF07679,61,1,48.3968726898121,5.867536311986718,81.55049970475913,12.307134020600394,34.45049111539599,63.66128339025547,7.292449697522858,19.078484146135715,1.9280913907731423,0.9996326696048362,0.44211368434647375,0.09732376713918425,84337.5,31025.0
PF00397,PF07679,62,2,39.396831162896106,4.920842292056074,83.74111299711089,8.566570116968874,34.45049111539599,63.66128339025547,7.292449697522858,19.078484146135715,0.7530942854501953,1.0553728835515708,0.017353067362691245,0.0795204108982333,26862.5,16475.0
PF00397,PF07679,66,0,48.78279623979818,6.837941648845164,87.87127975500458,11.341713895699511,34.45049111539599,63.66128339025547,7.292449697522858,19.078484146135715,1.9725426800538555,1.2759865278714075,0.252912394185521,0.19704892822017975,68500.0,32775.0
PF00397,PF07679,67,1,51.437368834357024,5.1469489478821915,86.49537897767088,10.650453929274875,34.45049111539599,63.66128339025547,7.292449697522858,19.078484146135715,2.3293787991065926,1.2045588928375308,0.746013340662459,0.1606020644750705,144412.5,35600.0
PF00397,PF07679,68,2,44.246718514284595,6.96355910492385,72.96166661030027,16.772733384735123,34.45049111539599,63.66128339025547,7.292449697522858,19.078484146135715,1.3801795158013623,0.8748484867557678,0.15380510427259841,0.028726556862907572,57225.0,14587.5
PF00397,PF07679,72,0,44.85846160088551,6.468491954645199,87.5401453142648,9.322412539001082,34.45049111539599,63.66128339025547,7.292449697522858,19.078484146135715,1.450666452384617,1.2516660619000417,0.0898398178380236,0.15358309643487034,46000.0,23012.5
PF00397,PF07679,73,1,50.97017660443806,5.069843506469128,85.19757786590344,12.695887615695131,34.45049111539599,63.66128339025547,7.292449697522858,19.078484146135715,2.2653136016356172,1.1476645626948365,0.7839202288773286,0.10622816522064361,133125.0,35900.0
PF00397,PF07679,74,2,42.935586558044434,6.158015750231972,80.35290796025384,10.40238142057049,34.45049111539599,63.66128339025547,7.292449697522858,19.078484146135715,1.204142360550781,0.9328454871899714,0.11040500463016457,0.059591907443057084,44400.0,17250.0
PF00397,PF07679,78,0,43.27520985431427,4.4474048398185095,74.57018532247704,9.152664465284799,34.45049111539599,63.66128339025547,7.292449697522858,19.078484146135715,1.2137999336443273,0.6274295807128951,0.09334361234021424,0.014924127608554234,33625.0,12025.0
PF00153,PF07679,12,0,90.3535812846138,13.52729968117681,67.90835015666974,11.114098066110069,92.55486889551554,63.66128339025547,25.61876806220977,19.078484146135715,0.4282352320996605,0.5001091136299669,0.011742699323539102,0.009622997656264285,18525.0,13250.0
PF00153,PF07679,13,1,93.77984395709278,14.580201083521514,69.16430890839739,10.975051662940308,92.55486889551554,63.66128339025547,25.61876806220977,19.078484146135715,0.4335338921003893,0.5062815538647591,0.01129747073974483,0.010256503030219228,20900.0,14312.5
PF00153,PF07679,14,2,94.08938937418229,13.072636605412228,66.56176579270256,13.232790498439181,92.55486889551554,63.66128339025547,25.61876806220977,19.078484146135715,0.39072609474044023,0.5628708976196305,0.011429336982853254,0.0099672371189748,20000.0,13612.5
PF00153,PF07679,18,0,93.87378727770836,14.240101410676163,67.20060326804769,11.286538663069695,92.55486889551554,63.66128339025547,25.61876806220977,19.078484146135715,0.4480157788357478,0.505146611207559,0.015179353996128929,0.009725005259877139,20712.5,13312.5
PF00153,PF07679,19,1,93.42792217774132,14.023318303944922,68.64932476633699,10.052996271906494,92.55486889551554,63.66128339025547,25.61876806220977,19.078484146135715,0.4307656807467824,0.48267837917939205,0.016562133360399595,0.009955054206130496,22125.0,13187.5
PF00153,PF07679,20,2,92.25138306783109,13.723751128525482,71.450278666302,12.434816086863803,92.55486889551554,63.66128339025547,25.61876806220977,19.078484146135715,0.41613794619354694,0.6525259567418107,0.010765252110408179,0.01542148371672376,19775.0,15125.0
PF00153,PF07679,24,0,95.20983845835217,14.231701761222546,68.03154244155117,12.20451977311927,92.55486889551554,63.66128339025547,25.61876806220977,19.078484146135715,0.4409611134657401,0.5342589352522072,0.014264958532993817,0.011659210667741853,20250.0,13325.0
PF00153,PF07679,25,1,93.75615853595258,15.030716874264925,69.9083039855302,11.419503694438008,92.55486889551554,63.66128339025547,25.61876806220977,19.078484146135715,0.468775017026837,0.5626376745497071,0.01909568837554516,0.012982277371910798,23225.0,14437.5
PF00153,PF07679,26,2,96.47309207578162,12.870215150950596,69.42882961887202,9.497266448624869,92.55486889551554,63.66128339025547,25.61876806220977,19.078484146135715,0.41911889358068505,0.47608498739366245,0.012591297693609059,0.011660394682974582,20600.0,14125.0
PF00153,PF07679,30,0,97.95651559581972,12.29290765042633,69.79380217413991,10.23709098214187,92.55486889551554,63.66128339025547,25.61876806220977,19.078484146135715,0.41569455359618035,0.5077924055610726,0.013033857104562967,0.011023130185572945,19487.5,14725.0
PF00153,PF07679,31,1,92.21633017184689,14.122049659847757,72.95101770726428,12.598296508265117,92.55486889551554,63.66128339025547,25.61876806220977,19.078484146135715,0.4344412489321146,0.6843726007441644,0.012131021407431965,0.02046511886659463,18450.0,17587.5
PF00153,PF07679,32,2,97.25492257739683,11.476851194696364,65.78126383715524,13.561904406384633,92.55486889551554,63.66128339025547,25.61876806220977,19.078484146135715,0.39306891424035206,0.573072844949779,0.01417816124545265,0.010723648333534572,23137.5,12975.0
PF00153,PF07679,36,0,95.796062218641,13.023202632564884,70.56001199213355,12.807263340105447,92.55486889551554,63.66128339025547,25.61876806220977,19.078484146135715,0.42015874170345063,0.6277396614586561,0.015263942886281674,0.015693271099153118,21562.5,15987.5
PF00153,PF07679,37,1,98.5916145637567,12.037019385780232,81.71499168784618,9.73484097106548,92.55486889551554,63.66128339025547,25.61876806220977,19.078484146135715,0.421397782318761,0.9637034527499467,0.015737266323208474,0.08991195883150127,23087.5,24937.5
PF00153,PF07679,38,2,98.45162762469445,11.603175731908305,71.7912221043313,10.799000505849733,92.55486889551554,63.66128339025547,25.61876806220977,19.078484146135715,0.39422962237523324,0.5899602593567107,0.013305240272933831,0.015665071372363285,21425.0,15825.0
PF00153,PF07679,42,0,100.07876562301026,12.083627079268409,72.53391667021796,9.178053295889264,92.55486889551554,63.66128339025547,25.61876806220977,19.078484146135715,0.45009453362471424,0.5691065401457732,0.018176615600795278,0.014562961962910365,23225.0,15762.5
PF00153,PF07679,43,1,101.4415110415846,10.922862950199578,76.74896643268002,11.678408556838724,92.55486889551554,63.66128339025547,25.61876806220977,19.078484146135715,0.43839486275967604,0.7813740482233775,0.030294283354388902,0.04532819616873221,22287.5,24537.5
PF00153,PF07679,44,2,98.81222260810475,14.01736182394073,72.42511517066613,11.20010683613057,92.55486889551554,63.66128339025547,25.61876806220977,19.078484146135715,0.48984452708643483,0.6030365650598367,0.02715380328448048,0.013652815475921018,22437.5,16225.0
PF00153,PF07679,48,0,102.5456411340056,15.661075468061277,78.80425195621217,10.83515843876382,92.55486889551554,63.66128339025547,25.61876806220977,19.078484146135715,0.5772834495005857,0.8515934936719637,0.05066742369321618,0.04465498057190415,32712.5,16100.0
PF00153,PF07679,49,1,110.84105253821475,13.61432302823347,75.02550796807687,9.204882064904263,92.55486889551554,63.66128339025547,25.61876806220977,19.078484146135715,0.7706435345036354,0.6636064941599662,0.14575434279282182,0.0196375528854439,34812.5,14525.0
PF00153,PF07679,50,2,99.28420801353157,14.46785284077795,76.60899334527454,9.90853808174428,92.55486889551554,63.66128339025547,25.61876806220977,19.078484146135715,0.5119967898510026,0.7493300480625865,0.03256032329725834,0.027158779597684254,25125.0,16825.0
PF00153,PF07679,54,0,104.85942178480342,12.200980525707786,79.3992988664107,10.403826047152272,92.55486889551554,63.66128339025547,25.61876806220977,19.078484146135715,0.5812069443621837,0.8772938883626671,0.04961723651051991,0.05364613042438908,29675.0,19650.0
PF00153,PF07679,55,1,110.85432372616536,12.301206260917109,80.79970460251256,11.314832217900898,92.55486889551554,63.66128339025547,25.61876806220977,19.078484146135715,0.7570454831002843,0.9735672200287416,0.09925570471168087,0.07770921888224253,26550.0,24462.5
PF00153,PF07679,56,2,104.34785642733746,12.759894440932758,78.85923186813683,10.860000736252648,92.55486889551554,63.66128339025547,25.61876806220977,19.078484146135715,0.5665749195267251,0.8630507075714511,0.03174580797582241,0.04655907072562252,23675.0,19662.5
PF00153,PF07679,60,0,100.74633866750082,15.738700200761164,79.69301643198638,10.90532374469731,92.55486889551554,63.66128339025547,25.61876806220977,19.078484146135715,0.5689966001642837,0.8920416204695905,0.041310198183898826,0.07432383941761626,29600.0,18937.5
PF00153,PF07679,61,1,118.59306624005198,13.011010824859861,82.45907697706276,9.666549530943303,92.55486889551554,63.66128339025547,25.61876806220977,19.078484146135715,1.027642608958165,1.003363253214449,0.2899122398581677,0.08288332213968666,46687.5,20437.5
PF00153,PF07679,62,2,105.19917339915624,12.29605310053345,79.84101172276957,10.371286723083077,92.55486889551554,63.66128339025547,25.61876806220977,19.078484146135715,0.571043191076662,0.8790931188770508,0.059297342494911566,0.05499525252840105,28912.5,21762.5
PF00153,PF07679,66,0,112.53302426533872,11.826068851924001,71.97632483122618,10.78773591702201,92.55486889551554,63.66128339025547,25.61876806220977,19.078484146135715,0.8096303424123014,0.5895941539906882,0.14819349236200935,0.01324277638685285,29600.0,15125.0
PF00153,PF07679,67,1,117.39304221095087,10.980145286399823,83.93849419749021,8.580682099894862,92.55486889551554,63.66128339025547,25.61876806220977,19.078484146135715,0.9738163650712448,1.0690348670425565,0.2773058566856345,0.10906562308630827,36050.0,22425.0
PF00153,PF07679,68,2,105.90857294828817,14.86991018969121,75.6691360936126,11.397709781433752,92.55486889551554,63.66128339025547,25.61876806220977,19.078484146135715,0.6334934651841688,0.7434617796747309,0.06721463419586925,0.024782486851632753,29500.0,17112.5
PF00153,PF07679,72,0,103.64132435035849,15.30824585328497,81.59024541766372,9.585792702935908,92.55486889551554,63.66128339025547,25.61876806220977,19.078484146135715,0.6062605600693225,0.9555673564583881,0.060963816675197506,0.07526283257965344,25950.0,18537.5
PF00153,PF07679,73,1,120.33654327122113,10.969684867947999,82.89159176780659,11.853206551132875,92.55486889551554,63.66128339025547,25.61876806220977,19.078484146135715,1.0920583415545584,1.0579686061022036,0.37529910166261055,0.13091496445701337,52000.0,28825.0
PF00153,PF07679,74,2,107.92994359736,15.519873802669713,76.09932191526515,11.143462047470324,92.55486889551554,63.66128339025547,25.61876806220977,19.078484146135715,0.7350418579297733,0.7337217084941003,0.14672959004599517,0.03156060078976964,29537.5,18737.5
PF00153,PF07679,78,0,116.39911211537208,11.41424136370429,71.13990163831471,10.397253063783614,92.55486889551554,63.66128339025547,25.61876806220977,19.078484146135715,0.9411929511145837,0.5506014759218287,0.2798737893183772,0.013395362228051589,37125.0,15237.5
PF00153,PF07679,79,1,133.60481883463967,11.25212109604078,80.26403181253134,9.588401723583669,92.55486889551554,63.66128339025547,25.61876806220977,19.078484146135715,1.6023389508598926,0.8894250706742534,0.6991319421126911,0.04508996539923615,106075.0,21825.0
PF00153,PF07679,80,2,113.24065628237935,13.511656961366807,72.39627178577973,11.330642553119297,92.55486889551554,63.66128339025547,25.61876806220977,19.078484146135715,0.845369687350393,0.6118079863449584,0.18144186912812724,0.016620087657349843,32550.0,15937.5
PF00153,PF07679,84,0,112.55231937552897,13.489384496602451,79.6780009844407,10.14008760101282,92.55486889551554,63.66128339025547,25.61876806220977,19.078484146135715,0.827522217343593,0.8806945899071803,0.158518750606413,0.06988289696094173,33987.5,19562.5
PF00153,PF07679,85,1,121.28816612248089,12.286044311234047,80.25645147783918,10.869295385467963,92.55486889551554,63.66128339025547,25.61876806220977,19.078484146135715,1.1286963459312753,0.9303406732945989,0.3927445448001412,0.10153598669785936,65987.5,25200.0
PF00153,PF07679,86,2,115.68544150443552,13.920099318591404,75.88050668177563,11.14194156373083,92.55486889551554,63.66128339025547,25.61876806220977,19.078484146135715,0.9369949670180224,0.7193855418091786,0.263510664688865,0.027901738105722506,52625.0,16262.5
PF00153,PF00271,12,0,92.14426309594148,13.434641435037939,161.14486604623298,18.99670104605036,92.55486889551554,149.57930952191575,25.61876806220977,27.18196726964319,0.4238697287163478,0.6865564571715216,0.013659590856250846,0.02185596873182737,20800.0,22062.5
PF00153,PF00271,13,1,94.4635968043263,12.705428995177067,157.83612137752903,21.259243445289233,92.55486889551554,149.57930952191575,25.61876806220977,27.18196726964319,0.3968724333524968,0.6777052194961444,0.013501618197492129,0.022425847983414616,22550.0,23225.0
PF00153,PF00271,14,2,93.35442251125824,13.30416317204349,161.8603180338995,22.189932383959317,92.55486889551554,149.57930952191575,25.61876806220977,27.18196726964319,0.42098865527674756,0.7495440028486736,0.013529818894558837,0.050369804799249795,21950.0,26975.0
PF00153,PF00271,18,0,94.01311819857587,14.82454459595973,154.6385117253176,18.603677360933165,92.55486889551554,149.57930952191575,25.61876806220977,27.18196726964319,0.4650391032650185,0.571273725343188,0.017912434028369107,0.01346945631082163,23537.5,26762.5
PF00153,PF00271,19,1,96.02608326769432,13.15882514384576,157.11781917049692,20.005420489025262,92.55486889551554,149.57930952191575,25.61876806220977,27.18196726964319,0.42272774741384794,0.6356704047420626,0.020344793734296165,0.027336118616315335,23825.0,25825.0
PF00153,PF00271,20,2,93.78038277414376,13.464379223583618,155.46162716211566,20.624568348053923,92.55486889551554,149.57930952191575,25.61876806220977,27.18196726964319,0.3974592163028273,0.643771805767415,0.012613151687374487,0.021800847520650035,21037.5,24312.5
PF00153,PF00271,24,0,97.4135892954019,13.55382359489457,157.30984131675402,18.804404722978006,92.55486889551554,149.57930952191575,25.61876806220977,27.18196726964319,0.4456170090628027,0.6170363905501266,0.0273492844378598,0.017862781301741452,24800.0,23162.5
PF00153,PF00271,25,1,97.18710681586136,13.397179541943268,156.58676199785575,21.423461923482993,92.55486889551554,149.57930952191575,25.61876806220977,27.18196726964319,0.4372549306036138,0.6717435911622546,0.0218834961512566,0.031038401005337928,23625.0,26437.5
PF00153,PF00271,26,2,96.67629598041769,14.374537353122939,161.61683879030426,20.06972006495903,92.55486889551554,149.57930952191575,25.61876806220977,27.18196726964319,0.47921851640487234,0.7073455102854567,0.02590552122882298,0.05889251321332027,23587.5,25887.5
PF00153,PF00271,30,0,97.79391419845564,11.55501291314017,146.3487131032655,18.545495239762932,92.55486889551554,149.57930952191575,25.61876806220977,27.18196726964319,0.3909697353981869,0.5575677921709427,0.011828034937431404,0.017905240722236378,20937.5,24450.0
PF00153,PF00271,31,1,95.65408108296701,14.982877555237495,164.8942282052958,19.938639995778775,92.55486889551554,149.57930952191575,25.61876806220977,27.18196726964319,0.49622925480641894,0.7658961928745454,0.018248764936641845,0.032231288062652075,20062.5,29425.0
PF00153,PF00271,32,2,97.56106003668128,14.430664419985636,158.9947362106,22.06207249589199,92.55486889551554,149.57930952191575,25.61876806220977,27.18196726964319,0.4958934286987812,0.7264674188261893,0.027126576969939947,0.044189946553391195,25725.0,26587.5
PF00153,PF00271,36,0,108.70677100533139,14.08439954874821,159.89361619380875,22.134263333759296,92.55486889551554,149.57930952191575,25.61876806220977,27.18196726964319,0.6966247311235706,0.7648679432814233,0.09503211913506765,0.05636241297060412,34925.0,24650.0
PF00153,PF00271,37,1,105.2950623961082,11.251982841093362,170.84677662504683,19.931336917732533,92.55486889551554,149.57930952191575,25.61876806220977,27.18196726964319,0.5495978844507313,0.8821140196867043,0.035206216165003294,0.0650099349555748,24562.5,27850.0
PF00153,PF00271,38,2,100.57399263746078,12.549979690762793,163.71930634999597,22.764546001601868,92.55486889551554,149.57930952191575,25.61876806220977,27.18196726964319,0.4776100617896165,0.8211430619859748,0.023214631609530422,0.05685558839531582,22187.5,25525.0
PF00153,PF00271,42,0,107.4822143346451,12.913831665927024,153.83176585023455,18.39306034604498,92.55486889551554,149.57930952191575,25.61876806220977,27.18196726964319,0.6273931331669393,0.5524294176861414,0.06376012462622464,0.015896199157075075,28462.5,25550.0
PF00153,PF00271,43,1,109.8256738609147,12.172565177618832,173.72884723326243,23.077542645817566,92.55486889551554,149.57930952191575,25.61876806220977,27.18196726964319,0.7072413756368501,1.0086138938354479,0.10789460351264013,0.1306084846648563,33312.5,38287.5
PF00153,PF00271,44,2,97.96093057113438,14.860522211841745,159.0718513699555,18.193590940523677,92.55486889551554,149.57930952191575,25.61876806220977,27.18196726964319,0.5112268357568303,0.6143210688673285,0.026764923838844386,0.024515970613339367,24350.0,23762.5
PF00153,PF00271,48,0,117.37495264560312,14.889235349553651,166.55874342543973,23.246722624802363,92.55486889551554,149.57930952191575,25.61876806220977,27.18196726964319,0.9925454470556561,0.8917961993500427,0.23296017478515949,0.04887280136878196,52650.0,21575.0
PF00153,PF00271,49,1,115.53428941780457,15.003038641616508,156.08939802924903,19.502826779385966,92.55486889551554,149.57930952191575,25.61876806220977,27.18196726964319,0.954005427097147,0.5605051407678099,0.25165219770709507,0.040947709856244005,42712.5,37287.5
PF00153,PF00271,50,2,106.29068629449895,11.58961820169172,152.8384656712818,21.388787249948372,92.55486889551554,149.57930952191575,25.61876806220977,27.18196726964319,0.6082778718573482,0.6282128017785424,0.0725314127932101,0.03095330687608893,29250.0,25012.5
PF00153,PF00271,54,0,119.6524035199026,14.496115581486642,161.97162774917558,26.383184790038158,92.55486889551554,149.57930952191575,25.61876806220977,27.18196726964319,1.092280058007728,0.8345254187863209,0.30558448691764634,0.09352868846856704,49525.0,37562.5
PF00153,PF00271,55,1,120.33529237869321,13.064879357309366,171.08400124982927,26.20619294390974,92.55486889551554,149.57930952191575,25.61876806220977,27.18196726964319,1.0890746604748582,0.9653575219697652,0.31376436127767987,0.292494008942896,53775.0,67237.5
PF00153,PF00271,56,2,103.030987258049,13.328927619208304,155.81282001413558,20.10882997475856,92.55486889551554,149.57930952191575,25.61876806220977,27.18196726964319,0.5553534968975892,0.6416720773952997,0.03762025098597079,0.02527421886872096,23525.0,22412.5
PF00153,PF00271,60,0,101.54257119294347,14.532069838845482,173.6430490876227,13.575709399111354,92.55486889551554,149.57930952191575,25.61876806220977,27.18196726964319,0.5511259903790523,0.9074774826205265,0.05438981872833069,0.04895490058670662,25837.5,22625.0
PF00153,PF00271,61,1,115.65258063220485,15.8350232877835,182.67790352513686,20.014988492804473,92.55486889551554,149.57930952191575,25.61876806220977,27.18196726964319,0.9415317654452556,1.26524267015801,0.25587370986774827,0.3070551326933697,50950.0,53462.5
PF00153,PF00271,62,2,104.9437935295155,13.652208655625689,169.25045674066396,16.63211628024221,92.55486889551554,149.57930952191575,25.61876806220977,27.18196726964319,0.6058590192596219,0.7986699452997644,0.06802742758503263,0.060026090173017355,24562.5,27425.0
PF00153,PF00271,66,0,110.992469813488,12.69119891846134,173.36245638581147,19.244292632614727,92.55486889551554,149.57930952191575,25.61876806220977,27.18196726964319,0.7482796249455893,0.9415333034737171,0.13399040213678848,0.07984236759310348,24737.5,32375.0
PF00153,PF00271,67,1,122.21912584850521,9.64212401014135,164.2707950129053,19.076998746419232,92.55486889551554,149.57930952191575,25.61876806220977,27.18196726964319,1.1595169267984937,0.70700383333677,0.38467952375231435,0.044149175454555906,36900.0,26775.0
PF00153,PF00271,68,2,101.17817024956835,15.200259587283998,172.9094228788671,15.029000992292374,92.55486889551554,149.57930952191575,25.61876806220977,27.18196726964319,0.5705328928018072,0.8909351706214969,0.059673298056202674,0.0818347793781346,30637.5,27412.5
PF00153,PF00271,72,0,113.60166043779844,11.282668600325284,169.67084203925114,20.71551033008666,92.55486889551554,149.57930952191575,25.61876806220977,27.18196726964319,0.8457373996978232,0.8661110122397703,0.1394524798305675,0.13958270710405674,22925.0,37200.0
PF00153,PF00271,73,1,117.44654152924618,13.881751811027312,195.33473626778795,13.312855917634996,92.55486889551554,149.57930952191575,25.61876806220977,27.18196726964319,0.9971193906069796,1.6845344287776347,0.27102372961723115,0.5264877850389005,50650.0,94962.5
PF00153,PF00271,74,2,101.96249417468826,15.222748039838871,178.7284563252476,17.20513665891668,92.55486889551554,149.57930952191575,25.61876806220977,27.18196726964319,0.573749245260498,1.1234900444461204,0.07643061050309946,0.2004478499610709,29750.0,42000.0
PF00153,PF00271,78,0,117.02475303845642,13.877674528989878,167.34542499507555,16.370497193382576,92.55486889551554,149.57930952191575,25.61876806220977,27.18196726964319,0.9860241636330354,0.745257231392383,0.2618969952592419,0.025688380939932552,43937.5,26512.5
PF00153,PF00271,79,1,124.73614076736274,11.314402988491311,192.70004867056107,13.61943776486107,92.55486889551554,149.57930952191575,25.61876806220977,27.18196726964319,1.2575111953402256,1.5899875208796121,0.4668268927955734,0.40903716848100075,59687.5,73237.5
PF00153,PF00271,80,2,105.12136411532582,9.68513280655514,149.7483766578033,21.666638268947846,92.55486889551554,149.57930952191575,25.61876806220977,27.18196726964319,0.522965298409467,0.66616691499077,0.06951464713234078,0.042067664360636275,28187.5,21800.0
PF00153,PF00271,84,0,118.03462046586147,13.563829159521282,157.5471336140815,19.306497290817184,92.55486889551554,149.57930952191575,25.61876806220977,27.18196726964319,1.02638791140142,0.6041496510640346,0.2837170105549969,0.017735697948244176,33450.0,27325.0
PF00153,PF00271,85,1,125.3449144296028,10.318406121130467,189.5529901243313,16.58071091641937,92.55486889551554,149.57930952191575,25.61876806220977,27.18196726964319,1.2799228071569864,1.4747997538616966,0.5380580050064105,0.3589439427506126,54825.0,65187.5
PF00153,PF00271,86,2,113.22134077277788,12.16552940749274,167.68124667956974,16.64229142461479,92.55486889551554,149.57930952191575,25.61876806220977,27.18196726964319,0.829144917704093,0.768755688941157,0.16279168712627903,0.0658037716642701,40312.5,24012.5
PF00271,PF00512,12,0,166.32055452843153,18.555654960544594,113.85955826704904,9.88475051504938,149.57930952191575,105.72150320304084,27.18196726964319,17.686172366262216,0.7774764618819993,0.5629354790447566,0.023216215370973067,0.011339357028882746,20000.0,9937.5
PF00271,PF00512,13,1,156.68017003288355,19.083584198147683,111.90084598052508,9.037489555709868,149.57930952191575,105.72150320304084,27.18196726964319,17.686172366262216,0.5817663104287618,0.5047501469553185,0.01536799500931144,0.007647025089311568,22925.0,9325.0
PF00271,PF00512,14,2,155.54293494942783,20.763196309604904,104.31580062505786,10.087076244665447,149.57930952191575,105.72150320304084,27.18196726964319,17.686172366262216,0.6379289149753958,0.4704419481118698,0.025089651960139712,0.006740671787225764,24437.5,8300.0
PF00271,PF00512,18,0,153.62939830343663,20.45261233833287,111.10205282663948,9.412786554540038,149.57930952191575,105.72150320304084,27.18196726964319,17.686172366262216,0.5783526361062292,0.49295635688936956,0.019348390587073237,0.007727836713776807,28250.0,9050.0
PF00271,PF00512,19,1,157.56038950894305,21.48466850481624,113.08761229554773,8.371409286313849,149.57930952191575,105.72150320304084,27.18196726964319,17.686172366262216,0.6680125734754891,0.5043352347973181,0.017959785037992303,0.00998336667225796,26575.0,8925.0
PF00271,PF00512,20,2,161.36852216376346,22.10133265081337,119.01712948182963,8.583120217110226,149.57930952191575,105.72150320304084,27.18196726964319,17.686172366262216,0.7445110839684443,0.7683482793464497,0.025497041119292154,0.02381422652503362,24762.5,10325.0
PF00271,PF00512,24,0,143.9128955688785,18.32464917126207,113.04716753989194,9.93092720304323,149.57930952191575,105.72150320304084,27.18196726964319,17.686172366262216,0.587372844675904,0.5363967107680045,0.016974900904807567,0.009466391084846003,17225.0,9487.5
PF00271,PF00512,25,1,164.9550979323095,21.383267141195223,115.20330712057675,9.893228494414634,149.57930952191575,105.72150320304084,27.18196726964319,17.686172366262216,0.7861833428837758,0.6390227159240441,0.027980439819776125,0.012519529187691947,29425.0,11325.0
PF00271,PF00512,26,2,172.12168166124292,16.327864678847604,114.48207175269465,10.46269790655105,149.57930952191575,105.72150320304084,27.18196726964319,17.686172366262216,0.8863092738710185,0.6373356434797927,0.042756032704331266,0.010590638094612404,20512.5,10362.5
PF00271,PF00512,30,0,159.48246142001176,20.839909216884394,126.06777533615396,9.09987938749449,149.57930952191575,105.72150320304084,27.18196726964319,17.686172366262216,0.656839867854151,1.1620514432316522,0.06670948732640145,0.09113886038325208,38137.5,13837.5
PF00271,PF00512,31,1,164.36671170382593,22.072519011997766,116.36858551180462,10.09574935850742,149.57930952191575,105.72150320304084,27.18196726964319,17.686172366262216,0.8037471357625441,0.6813943825835463,0.027086826968718204,0.01435503758159956,30025.0,9637.5
PF00271,PF00512,32,2,164.7229974792532,19.476852403195302,107.617841894327,9.30602809667585,149.57930952191575,105.72150320304084,27.18196726964319,17.686172366262216,0.7690746911537799,0.4227579420930834,0.03572913542763672,0.00792533747250414,22362.5,9050.0
PF00271,PF00512,36,0,162.23794589562564,21.720048059534374,122.44380119295317,7.882394773627854,149.57930952191575,105.72150320304084,27.18196726964319,17.686172366262216,0.7538155798902246,0.9513542345556969,0.022863858032599903,0.05730459474084235,21300.0,12712.5
PF00271,PF00512,37,1,175.5772450099269,17.59485192005051,123.52046280234508,11.491212093607741,149.57930952191575,105.72150320304084,27.18196726964319,17.686172366262216,0.985673173402825,1.0315325943846483,0.04269027150533249,0.029233156211556022,31150.0,13362.5
PF00271,PF00512,38,2,153.506421786751,21.40628062714694,105.35797092061148,9.653714232905191,149.57930952191575,105.72150320304084,27.18196726964319,17.686172366262216,0.6431071344302789,0.4518509137179201,0.042159206963400135,0.007528922841828205,21787.5,8237.5
PF00271,PF00512,42,0,167.3048956168627,20.14673561943679,129.43971790865285,9.83603936072493,149.57930952191575,105.72150320304084,27.18196726964319,17.686172366262216,0.8267894089778045,1.3477474649493444,0.04392094295379733,0.16706202212528962,25037.5,19400.0
PF00271,PF00512,43,1,163.09672275969197,19.93474103340824,112.86562547181228,10.419325373251032,149.57930952191575,105.72150320304084,27.18196726964319,17.686172366262216,0.6915130852898494,0.5617001825825119,0.05974757456524747,0.011178588134554399,45725.0,10412.5
PF00271,PF00512,44,2,163.1483980558544,19.625178211229382,108.4890874639294,11.361185308372068,149.57930952191575,105.72150320304084,27.18196726964319,17.686172366262216,0.7544196109502083,0.5428050704972814,0.022799297919638462,0.009387891475958364,19337.5,8762.5
PF00271,PF00512,48,0,156.52477198958843,24.0468564271448,118.65340539643792,9.503574392927574,149.57930952191575,105.72150320304084,27.18196726964319,17.686172366262216,0.7657094397477218,0.7773654739192675,0.04680708250295893,0.01651560686977677,22925.0,11425.0
PF00271,PF00512,49,1,157.6847894842489,16.813797028945316,112.08651820663454,9.964089458987601,149.57930952191575,105.72150320304084,27.18196726964319,17.686172366262216,0.511731656658323,0.5186758745488922,0.014339768332807762,0.011058068448055253,35250.0,10050.0
PF00271,PF00512,50,2,156.68847185274558,22.456447545003172,114.1603595995322,9.183205516419868,149.57930952191575,105.72150320304084,27.18196726964319,17.686172366262216,0.7221123972918413,0.5714002100229449,0.03690644820307607,0.009218562338521722,19150.0,9037.5
PF00271,PF00512,54,0,140.76519671187677,19.753199781689073,116.86156451143933,8.117048244815475,149.57930952191575,105.72150320304084,27.18196726964319,17.686172366262216,0.6756695891564201,0.6690459226208335,0.017091461572803675,0.0148238850111265,21800.0,9487.5
PF00271,PF00512,55,1,166.70256854568623,20.284712710781644,112.37620412000291,10.028918301137098,149.57930952191575,105.72150320304084,27.18196726964319,17.686172366262216,0.7369062694861338,0.5421802590168757,0.07346173468431277,0.010363744561357913,45850.0,9612.5
PF00271,PF00512,56,2,168.4530673601521,16.035188852757695,110.04307213221851,13.070360175988975,149.57930952191575,105.72150320304084,27.18196726964319,17.686172366262216,0.776077591248033,0.6448529664109699,0.03626795330370725,0.011190155030120668,18625.0,9787.5
PF00271,PF00512,60,0,173.6652329951698,15.911465675113112,114.26985021397174,12.755981514081059,149.57930952191575,105.72150320304084,27.18196726964319,17.686172366262216,0.9076909355612196,0.7065066048568255,0.05625496182959335,0.017462733082999237,29287.5,11450.0
PF00271,PF00512,61,1,170.39726225589453,19.927843905653532,116.57553688128422,9.66315577325227,149.57930952191575,105.72150320304084,27.18196726964319,17.686172366262216,0.8262776079219611,0.6684073928760719,0.0699160721720723,0.019072296156842743,46175.0,9975.0
PF00271,PF00512,62,2,159.11608482511656,21.343400817778402,104.80589197186151,9.835956249277022,149.57930952191575,105.72150320304084,27.18196726964319,17.686172366262216,0.6895372693483024,0.43662160826700247,0.04686191964372965,0.00734213399827933,24337.5,8587.5
PF00271,PF00512,66,0,177.15062421618933,18.39964045879228,112.59432731325792,10.544100325950584,149.57930952191575,105.72150320304084,27.18196726964319,17.686172366262216,1.0693003801225842,0.5947815301303652,0.14567662856337624,0.01016028476497215,26600.0,8737.5
PF00271,PF00512,67,1,173.18614931922613,16.103594049842624,107.2325162422783,8.837505007290517,149.57930952191575,105.72150320304084,27.18196726964319,17.686172366262216,0.8891689396319934,0.40115503413757203,0.07288450879027036,0.006993983113017688,34612.5,8450.0
PF00271,PF00512,68,2,172.48129635688838,13.698257534195141,112.8206454120662,9.117415488994363,149.57930952191575,105.72150320304084,27.18196726964319,17.686172366262216,0.8573455698461178,0.5232695773456235,0.048926308000670195,0.00898468538581954,19887.5,9675.0
PF00271,PF00512,72,0,160.04813797076804,19.688869246639623,112.10984826863594,11.66542513404318,149.57930952191575,105.72150320304084,27.18196726964319,17.686172366262216,0.6335424937814633,0.6318740901098048,0.061267906247550206,0.009601360877449568,28712.5,9850.0
PF00271,PF00512,73,1,193.1587828294553,16.104313880457983,118.9658781524672,10.027425389587037,149.57930952191575,105.72150320304084,27.18196726964319,17.686172366262216,1.6049230855868415,0.7998919363604613,0.33861008487408745,0.021574453646520907,85775.0,9700.0
PF00271,PF00512,74,2,167.83109820023674,20.995742003423896,107.17051751198228,11.399937170067039,149.57930952191575,105.72150320304084,27.18196726964319,17.686172366262216,0.8657583561435803,0.521163797552973,0.07820394214220519,0.008811865971501095,28700.0,8612.5
PF00271,PF00512,78,0,160.2852527322746,23.217857155955233,127.99298486203244,10.0568376088206,149.57930952191575,105.72150320304084,27.18196726964319,17.686172366262216,0.7337763906081715,1.2789639758345055,0.05471828949253844,0.09670708828306995,35375.0,14050.0
PF00271,PF00512,79,1,190.43197239036647,19.18025288412975,114.36849501470628,9.845389996668434,149.57930952191575,105.72150320304084,27.18196726964319,17.686172366262216,1.5058683799974992,0.6032166009218705,0.43269761294489956,0.011977840789060173,115975.0,9912.5
PF00271,PF00512,80,2,164.510332101995,19.80785596194019,111.10201677591289,10.299629961328606,149.57930952191575,105.72150320304084,27.18196726964319,17.686172366262216,0.7646174519144907,0.5115285172826876,0.03251152432177104,0.008003694976304303,17450.0,8787.5
PF00271,PF00512,84,0,165.49513088170622,22.606190879873,126.40187487577889,9.46090965386351,149.57930952191575,105.72150320304084,27.18196726964319,17.686172366262216,0.8079300638436703,1.1849809172283599,0.05527273201877241,0.07842138667303974,29825.0,14225.0
PF00271,PF00512,85,1,180.17877217731677,18.333599918669407,119.99887761154915,8.10930611850043,149.57930952191575,105.72150320304084,27.18196726964319,17.686172366262216,1.1498217987808028,0.8330808192041189,0.12123104620216658,0.023457004011715514,39250.0,10150.0
PF00271,PF00512,86,2,170.73257917257922,15.411174573855932,107.20408376809056,9.850298240305493,149.57930952191575,105.72150320304084,27.18196726964319,17.686172366262216,0.8318225227858901,0.44869577299956603,0.040126734142623445,0.007606113663751377,20062.5,8262.5
PF00271,PF00595,12,0,167.68852784801726,16.177641892210232,89.67769770933006,10.186166655121742,149.57930952191575,87.53057527636871,27.18196726964319,17.88808620089358,0.7487151868284081,0.4699893261378293,0.02793947572957796,0.007496712558218481,23287.5,14937.5
PF00271,PF00595,13,1,158.32318230704198,22.00763726687962,89.86119513147918,11.214167197691665,149.57930952191575,87.53057527636871,27.18196726964319,17.88808620089358,0.7092013251211973,0.5121019883711677,0.036486543568608164,0.007709673895160347,24250.0,15912.5
PF00271,PF00595,14,2,159.27023336881487,20.74955395840926,86.29953501460923,10.451066047920838,149.57930952191575,87.53057527636871,27.18196726964319,17.88808620089358,0.6783869335650343,0.47604013470814693,0.03335313955411299,0.008308092660940498,27325.0,14075.0
PF00271,PF00595,18,0,169.71429842032384,19.845286783151693,91.39169499035368,10.620651210651783,149.57930952191575,87.53057527636871,27.18196726964319,17.88808620089358,0.8540716623895898,0.5054920338708205,0.0879847942500406,0.00837702998578037,38700.0,16025.0
PF00271,PF00595,19,1,155.64867244378314,20.74971550154604,86.58382169142904,10.6556738344998,149.57930952191575,87.53057527636871,27.18196726964319,17.88808620089358,0.5942281414498508,0.4850316062485473,0.04540290086399176,0.007618068189073941,40000.0,13625.0
PF00271,PF00595,20,2,155.27586324608,23.473438323228322,87.56930891026295,10.27476013442642,149.57930952191575,87.53057527636871,27.18196726964319,17.88808620089358,0.6985612763685839,0.466190215378434,0.032066433875949,0.008798696490974912,26937.5,15012.5
PF00271,PF00595,24,0,165.49360659731553,20.80967198724635,90.76806774980203,10.033335427752725,149.57930952191575,87.53057527636871,27.18196726964319,17.88808620089358,0.7748696707207438,0.46814817710953394,0.05301491642792711,0.007025905406854304,31262.5,15000.0
PF00271,PF00595,25,1,165.57130362231015,18.11145884186993,90.74067652141274,9.79456119031244,149.57930952191575,87.53057527636871,27.18196726964319,17.88808620089358,0.7076406608576359,0.4603655701994495,0.032828351376786025,0.009431907132624777,34862.5,16450.0
PF00271,PF00595,26,2,165.5504197730271,20.76107142728815,91.77751994070812,12.40996441633987,149.57930952191575,87.53057527636871,27.18196726964319,17.88808620089358,0.8050234156938291,0.5790928659218288,0.03805123429536184,0.00961378109464771,24150.0,16525.0
PF00271,PF00595,30,0,154.30759192127974,19.626358552507458,92.61452108037196,9.706036621356397,149.57930952191575,87.53057527636871,27.18196726964319,17.88808620089358,0.5822076886640251,0.4694948630785116,0.04566387786437323,0.008874223506442404,27887.5,15850.0
PF00271,PF00595,31,1,148.44065474605017,17.976542797103203,99.14838929516219,9.99161832119098,149.57930952191575,87.53057527636871,27.18196726964319,17.88808620089358,0.5231089807600086,0.7228498566184633,0.013306831510653252,0.017555518860176852,18287.5,19450.0
PF00271,PF00595,32,2,154.0551843092104,23.12254406088036,88.31210492511404,10.521162826214319,149.57930952191575,87.53057527636871,27.18196726964319,17.88808620089358,0.6834609963568322,0.47397716634332354,0.03490577071096223,0.008460417450758477,25287.5,15275.0
PF00271,PF00595,36,0,145.26816970874512,15.823900701235361,90.08531417505188,10.123247512738695,149.57930952191575,87.53057527636871,27.18196726964319,17.88808620089358,0.493562314205152,0.45075478582754885,0.018827653998095627,0.006859044854921498,20337.5,14062.5
PF00271,PF00595,37,1,165.8820036690908,14.733397049229653,96.79431414881994,9.459084707591183,149.57930952191575,87.53057527636871,27.18196726964319,17.88808620089358,0.6708364761558223,0.601161023752895,0.0175360611564462,0.014480890087980338,21737.5,22375.0
PF00271,PF00595,38,2,157.2927457963095,21.21503320144718,91.29299368960007,12.338751898345244,149.57930952191575,87.53057527636871,27.18196726964319,17.88808620089358,0.6683612260294787,0.5819543965800569,0.023658875851649767,0.01020457623488318,21912.5,17112.5
PF00271,PF00595,42,0,156.83783121360642,18.13041398508977,94.1129148029716,12.345445212062494,149.57930952191575,87.53057527636871,27.18196726964319,17.88808620089358,0.5507427289900272,0.6160130334048491,0.01995800143677444,0.01460996941502303,22900.0,19437.5
PF00271,PF00595,43,1,180.77621175819007,18.62610231398657,90.79241135433044,10.870967775096005,149.57930952191575,87.53057527636871,27.18196726964319,17.88808620089358,1.1857144357997975,0.510175907895779,0.3008254236392722,0.00903087606560333,51387.5,16900.0
PF00271,PF00595,44,2,164.02367909307569,21.715098562237635,88.50141905126968,10.623780339002222,149.57930952191575,87.53057527636871,27.18196726964319,17.88808620089358,0.8011465156286657,0.46734600174951807,0.047801222432137004,0.007084271108786158,21400.0,14700.0
PF00271,PF00595,48,0,160.45354355189477,17.421858020779712,111.62279088629211,11.163389441360838,149.57930952191575,87.53057527636871,27.18196726964319,17.88808620089358,0.6033124487731376,1.3555986660912105,0.017132012062951542,0.14183584328838555,19500.0,32637.5
PF00271,PF00595,49,1,152.48913157894293,16.86969643143602,92.60988301463958,9.559096780550165,149.57930952191575,87.53057527636871,27.18196726964319,17.88808620089358,0.4640930395381511,0.4820859686672858,0.027584995179029886,0.008023355144610217,34462.5,20687.5
PF00271,PF00595,50,2,150.13167796170504,21.08925243319436,104.96235116511167,10.142214822754633,149.57930952191575,87.53057527636871,27.18196726964319,17.88808620089358,0.6583581562786887,0.9878867350737213,0.02219267185635754,0.05538123066892509,19562.5,21412.5
PF00271,PF00595,54,0,149.44477286472875,20.180628797457516,86.52537456756251,15.04221097214751,149.57930952191575,87.53057527636871,27.18196726964319,17.88808620089358,0.5805484940112672,0.7103459113721852,0.026746481538786688,0.013554590411825709,26500.0,16850.0
PF00271,PF00595,55,1,182.47809482682754,20.35492202552205,104.51476046839805,9.352524250932824,149.57930952191575,87.53057527636871,27.18196726964319,17.88808620089358,1.2739601246117922,0.965873245869454,0.33410185916600527,0.0491129587637247,60075.0,23112.5
PF00271,PF00595,56,2,158.68203976813663,21.698350125537996,96.14451341659715,12.15748796065122,149.57930952191575,87.53057527636871,27.18196726964319,17.88808620089358,0.721303018277406,0.6998962466154928,0.025557876782942877,0.02013755612136479,19250.0,16950.0
PF00271,PF00595,60,0,170.69428437122613,23.027729687122644,98.03615056480702,10.455526803898614,149.57930952191575,87.53057527636871,27.18196726964319,17.88808620089358,0.9553473475332265,0.6742699497478317,0.22134332301548393,0.01272144655922815,39050.0,19212.5
PF00271,PF00595,61,1,159.495013551196,17.341988373291425,107.12177136455165,10.600509342432352,149.57930952191575,87.53057527636871,27.18196726964319,17.88808620089358,0.5546359353544409,1.1114334498858232,0.03401527022527266,0.08145603435112386,37137.5,24675.0
PF00271,PF00595,62,2,173.01776879839247,17.392791227274667,94.11655331969803,10.585647999934734,149.57930952191575,87.53057527636871,27.18196726964319,17.88808620089358,0.9376842826800583,0.5419433368722619,0.09768190517925944,0.012507893723819427,27762.5,19000.0
PF00271,PF00595,66,0,182.38332939779477,16.1675059379047,93.89896092605736,10.3324287402208,149.57930952191575,87.53057527636871,27.18196726964319,17.88808620089358,1.2222181535070316,0.5472756203656851,0.22018557788990903,0.01418413954866226,31362.5,18012.5
PF00271,PF00595,67,1,179.46452826179103,17.851697912546676,97.48855309998737,10.854393723539197,149.57930952191575,87.53057527636871,27.18196726964319,17.88808620089358,1.1419101301725467,0.6707023883860785,0.22019098281509789,0.020998199677597737,41025.0,17000.0
PF00271,PF00595,68,2,168.17059398281336,21.479328660761134,94.26262547635096,12.310186741860878,149.57930952191575,87.53057527636871,27.18196726964319,17.88808620089358,0.8716869833940291,0.6232365526425693,0.04458672488404559,0.018799523045527865,20487.5,18537.5
PF00271,PF00595,72,0,168.39726917033397,14.198390920579996,100.60113538814501,9.129416857937297,149.57930952191575,87.53057527636871,27.18196726964319,17.88808620089358,0.7341562648484279,0.7752531364579295,0.02358948168608461,0.026594312044104687,21475.0,17287.5
PF00271,PF00595,73,1,198.99826196875708,13.797617695489503,103.0587808477737,11.528605012596195,149.57930952191575,87.53057527636871,27.18196726964319,17.88808620089358,1.8185140198702596,0.8878357311321219,0.6151553019258178,0.08388360070051266,101150.0,44062.5
PF00271,PF00595,74,2,156.32518403423543,20.492288497295082,100.92170268475543,10.104075359475933,149.57930952191575,87.53057527636871,27.18196726964319,17.88808620089358,0.6358300129157315,0.7922591654373092,0.03655661388490997,0.03543478027175323,19850.0,18025.0
PF00271,PF00595,78,0,175.23377586743817,16.841273760381767,101.63899946165769,9.378680213597892,149.57930952191575,87.53057527636871,27.18196726964319,17.88808620089358,0.9909157331528137,0.8175682769312462,0.12431237646933672,0.03452767287775357,35825.0,19975.0
PF00271,PF00595,79,1,190.37819027661837,17.315630227183046,110.23833247158451,8.813748233879194,149.57930952191575,87.53057527636871,27.18196726964319,17.88808620089358,1.5104887042067685,1.270527866035881,0.41278894891069146,0.13868441381771082,68487.5,28250.0
PF00271,PF00595,80,2,157.38970176624014,24.44847914479236,96.70698733880081,10.478222479971686,149.57930952191575,87.53057527636871,27.18196726964319,17.88808620089358,0.8125061397333545,0.6378470665949851,0.051807492404855944,0.016389312937696326,19725.0,16825.0
PF00271,PF00595,84,0,182.83976150835792,16.228691490134388,107.44266642540656,11.569313213050387,149.57930952191575,87.53057527636871,27.18196726964319,17.88808620089358,1.254821354448665,1.125617795464776,0.21222621285163623,0.12785925340693002,31775.0,30750.0
PF00271,PF00595,85,1,170.3320202117588,22.05286426841866,120.53591967831058,9.436189344429788,149.57930952191575,87.53057527636871,27.18196726964319,17.88808620089358,0.8951788328929631,1.8451020434088212,0.15261050982916816,0.5569478364352964,45412.5,69425.0
PF00271,PF00595,86,2,168.806091984768,16.275347912612077,100.57059212892837,9.333502320983653,149.57930952191575,87.53057527636871,27.18196726964319,17.88808620089358,0.7915696807372307,0.769473035319077,0.02975133977827495,0.044869291029695,21600.0,19400.0
PF00397,PF02518,12,0,34.17878927770562,5.900234709123277,193.75020063275144,14.967763634628822,34.45049111539599,186.84189492033835,7.292449697522858,26.052863003717928,0.6799559003241222,0.5145170116101765,0.014595046474982241,0.007638496191294705,20087.5,9687.5
PF00397,PF02518,13,1,35.45153778682164,6.7199322929386405,207.81073854364877,13.589629410361344,34.45049111539599,186.84189492033835,7.292449697522858,26.052863003717928,0.7083223145014843,0.8250126416189281,0.016223737876907434,0.019686910283974755,29612.5,12225.0
PF00397,PF02518,14,2,33.31740536954427,5.9291686750469585,202.38522591088713,14.468890111243946,34.45049111539599,186.84189492033835,7.292449697522858,26.052863003717928,0.6694922397470809,0.678576567961953,0.012145016246012665,0.012159436315726685,22162.5,11625.0
PF00397,PF02518,18,0,35.717899669600904,6.434397848894768,191.84484311342877,14.462664062706395,34.45049111539599,186.84189492033835,7.292449697522858,26.052863003717928,0.715414721516323,0.46474812305688196,0.013928654010556471,0.008378667027109777,20200.0,10075.0
PF00397,PF02518,19,1,36.381597347612285,5.592574655099806,207.95055581446252,15.004681818607738,34.45049111539599,186.84189492033835,7.292449697522858,26.052863003717928,0.6449796055629724,0.8327614960162799,0.013092235895974094,0.019994825924970653,17750.0,14675.0
PF00397,PF02518,20,2,32.835866455405124,6.178245687454968,196.08066878390812,15.78961399637537,34.45049111539599,186.84189492033835,7.292449697522858,26.052863003717928,0.7163573737700581,0.5672307920129067,0.014793956839491354,0.008219882467319061,17637.5,10837.5
PF00397,PF02518,24,0,37.165874616997385,7.03356310517323,200.64682476774698,12.807647739089113,34.45049111539599,186.84189492033835,7.292449697522858,26.052863003717928,0.8340198362316318,0.5909200153176286,0.016483929171802497,0.010774814336571409,20075.0,11512.5
PF00397,PF02518,25,1,41.368352278177746,5.69811803598982,209.53899463070874,15.023509288920017,34.45049111539599,186.84189492033835,7.292449697522858,26.052863003717928,0.9909391636982852,0.9076822057081196,0.027494325496222983,0.024817685309233894,24775.0,15862.5
PF00397,PF02518,26,2,42.81599376433478,5.123929601717809,204.72208019082925,15.623043092890022,34.45049111539599,186.84189492033835,7.292449697522858,26.052863003717928,1.1751244031480548,0.7520130027664927,0.06144979930674074,0.014683536018443575,35675.0,12175.0
PF00397,PF02518,30,0,40.53207219249392,6.458881148117598,189.79532986103538,14.929515453595341,34.45049111539599,186.84189492033835,7.292449697522858,26.052863003717928,0.977893477918611,0.44964953174312006,0.02032476885566966,0.007340199103387533,26587.5,9575.0
PF00397,PF02518,31,1,43.743124784664275,7.188214334153941,209.10161073301435,13.930065328422257,34.45049111539599,186.84189492033835,7.292449697522858,26.052863003717928,1.3219397211121702,0.8791952156246916,0.05981667439684335,0.021775741782672938,45325.0,13700.0
PF00397,PF02518,32,2,38.688312987118486,5.187683335002545,204.87063035064742,15.605697781153902,34.45049111539599,186.84189492033835,7.292449697522858,26.052863003717928,0.736519832841048,0.7671869366180596,0.018415813659274517,0.015698575504495937,20925.0,12012.5
PF00397,PF02518,36,0,39.76160755211822,5.856026758064714,202.76456776778235,16.478652627572316,34.45049111539599,186.84189492033835,7.292449697522858,26.052863003717928,0.8974991268395323,0.7231657531200534,0.025881952685568175,0.01311182933992931,32412.5,12125.0
PF00397,PF02518,37,1,35.768226645168454,5.869164905908321,196.3494539749763,15.465700270253748,34.45049111539599,186.84189492033835,7.292449697522858,26.052863003717928,0.6285647857204609,0.5579369104664715,0.010775277509007895,0.008540568459995844,14537.5,10600.0
PF00397,PF02518,38,2,46.48492924738613,5.404138539578167,199.09671166262902,13.903580908068744,34.45049111539599,186.84189492033835,7.292449697522858,26.052863003717928,1.6503123632276484,0.5916613435267241,0.2631961808268861,0.012827095863257289,57425.0,11087.5
PF00397,PF02518,42,0,43.662161419141164,4.99164340463607,195.553208711526,14.319429853300711,34.45049111539599,186.84189492033835,7.292449697522858,26.052863003717928,1.274792047398349,0.5276955878596007,0.10342417107946694,0.008270029141707809,42212.5,10612.5
PF00397,PF02518,43,1,41.36483926609692,5.099396824198498,209.36514365182717,14.187469370416675,34.45049111539599,186.84189492033835,7.292449697522858,26.052863003717928,0.9773965587834303,0.8899468465991768,0.026978252422547973,0.019453583302274462,27275.0,12875.0
PF00397,PF02518,44,2,41.98241042458636,6.661806958877536,205.9011030931815,13.860949567161937,34.45049111539599,186.84189492033835,7.292449697522858,26.052863003717928,1.2081194223793486,0.7593062104993368,0.07325272785842347,0.01642350802677417,39762.5,12075.0
PF00397,PF02518,48,0,40.14576074654861,6.7945408874430715,195.6935807452579,16.02942467755845,34.45049111539599,186.84189492033835,7.292449697522858,26.052863003717928,0.9548324036770355,0.570932459517095,0.035295203322202165,0.008799855640447512,32525.0,10687.5
PF00397,PF02518,49,1,40.05041861882289,5.640854060804912,211.8397424527651,14.351270763795748,34.45049111539599,186.84189492033835,7.292449697522858,26.052863003717928,0.9090052195336037,0.9696712484973734,0.02247819399091983,0.03461387215912137,22875.0,15025.0
PF00397,PF02518,50,2,44.56584534541978,5.158213452511814,203.05833179970935,13.832279195365967,34.45049111539599,186.84189492033835,7.292449697522858,26.052863003717928,1.3974211468920694,0.686315532663769,0.16905226249762229,0.01586850168667344,52887.5,11887.5
PF00397,PF02518,54,0,37.55115369917336,6.544173401891503,197.40179880174276,15.720654510277578,34.45049111539599,186.84189492033835,7.292449697522858,26.052863003717928,0.7837930095810332,0.5804240054252486,0.015676547302134473,0.00913351224511414,21575.0,11587.5
PF00397,PF02518,55,1,43.69178351515188,6.00339752427571,225.20942232229368,13.477875739288283,34.45049111539599,186.84189492033835,7.292449697522858,26.052863003717928,1.3098678230879852,1.4752332744377998,0.09559854793029629,0.1931522238302881,47700.0,23175.0
PF00397,PF02518,56,2,46.467069920792184,5.808826175221572,208.6599867047249,16.291949659889873,34.45049111539599,186.84189492033835,7.292449697522858,26.052863003717928,1.6573817621290965,0.8831802098234982,0.19484934261611053,0.02521149667162388,69687.5,14725.0
PF00397,PF02518,60,0,37.26337833593906,4.070570227458823,192.56635778180774,15.494552326173457,34.45049111539599,186.84189492033835,7.292449697522858,26.052863003717928,0.56256518060657,0.49990486277589796,0.013620470286575283,0.007829530019441268,16025.0,9775.0
PF00397,PF02518,61,1,45.492131450224605,6.304228201868014,217.13466505348646,13.903951318650412,34.45049111539599,186.84189492033835,7.292449697522858,26.052863003717928,1.5339703584912423,1.1702076805263473,0.16382383211874132,0.06461973673058526,54500.0,20112.5
PF00397,PF02518,62,2,45.84377137017632,5.47366069023925,206.9713485454144,16.93625780162165,34.45049111539599,186.84189492033835,7.292449697522858,26.052863003717928,1.5778743269987086,0.8320670498018643,0.22251406476400806,0.017448797014525917,70600.0,13862.5
PF00397,PF02518,66,0,43.99715622558156,5.37133009129033,206.2405340242284,14.812819185378652,34.45049111539599,186.84189492033835,7.292449697522858,26.052863003717928,1.3263787515040415,0.8013529299855924,0.09689989051824968,0.012789551894772449,37100.0,11825.0
PF00397,PF02518,67,1,51.87114817164785,5.085046338705457,210.33471572693244,15.847739255269818,34.45049111539599,186.84189492033835,7.292449697522858,26.052863003717928,2.3888621490484083,0.9247262451433323,0.8437372756785015,0.028542183387126246,156762.5,12787.5
PF00397,PF02518,68,2,37.09460978667772,5.923457076780443,210.66013309981446,13.797561683901742,34.45049111539599,186.84189492033835,7.292449697522858,26.052863003717928,0.6830398069873612,0.9350196803746016,0.018461930813654978,0.029573962033860014,26262.5,14912.5
PF00397,PF02518,72,0,46.91723096072575,5.366037884000643,210.31275452194234,15.678132820401164,34.45049111539599,186.84189492033835,7.292449697522858,26.052863003717928,1.718852439262132,0.9293559843224891,0.3465187630961608,0.02929271183367087,68375.0,14175.0
PF00397,PF02518,73,1,47.84778833103155,5.735332067238775,212.6817377503047,13.49730461626522,34.45049111539599,186.84189492033835,7.292449697522858,26.052863003717928,1.8372542994427619,0.9986645039046114,0.18117765307124414,0.040335969160702125,58787.5,14350.0
PF00397,PF02518,74,2,40.33201625309107,5.471226573052796,186.33214568796097,15.50740090973029,34.45049111539599,186.84189492033835,7.292449697522858,26.052863003717928,0.9146679901002365,0.48917808782080274,0.021145635238792065,0.007995506214122611,24537.5,10125.0
PF00397,PF02518,78,0,45.60013483110224,5.4686402926281446,218.48843058898117,13.75492676571045,34.45049111539599,186.84189492033835,7.292449697522858,26.052863003717928,1.5343478231867917,1.2153195290385412,0.23643398548657552,0.07881223387901472,58762.5,17937.5
PF00153,PF02518,12,0,91.74806896321628,13.75656978302067,186.92070777362997,15.59669866539737,92.55486889551554,186.84189492033835,25.61876806220977,26.052863003717928,0.42173887391743553,0.48837737577556806,0.0164066891711557,0.00890813290964149,22000.0,11375.0
PF00153,PF02518,13,1,93.44604409891033,13.516727757831847,198.08805088274255,14.248453002337603,92.55486889551554,186.84189492033835,25.61876806220977,26.052863003717928,0.41359399099260696,0.5754168894867078,0.014859807644932993,0.010272398463840107,23775.0,13575.0
PF00153,PF02518,14,2,94.03033131781942,12.67595111872506,199.06045291166777,15.660874552541175,92.55486889551554,186.84189492033835,25.61876806220977,26.052863003717928,0.40969007024378185,0.6147645772857974,0.014332914484752556,0.009990328764944056,21850.0,13275.0
PF00153,PF02518,18,0,95.13248027853471,14.353988191438322,189.4657320867132,15.557957911623907,92.55486889551554,186.84189492033835,25.61876806220977,26.052863003717928,0.45182078490876343,0.48053783620509416,0.01698706263484536,0.007699288914688991,24662.5,11937.5
PF00153,PF02518,19,1,97.02114671231352,12.949871497725825,196.61667705359264,14.376625827097223,92.55486889551554,186.84189492033835,25.61876806220977,26.052863003717928,0.42684203905745105,0.5164934634201308,0.016983454844002068,0.010561687498269315,25262.5,14687.5
PF00153,PF02518,20,2,93.24124476604267,14.46361578409794,191.62173791208738,15.200925799473133,92.55486889551554,186.84189492033835,25.61876806220977,26.052863003717928,0.44227384587073987,0.4771553787191822,0.016233739227163348,0.008384681191761882,21875.0,12400.0
PF00153,PF02518,24,0,94.0935948142923,12.88886525828588,193.69608067870118,15.383696166802313,92.55486889551554,186.84189492033835,25.61876806220977,26.052863003717928,0.40333908327883533,0.5260586468773567,0.013637597806940911,0.00962330693346225,23062.5,13262.5
PF00153,PF02518,25,1,93.63706916027668,14.150846577308059,198.40015052525828,15.321858281749233,92.55486889551554,186.84189492033835,25.61876806220977,26.052863003717928,0.44454087154686944,0.5879684435746398,0.014022405079639658,0.009586830744429542,25412.5,13625.0
PF00153,PF02518,26,2,95.56696864553567,13.093712615305815,197.47683894278768,15.418418523040701,92.55486889551554,186.84189492033835,25.61876806220977,26.052863003717928,0.42593398005851557,0.565164726140924,0.016123132171149815,0.010656789730301758,23087.5,13425.0
PF00153,PF02518,30,0,99.43030491677128,11.93334761154771,196.53429687430724,14.07100093424835,92.55486889551554,186.84189492033835,25.61876806220977,26.052863003717928,0.437467491156186,0.536791453553866,0.023771071739251567,0.010396825004202595,25000.0,13712.5
PF00153,PF02518,31,1,94.5607604543699,13.619204021739574,197.8703766359831,14.4548826542854,92.55486889551554,186.84189492033835,25.61876806220977,26.052863003717928,0.4364018445486021,0.5519897018454158,0.013726707507513005,0.00971197261419107,20550.0,13400.0
PF00153,PF02518,32,2,98.47428589691091,13.515686616291665,201.78464283919013,15.271171355568233,92.55486889551554,186.84189492033835,25.61876806220977,26.052863003717928,0.4393003622911921,0.6710173733486191,0.02051782381484479,0.011278112187539636,24175.0,13050.0
PF00153,PF02518,36,0,97.38288176701035,12.285083066523413,198.40240814757132,16.001326099605485,92.55486889551554,186.84189492033835,25.61876806220977,26.052863003717928,0.38737182359245537,0.6159885281016689,0.016124135749575254,0.010826669654084124,26500.0,14125.0
PF00153,PF02518,37,1,100.33696852395998,12.359612206453491,197.39813083524757,14.951611101671974,92.55486889551554,186.84189492033835,25.61876806220977,26.052863003717928,0.4705965522924005,0.5658283468550209,0.02801736571163781,0.008932157445984228,24612.5,12687.5
PF00153,PF02518,38,2,99.58865222936812,12.730745654628535,196.9579756606264,17.12172840296184,92.55486889551554,186.84189492033835,25.61876806220977,26.052863003717928,0.45801846012470343,0.5988321372638951,0.019386603663942722,0.009990903883642733,23775.0,13037.5
PF00153,PF02518,42,0,96.92851953568645,14.901046458865572,205.75009227102615,15.20592578428974,92.55486889551554,186.84189492033835,25.61876806220977,26.052863003717928,0.49609557811255944,0.7902839504377477,0.015704821543487152,0.017370606266607583,23850.0,16750.0
PF00153,PF02518,43,1,102.58492627060409,10.141652945673407,198.0366147719042,14.547925878975779,92.55486889551554,186.84189492033835,25.61876806220977,26.052863003717928,0.45794271442387796,0.5751989598938698,0.022588584069775253,0.010170853630336535,21275.0,14637.5
PF00153,PF02518,44,2,101.21989584439514,15.520342891683912,195.57465003238786,14.514736709312393,92.55486889551554,186.84189492033835,25.61876806220977,26.052863003717928,0.5686497212685256,0.520820104697752,0.03158468028114047,0.009970045937949298,24837.5,13500.0
PF00153,PF02518,48,0,98.34625417798019,16.323808782279922,201.52692992604906,16.799245020244307,92.55486889551554,186.84189492033835,25.61876806220977,26.052863003717928,0.550056251944394,0.7084195551809518,0.05427011793080136,0.013998689610308541,30400.0,15687.5
PF00153,PF02518,49,1,116.41774948492984,15.487429411203234,211.7391029212821,15.145807773268018,92.55486889551554,186.84189492033835,25.61876806220977,26.052863003717928,0.9880861977791414,0.9815496710805544,0.2845541880610104,0.029596054350104962,46750.0,18212.5
PF00153,PF02518,50,2,104.46389612973137,15.383929755630334,197.8881694966081,15.984154311653237,92.55486889551554,186.84189492033835,25.61876806220977,26.052863003717928,0.6128419097761262,0.6183493581652243,0.07812514273245702,0.009215772371334023,30375.0,13825.0
PF00153,PF02518,54,0,107.80369622797004,12.530271058473751,195.8901473357196,15.898438362748694,92.55486889551554,186.84189492033835,25.61876806220977,26.052863003717928,0.6509184805456287,0.565824383509112,0.062131338528659555,0.010629895124472205,23075.0,14500.0
PF00153,PF02518,55,1,101.73295452212474,13.438490181625783,205.93655918054225,14.858620619118094,92.55486889551554,186.84189492033835,25.61876806220977,26.052863003717928,0.5079315802169506,0.7751306571385908,0.040050849311255556,0.01747385065043627,27062.5,15887.5
PF00153,PF02518,56,2,101.06483257931137,16.746913611445038,200.46031543782837,15.292565625263121,92.55486889551554,186.84189492033835,25.61876806220977,26.052863003717928,0.6200865728883691,0.6511051805108107,0.07396819431475528,0.010144462889160641,26450.0,13100.0
PF00153,PF02518,60,0,113.26080662000594,14.542252077199716,207.15917147652684,17.70387976967148,92.55486889551554,186.84189492033835,25.61876806220977,26.052863003717928,0.874293417364031,0.8593840647459394,0.15899746698785466,0.02248818741956688,34150.0,16475.0
PF00153,PF02518,61,1,115.47063077191017,14.466586889948127,209.3287614096319,14.687856470420366,92.55486889551554,186.84189492033835,25.61876806220977,26.052863003717928,0.9365310740898022,0.8988600438216088,0.18546506235485327,0.04031784374194772,39600.0,18175.0
PF00153,PF02518,62,2,100.83796003742555,16.427533652066362,194.23314608345598,16.213234720216136,92.55486889551554,186.84189492033835,25.61876806220977,26.052863003717928,0.588112048989336,0.5446131273660957,0.04201066244210213,0.00884065473907899,23087.5,13050.0
PF00153,PF02518,66,0,112.17339521363036,15.095936017864053,215.103425586729,15.919073580284953,92.55486889551554,186.84189492033835,25.61876806220977,26.052863003717928,0.8273733388775131,1.0962742042763267,0.13724778150352737,0.04843398022724477,35800.0,20237.5
PF00153,PF02518,67,1,109.7575930293238,14.529594877099981,207.19220423464517,13.23293179925139,92.55486889551554,186.84189492033835,25.61876806220977,26.052863003717928,0.7426123242682295,0.8079242268571085,0.1583076008332356,0.020319691567676976,41712.5,18100.0
PF00153,PF02518,68,2,98.37160220138858,13.698986847350376,209.16640489425194,15.658752109391532,92.55486889551554,186.84189492033835,25.61876806220977,26.052863003717928,0.48064810809354064,0.8916017962246156,0.027844994497818156,0.027507454688100424,23887.5,16875.0
PF00153,PF02518,72,0,106.8757909752258,13.592159118590782,211.89137528873485,14.751956148243938,92.55486889551554,186.84189492033835,25.61876806220977,26.052863003717928,0.6492566977428124,0.9875014045318059,0.05231058076902822,0.03192286609174079,25962.5,17087.5
PF00153,PF02518,73,1,107.46928664084444,13.837872844537038,207.98105047297932,15.773085629788758,92.55486889551554,186.84189492033835,25.61876806220977,26.052863003717928,0.6653570963133829,0.8657311571416976,0.09187095942256768,0.025506576928044148,29687.5,18200.0
PF00153,PF02518,74,2,95.80478793373652,15.231457718737007,194.4954859314403,14.701207012759776,92.55486889551554,186.84189492033835,25.61876806220977,26.052863003717928,0.4918380568776745,0.49606860197261343,0.04070069210556701,0.0076082376676398665,25137.5,12562.5
PF00153,PF02518,78,0,98.92423295027253,13.599765376447886,217.26994162119163,15.161840951320265,92.55486889551554,186.84189492033835,25.61876806220977,26.052863003717928,0.4572667576142382,1.1722462183458495,0.028836742801446963,0.058092675106304476,28075.0,21850.0
PF00153,PF02518,79,1,105.2236569221659,19.02106208721051,221.4175302237763,14.198192542456368,92.55486889551554,186.84189492033835,25.61876806220977,26.052863003717928,0.727000936417252,1.3289939836676035,0.11888577107614298,0.13215653348150241,45350.0,29437.5
PF00153,PF02518,80,2,106.36875122786542,13.03567236316609,200.03566559606273,15.551674051129408,92.55486889551554,186.84189492033835,25.61876806220977,26.052863003717928,0.6251869133666278,0.6448555685132841,0.06399618699870709,0.009477551316000504,28237.5,12787.5
PF00153,PF02518,84,0,97.82012670552369,20.243420818720658,217.63015265698698,14.032384322364885,92.55486889551554,186.84189492033835,25.61876806220977,26.052863003717928,0.679190946313353,1.1866603466824397,0.05400846077387058,0.05999700968099584,30062.5,20275.0
PF00153,PF02518,85,1,112.18749740946768,10.214291069811281,217.01256528003344,12.588084591241742,92.55486889551554,186.84189492033835,25.61876806220977,26.052863003717928,0.7776735937298908,1.1585912948088675,0.1352429075304299,0.0774122695116248,27687.5,22687.5
PF00153,PF02518,86,2,108.34565737271241,11.556680996267511,191.1919465541683,14.315772778907695,92.55486889551554,186.84189492033835,25.61876806220977,26.052863003717928,0.6545604591366353,0.44555467460963755,0.07967476097456953,0.008920701932922933,32450.0,12900.0
PF00271,PF07679,12,0,163.5223251504251,18.365487256855655,68.34963262237994,10.988796555260885,149.57930952191575,63.66128339025547,27.18196726964319,19.078484146135715,0.7104185233758372,0.5034133613651457,0.02208906851383416,0.009695621998473604,21812.5,13987.5
PF00271,PF07679,13,1,157.7186793478426,17.991675761525354,71.9880539606991,9.451390957413553,149.57930952191575,63.66128339025547,27.18196726964319,19.078484146135715,0.5863688593778893,0.5265278314446147,0.01814568457394138,0.012289068795280585,22150.0,15775.0
PF00271,PF07679,14,2,161.69350389668415,23.497747353481707,64.47122257927751,15.329359634109702,149.57930952191575,63.66128339025547,27.18196726964319,19.078484146135715,0.7866689951353943,0.6422286487088189,0.06113035210066399,0.01239596991156747,27937.5,13225.0
PF00271,PF07679,18,0,150.4472920729453,18.23653088775765,67.47488632932665,12.13542776719363,149.57930952191575,63.66128339025547,27.18196726964319,19.078484146135715,0.5386027848649926,0.5335145319873775,0.019298465609972018,0.009298709127519919,24825.0,13425.0
PF00271,PF07679,19,1,161.33761849579628,17.970051201855565,73.0154293164421,10.64430573666846,149.57930952191575,63.66128339025547,27.18196726964319,19.078484146135715,0.6291119716063583,0.6073792272898672,0.018275506635192052,0.014831720587749642,28037.5,15212.5
PF00271,PF07679,20,2,163.82988542839294,21.755407276290832,73.27962086630042,10.913396898284836,149.57930952191575,63.66128339025547,27.18196726964319,19.078484146135715,0.7842376956689742,0.6407430825708639,0.036917097424818725,0.01815485526323396,26900.0,16325.0
PF00271,PF07679,24,0,150.71919251128517,19.823482188598362,65.17012890207451,12.027175702886035,149.57930952191575,63.66128339025547,27.18196726964319,19.078484146135715,0.6049155595968119,0.5020039325533824,0.013509224244624555,0.009712401633508982,17587.5,12775.0
PF00271,PF07679,25,1,169.47417440631608,19.47274093539551,73.92196154823354,11.106830127763379,149.57930952191575,63.66128339025547,27.18196726964319,19.078484146135715,0.8536661945764474,0.685130716080888,0.04605287890000099,0.02279689139273451,31387.5,16200.0
PF00271,PF07679,26,2,172.42110936886365,18.545573481149475,72.35391856452645,9.12376312845172,149.57930952191575,63.66128339025547,27.18196726964319,19.078484146135715,0.9405934752438122,0.5445260252960398,0.06791573723002359,0.013119289371677324,24712.5,14912.5
PF00271,PF07679,30,0,160.04394284128577,20.401325941477737,70.50158815224994,11.545832806650008,149.57930952191575,63.66128339025547,27.18196726964319,19.078484146135715,0.6631212515820079,0.5721333537033404,0.03127005017912312,0.011617378075164862,27350.0,14075.0
PF00271,PF07679,31,1,154.0869219284137,21.879693635754222,80.06798876463272,11.464906284868178,149.57930952191575,63.66128339025547,27.18196726964319,19.078484146135715,0.6811124110164408,0.9184949961357876,0.02161175536442761,0.06668147722522905,24962.5,23212.5
PF00271,PF07679,32,2,177.07257898902736,15.875796399653835,69.28711163653423,12.575457509515855,149.57930952191575,63.66128339025547,27.18196726964319,19.078484146135715,1.0505982754433925,0.571189600910544,0.13421463171900236,0.014762394877725914,31862.5,14537.5
PF00271,PF07679,36,0,149.1640048513048,18.34712899574375,73.43084163523231,9.80921939030241,149.57930952191575,63.66128339025547,27.18196726964319,19.078484146135715,0.5522547425737592,0.5921440419694152,0.015944272149445174,0.013813468312723858,20862.5,15250.0
PF00271,PF07679,37,1,154.07567418208157,18.53844720509062,90.93924630370334,8.378780386899889,149.57930952191575,63.66128339025547,27.18196726964319,19.078484146135715,0.5639353524065911,1.4297762183046885,0.014845745396113106,0.36451465232366703,21387.5,50875.0
PF00271,PF07679,38,2,161.16239825076175,20.847145148703184,75.40814042776327,10.51528532555723,149.57930952191575,63.66128339025547,27.18196726964319,19.078484146135715,0.7184399467035341,0.6955843073241732,0.04174765552114387,0.028516560324071162,25900.0,17250.0
PF00271,PF07679,42,0,147.9928220978385,17.61290855386811,75.8486915872707,8.693141522586606,149.57930952191575,63.66128339025547,27.18196726964319,19.078484146135715,0.5253575649326815,0.6886770535500895,0.01721568753384524,0.020558109643987268,21762.5,16175.0
PF00271,PF07679,43,1,163.89275683235036,23.627977212871063,82.17581719451981,9.362509693435136,149.57930952191575,63.66128339025547,27.18196726964319,19.078484146135715,0.8382781458322611,0.9705510394747783,0.11303625593024492,0.11464012687768463,32887.5,31037.5
PF00271,PF07679,44,2,167.6016769488612,22.15685488287883,73.86462990246736,10.620675389873394,149.57930952191575,63.66128339025547,27.18196726964319,19.078484146135715,0.9103355193732622,0.6483376745663199,0.08664539603957103,0.016407265107525004,25275.0,15650.0
PF00271,PF07679,48,0,156.84430194981059,22.64210606035909,85.27950627005579,10.154896443950383,149.57930952191575,63.66128339025547,27.18196726964319,19.078484146135715,0.7376337119373989,1.1562049183409824,0.03467003867663194,0.14795393594203432,23825.0,23062.5
PF00271,PF07679,49,1,149.26177168888694,16.155557527510002,76.15089517194374,10.148967944158715,149.57930952191575,63.66128339025547,27.18196726964319,19.078484146135715,0.47322748983891855,0.7071688673158719,0.020277306949121218,0.02814256907424287,31900.0,15500.0
PF00271,PF07679,50,2,165.36544234310517,22.718983599066554,76.5267047456245,10.326449035544409,149.57930952191575,63.66128339025547,27.18196726964319,19.078484146135715,0.8506141483119943,0.7247208915940341,0.07497854391833353,0.040438181436600065,28625.0,17350.0
PF00271,PF07679,54,0,142.6145987582974,15.648630872870513,81.68298504970655,7.877758662756477,149.57930952191575,63.66128339025547,27.18196726964319,19.078484146135715,0.5207183003415442,0.9449879161464918,0.03326001294193118,0.11771208495501938,21775.0,24375.0
PF00271,PF07679,55,1,184.7275072928323,19.06801698778822,87.05388364841987,11.810685341008167,149.57930952191575,63.66128339025547,27.18196726964319,19.078484146135715,1.3392222814403416,1.2727243200198786,0.2893229696142565,0.23660833008946575,53100.0,30500.0
PF00271,PF07679,56,2,162.20259239631486,24.273152015194235,82.11258461078027,9.679499907429681,149.57930952191575,63.66128339025547,27.18196726964319,19.078484146135715,0.8354036080050719,0.9872639291295323,0.10105121728934162,0.07195381673894131,26500.0,24725.0
PF00271,PF07679,60,0,170.33078494481325,19.854504778913487,80.31282236983697,8.681300194262555,149.57930952191575,63.66128339025547,27.18196726964319,19.078484146135715,0.867374398527553,0.8917889745244446,0.09247556898168963,0.06456536983314605,34837.5,20150.0
PF00271,PF07679,61,1,191.891075141919,14.174601142237092,81.679463275276,8.896282426918741,149.57930952191575,63.66128339025547,27.18196726964319,19.078484146135715,1.5585583107671663,0.9508241951391255,0.42840152052751146,0.08385227110479321,70837.5,21800.0
PF00271,PF07679,62,2,180.47448208052978,14.641319433382234,78.45052331746791,10.886255076928556,149.57930952191575,63.66128339025547,27.18196726964319,19.078484146135715,1.1487105532771695,0.8394753032207458,0.1992314218598843,0.03670078536658242,35300.0,21075.0
PF00271,PF07679,66,0,167.02108937298334,18.2766355165872,77.1563886565534,10.52956069683458,149.57930952191575,63.66128339025547,27.18196726964319,19.078484146135715,0.7390002744492725,0.7898404831020346,0.08673668609179218,0.040738216558165605,30900.0,19450.0
PF00271,PF07679,67,1,191.69298937500113,14.182728662254533,87.61151332233067,10.0227732919464,149.57930952191575,63.66128339025547,27.18196726964319,19.078484146135715,1.5500881849431465,1.2672653235607703,0.40264694627350506,0.20443979293617953,78675.0,31362.5
PF00271,PF07679,68,2,170.63810073070374,19.172714364988316,80.44984568266487,9.27702031174705,149.57930952191575,63.66128339025547,27.18196726964319,19.078484146135715,0.8709281759415904,0.8882528678557847,0.06344426940625597,0.045666677723499464,29350.0,18650.0
PF00271,PF07679,72,0,177.65832079784442,17.24328029866132,74.32649721571103,11.099144353558525,149.57930952191575,63.66128339025547,27.18196726964319,19.078484146135715,1.0822482784229996,0.6734727710451167,0.18606231712506718,0.027366358742730714,34412.5,14800.0
PF00271,PF07679,73,1,188.384381463516,17.784464298604583,91.95094904785655,9.417167567176465,149.57930952191575,63.66128339025547,27.18196726964319,19.078484146135715,1.4403494851122087,1.4855592632724035,0.38640868022758895,0.3379758204579845,85175.0,39512.5
PF00271,PF07679,74,2,178.08199285523503,13.58406182594918,76.25756917901533,12.667692788725018,149.57930952191575,63.66128339025547,27.18196726964319,19.078484146135715,1.0601933874750873,0.8086722121334583,0.1466898621803007,0.04929358794859497,30387.5,21000.0
PF00271,PF07679,78,0,170.0530265665731,21.49929388746704,79.43958688481796,12.796682968141916,149.57930952191575,63.66128339025547,27.18196726964319,19.078484146135715,0.8997644590252963,0.943150702375561,0.1379562606496211,0.06353231560736458,39850.0,22312.5
PF00271,PF07679,79,1,177.68715714157975,21.67917393346001,80.69091482948285,11.893026518591322,149.57930952191575,63.66128339025547,27.18196726964319,19.078484146135715,1.0881362415817817,0.9382597561438479,0.30281334853368946,0.09398342438873619,71850.0,28662.5
PF00271,PF07679,80,2,160.3228750038044,17.321406850593306,74.94846039030084,9.940930176770841,149.57930952191575,63.66128339025547,27.18196726964319,19.078484146135715,0.6055149547600418,0.6574747049436513,0.025345297338336528,0.018202417113745272,22700.0,15650.0
PF00271,PF07679,84,0,185.4088618952928,14.328595195872893,78.78909695560455,11.41887293381508,149.57930952191575,63.66128339025547,27.18196726964319,19.078484146135715,1.323025358555664,0.8619843267413759,0.277211607198469,0.0381818151260798,42850.0,19575.0
PF00271,PF07679,85,1,167.06325942874878,22.90008632615754,82.72633539281487,11.034515893806171,149.57930952191575,63.66128339025547,27.18196726964319,19.078484146135715,0.8200898403089024,1.012704248468544,0.17274033371899591,0.12160710119938824,41625.0,24175.0
PF00271,PF07679,86,2,170.21693130449444,13.840370695982562,74.00438258434129,8.845056787330401,149.57930952191575,63.66128339025547,27.18196726964319,19.078484146135715,0.7875742363974453,0.602201888318231,0.04477965165189754,0.016035241579624174,26300.0,15375.0
PF00512,PF00595,12,0,109.31525145419931,9.884696658388924,89.11662988471217,11.159263988405828,105.72150320304084,87.53057527636871,17.686172366262216,17.88808620089358,0.48200866245269564,0.49440255733265387,0.007454786097393875,0.007934747773535044,8487.5,13400.0
PF00512,PF00595,13,1,111.8673757246029,10.070821420683888,87.99182695389541,10.289428829515705,105.72150320304084,87.53057527636871,17.686172366262216,17.88808620089358,0.5204623772630637,0.4672998534724277,0.007529935354464428,0.006964097479025517,8725.0,12637.5
PF00512,PF00595,14,2,104.03759659958767,9.247033637101678,86.73527572832035,9.642781314240516,105.72150320304084,87.53057527636871,17.686172366262216,17.88808620089358,0.4306051020158161,0.4375488915234824,0.007059393771812029,0.007490169393246744,7675.0,13012.5
PF00512,PF00595,18,0,106.28305627547344,9.365635682954032,88.457043950127,11.276559990934464,105.72150320304084,87.53057527636871,17.686172366262216,17.88808620089358,0.4217786053018915,0.5047211895752036,0.006350508571718141,0.008577768524035042,7650.0,13462.5
PF00512,PF00595,19,1,110.93996238437082,7.954781486256736,88.47348804379904,9.951545334010172,105.72150320304084,87.53057527636871,17.686172366262216,17.88808620089358,0.42983128772078594,0.4474950191458623,0.0071752455246301165,0.007686592755077508,8112.5,12137.5
PF00512,PF00595,20,2,111.0053525782481,8.246492761677134,89.20956388895935,10.542044976778485,105.72150320304084,87.53057527636871,17.686172366262216,17.88808620089358,0.4384991353896294,0.47139455962704696,0.00813494411643063,0.00880902588254576,8462.5,13050.0
PF00512,PF00595,24,0,114.47820042974784,10.49589357897411,94.06351913980721,10.780315486931013,105.72150320304084,87.53057527636871,17.686172366262216,17.88808620089358,0.61871105114732,0.5585583375103625,0.010566496086794688,0.008866396334271881,8950.0,14762.5
PF00512,PF00595,25,1,118.91548857563932,9.247548956738601,94.7504355995363,9.814496422853983,105.72150320304084,87.53057527636871,17.686172366262216,17.88808620089358,0.7802765810401427,0.5348831608507277,0.018503857038113844,0.011051043106066916,10250.0,15737.5
PF00512,PF00595,26,2,113.59927815002942,8.626510126356916,88.086727140591,10.938673139076695,105.72150320304084,87.53057527636871,17.686172366262216,17.88808620089358,0.5188690877082257,0.460390019136607,0.010773323254631057,0.007108543100229436,8937.5,13087.5
PF00512,PF00595,30,0,120.78388339187009,8.807745419818604,88.99725450089726,10.039345266945855,105.72150320304084,87.53057527636871,17.686172366262216,17.88808620089358,0.869434254707861,0.43492227025027874,0.03537928250932293,0.008030137300535645,11512.5,12662.5
PF00512,PF00595,31,1,116.67532033600804,9.237545426310316,94.8641820505711,10.398560770285512,105.72150320304084,87.53057527636871,17.686172366262216,17.88808620089358,0.6852636889829264,0.5633179216178077,0.013889584143336124,0.00936437254156367,9775.0,15137.5
PF00512,PF00595,32,2,109.4538919950483,9.459442661874231,93.47612181398149,10.906575780073569,105.72150320304084,87.53057527636871,17.686172366262216,17.88808620089358,0.4458156471617083,0.5436127724954554,0.008038735491175583,0.00914989794056881,8300.0,14275.0
PF00512,PF00595,36,0,114.6741542724827,8.961897986174353,89.47284936894637,9.558191492702868,105.72150320304084,87.53057527636871,17.686172366262216,17.88808620089358,0.5885667028514439,0.4391953126470122,0.01009807488783534,0.008338553964979525,9462.5,12125.0
PF00512,PF00595,37,1,117.65261735439339,8.91160092871248,103.29742365671471,12.245188888244693,105.72150320304084,87.53057527636871,17.686172366262216,17.88808620089358,0.7236252501650139,0.9540707357147988,0.022305026132225916,0.026340953064166193,11137.5,20975.0
PF00512,PF00595,38,2,104.71740721677068,9.961444414714565,86.75256228284718,14.69059820223869,105.72150320304084,87.53057527636871,17.686172366262216,17.88808620089358,0.4652356615199511,0.651271329299413,0.006877161097326445,0.01032760602630398,7700.0,13487.5
PF00512,PF00595,42,0,117.32024650549232,9.975915301198325,90.53761447410729,12.009393342614912,105.72150320304084,87.53057527636871,17.686172366262216,17.88808620089358,0.7231536562403525,0.5503360409011597,0.01702477058831986,0.009283109020791049,11300.0,14887.5
PF00512,PF00595,43,1,113.72619650611477,8.938477778048004,94.34480270554008,10.446003427302594,105.72150320304084,87.53057527636871,17.686172366262216,17.88808620089358,0.5520970922850946,0.5646146546896144,0.010115641295971952,0.009217964364374737,8875.0,14962.5
PF00512,PF00595,44,2,104.71872713160708,10.177414529063572,89.01408230685487,9.773440879610739,105.72150320304084,87.53057527636871,17.686172366262216,17.88808620089358,0.46563946298357306,0.43106988435388016,0.007130611364834492,0.008400254824614768,8012.5,13350.0
PF00512,PF00595,48,0,119.42390146667745,9.542992967827667,100.20960566508352,13.317929152734896,105.72150320304084,87.53057527636871,17.686172366262216,17.88808620089358,0.8120811179276042,0.8752210186708157,0.01837911725765248,0.02376431696306487,10187.5,19012.5
PF00512,PF00595,49,1,109.35714375158258,8.825504165820549,104.46750684034421,9.78862243036589,105.72150320304084,87.53057527636871,17.686172366262216,17.88808620089358,0.4231860905816845,0.9590760510601031,0.0075471837303849165,0.039802086678407754,8437.5,20200.0
PF00512,PF00595,50,2,111.6247913049333,8.587731428919056,97.55854897319544,10.489934195203448,105.72150320304084,87.53057527636871,17.686172366262216,17.88808620089358,0.486169738366231,0.6433313480687114,0.008344660897559694,0.015091799200801486,8137.5,16000.0
PF00512,PF00595,54,0,117.89483111559066,10.019083037645462,91.65369786269173,13.41864023475876,105.72150320304084,87.53057527636871,17.686172366262216,17.88808620089358,0.7580703184174338,0.6131696717037386,0.02176549952651314,0.011698317613333392,10687.5,15400.0
PF00512,PF00595,55,1,115.26764942550818,8.399104153216891,94.39836954154408,9.561775141345663,105.72150320304084,87.53057527636871,17.686172366262216,17.88808620089358,0.5992967334870472,0.5210771954853023,0.012344482425723093,0.007726063209412016,8175.0,14925.0
PF00512,PF00595,56,2,104.98751093174528,10.192838606766237,78.29231978278936,11.413145083556367,105.72150320304084,87.53057527636871,17.686172366262216,17.88808620089358,0.4349097358796665,0.7028070620384187,0.008249526684121737,0.01316905937002351,7800.0,12475.0
PF00512,PF00595,60,0,115.74132252272986,11.537892116156284,112.75693950124241,11.664535385261075,105.72150320304084,87.53057527636871,17.686172366262216,17.88808620089358,0.7027906131156478,1.412402920147191,0.014097814902106766,0.188127844395302,9762.5,36712.5
PF00512,PF00595,61,1,112.49321738970731,10.498488307465596,102.15632206111162,11.639215181332906,105.72150320304084,87.53057527636871,17.686172366262216,17.88808620089358,0.566156003238293,0.8946811426289688,0.009982005233658752,0.038700126805930955,9687.5,23812.5
PF00512,PF00595,62,2,112.9898298159758,9.62297347252892,93.99148983760524,11.678717853569967,105.72150320304084,87.53057527636871,17.686172366262216,17.88808620089358,0.5649731758042527,0.6009286998622708,0.009067340835724127,0.011609236971510428,7875.0,14712.5
PF00512,PF00595,66,0,103.87889880183049,9.989900632982177,102.18691679034536,9.161120342040176,105.72150320304084,87.53057527636871,17.686172366262216,17.88808620089358,0.4758869005399702,0.8418040755015279,0.0072953609737309195,0.03124923279408585,7250.0,15862.5
PF00512,PF00595,67,1,112.40124960357984,8.537219782261086,100.91004095887506,10.85918057299694,105.72150320304084,87.53057527636871,17.686172366262216,17.88808620089358,0.5003927320608268,0.8404294363773844,0.008042599481604793,0.030106512396642818,7787.5,14200.0
PF00512,PF00595,68,2,104.63129930176805,9.216690465827773,88.11307256879049,11.6403651166956,105.72150320304084,87.53057527636871,17.686172366262216,17.88808620089358,0.4227957392924712,0.5278350986279875,0.007948828240762526,0.011175017011894318,7175.0,14500.0
PF00512,PF00595,72,0,117.25433869539852,11.278596144075145,95.93767341646955,12.84830402647861,105.72150320304084,87.53057527636871,17.686172366262216,17.88808620089358,0.7575196586449063,0.6847365669507672,0.021022636555334016,0.015634962769543854,10175.0,16812.5
PF00512,PF00595,73,1,112.11125404727727,11.329512762850156,115.92544377588543,9.774938770004132,105.72150320304084,87.53057527636871,17.686172366262216,17.88808620089358,0.6011978023267933,1.5873620118231702,0.01016908002201789,0.28935981294189067,8837.5,41250.0
PF00512,PF00595,74,2,109.20851148075162,9.491292565007457,92.99027309900656,10.761576615311004,105.72150320304084,87.53057527636871,17.686172366262216,17.88808620089358,0.4505175594383705,0.5360845533167504,0.006392668047574661,0.008926331301568927,7462.5,13037.5
PF00512,PF00595,78,0,109.62481854514198,11.515124032255748,96.14090898497541,9.164851470848411,105.72150320304084,87.53057527636871,17.686172366262216,17.88808620089358,0.5732962450742529,0.5707134508672462,0.012025834958095234,0.011112051779778738,9375.0,15675.0
PF00512,PF00595,79,1,110.77285347942933,9.846033118053704,97.8070103991797,8.225812924490125,105.72150320304084,87.53057527636871,17.686172366262216,17.88808620089358,0.5004820230584676,0.6117114424889312,0.008790994655809773,0.014610161418465707,8900.0,13862.5
PF00512,PF00595,80,2,105.30771809150377,12.38306614242928,100.00372590208963,10.843634954250323,105.72150320304084,87.53057527636871,17.686172366262216,17.88808620089358,0.5758489670238908,0.7778643356052283,0.009573571801987566,0.022268989169675218,8112.5,17912.5
PF00512,PF00595,84,0,127.50761093565552,10.312633408140174,105.0649761003305,13.126470730098093,105.72150320304084,87.53057527636871,17.686172366262216,17.88808620089358,1.2407063929640822,1.0599883178358014,0.12108274626293199,0.03546009197593805,18162.5,24912.5
PF00512,PF00595,85,1,114.66231076277869,9.82933928298296,111.89466859199194,12.283977870486941,105.72150320304084,87.53057527636871,17.686172366262216,17.88808620089358,0.6212302825454517,1.387310869122125,0.012843786584400378,0.19673033991312672,9300.0,36287.5
PF00512,PF00595,86,2,105.42655824817301,8.41936941953884,83.31604764687974,9.27591870136288,105.72150320304084,87.53057527636871,17.686172366262216,17.88808620089358,0.3883434562819235,0.4617596594791689,0.0062070277226719175,0.007994129531797834,8075.0,10687.5
PF00271,PF02518,12,0,165.13254297135484,17.86368516417107,189.69659501828573,16.82742909758957,149.57930952191575,186.84189492033835,27.18196726964319,26.052863003717928,0.7417864507021935,0.5227528587970801,0.026896069992974767,0.007537857629299077,22075.0,11825.0
PF00271,PF02518,13,1,161.69250097884157,20.20383556231833,198.96846002786077,14.961111202439538,149.57930952191575,186.84189492033835,27.18196726964319,26.052863003717928,0.6841859357288559,0.5905068310394224,0.04020715988000039,0.013337974272458229,28500.0,14750.0
PF00271,PF02518,14,2,159.0831242844212,20.775479219748107,195.83734151886878,14.695198599529977,149.57930952191575,186.84189492033835,27.18196726964319,26.052863003717928,0.6644921897683244,0.5364669348326947,0.034141968935396505,0.008706942717594677,30737.5,13700.0
PF00271,PF02518,18,0,153.69607272168753,20.06688602002354,195.44715681845318,14.760359685096565,149.57930952191575,186.84189492033835,27.18196726964319,26.052863003717928,0.5665078719924259,0.5275111550075933,0.021390095059859792,0.008844708338687994,25187.5,13800.0
PF00271,PF02518,19,1,147.5049199026503,19.097816386727185,193.56519900316965,14.183286478775145,149.57930952191575,186.84189492033835,27.18196726964319,26.052863003717928,0.5643296747201876,0.4906462746196369,0.021770891688107873,0.009476577098600043,24862.5,14687.5
PF00271,PF02518,20,2,154.91820157194462,21.564372192055732,196.33241181492966,14.711256978661881,149.57930952191575,186.84189492033835,27.18196726964319,26.052863003717928,0.6614965790673558,0.5294236215031152,0.020102495224744842,0.010317247062474555,28012.5,14012.5
PF00271,PF02518,24,0,159.76240762307475,20.16896326813332,200.04987043040694,14.02659381829047,149.57930952191575,186.84189492033835,27.18196726964319,26.052863003717928,0.6939655749919764,0.6163428523437093,0.016741398111877533,0.011182600749593851,20200.0,15350.0
PF00271,PF02518,25,1,163.98645452264861,21.248663706607722,203.3332927102852,13.928890300566234,149.57930952191575,186.84189492033835,27.18196726964319,26.052863003717928,0.7599738250191563,0.697819884087942,0.06537987822899859,0.01399713382208935,32550.0,14837.5
PF00271,PF02518,26,2,164.1821146831819,21.436948809483,200.24627124665471,14.551277317610516,149.57930952191575,186.84189492033835,27.18196726964319,26.052863003717928,0.8138443679446232,0.6080254823792189,0.049463875284075344,0.011681141210397056,24200.0,14987.5
PF00271,PF02518,30,0,154.6694476689076,22.086327602581232,198.9874772738681,14.39922852996296,149.57930952191575,186.84189492033835,27.18196726964319,26.052863003717928,0.6536717986091543,0.5783943385385908,0.02650931819215323,0.00964424283796587,26662.5,14850.0
PF00271,PF02518,31,1,160.57207192799797,19.737135599110715,207.75275058106985,15.285144566116257,149.57930952191575,186.84189492033835,27.18196726964319,26.052863003717928,0.666374941857568,0.8698095168827393,0.029338042414207566,0.022227882129611194,26812.5,15987.5
PF00271,PF02518,32,2,154.83505790804196,20.316543179797772,198.2770317687693,13.356712682698003,149.57930952191575,186.84189492033835,27.18196726964319,26.052863003717928,0.6375314977111095,0.5439461682105048,0.043149785549922035,0.011349395107092309,25225.0,14175.0
PF00271,PF02518,36,0,171.46608102868518,19.52583214856907,205.52531586807154,14.263318649186994,149.57930952191575,186.84189492033835,27.18196726964319,26.052863003717928,0.9494126874255077,0.7682435793971321,0.08237713656968257,0.01850625973074966,26300.0,16275.0
PF00271,PF02518,37,1,171.0088544496882,16.729043227473067,201.6812358784706,15.139237309257222,149.57930952191575,186.84189492033835,27.18196726964319,26.052863003717928,0.8277042546300619,0.6676944952916162,0.02922803329669596,0.012899520155210968,29575.0,14362.5
PF00271,PF02518,38,2,165.06282015745322,21.747320400720046,202.86372903637923,14.432264761376633,149.57930952191575,186.84189492033835,27.18196726964319,26.052863003717928,0.8353978981180485,0.6800685464060764,0.06726403154857255,0.01546077847049523,28587.5,15187.5
PF00271,PF02518,42,0,166.5696142941715,23.606128264004962,205.61751896172828,13.43664642960502,149.57930952191575,186.84189492033835,27.18196726964319,26.052863003717928,0.9126322234699862,0.7572556931160978,0.09116714606338423,0.013293090764288284,26287.5,15200.0
PF00271,PF02518,43,1,161.3685934975552,20.08359835949362,210.1971852471036,14.450722583390787,149.57930952191575,186.84189492033835,27.18196726964319,26.052863003717928,0.6738159179087958,0.9243081502788988,0.06896075584634812,0.027157857343137016,39087.5,18075.0
PF00271,PF02518,44,2,160.9469407861744,18.6531916338761,196.59309950004538,14.838284673521324,149.57930952191575,186.84189492033835,27.18196726964319,26.052863003717928,0.6785489548834528,0.5498279543612599,0.0245625900812144,0.008486028584585472,22875.0,13962.5
PF00271,PF02518,48,0,152.73271968767096,20.674902264264656,200.77391796135527,16.223181929964024,149.57930952191575,186.84189492033835,27.18196726964319,26.052863003717928,0.6211004198271131,0.6660088436044717,0.02142972449832186,0.010460573054802224,21687.5,14575.0
PF00271,PF02518,49,1,147.39108974639151,20.85331049687843,213.24601539860956,15.897708382818685,149.57930952191575,186.84189492033835,27.18196726964319,26.052863003717928,0.6302143239012492,1.021814689054581,0.03634251378302471,0.02909539353908646,30937.5,18312.5
PF00271,PF02518,50,2,140.84095381218123,18.53846323984961,191.67306027632563,14.877037712984448,149.57930952191575,186.84189492033835,27.18196726964319,26.052863003717928,0.6386650524191374,0.47589482017752843,0.022670361547697512,0.0076130255331520935,21187.5,11975.0
PF00271,PF02518,54,0,135.86489119617528,13.551085246475369,198.237931154084,15.794896546800866,149.57930952191575,186.84189492033835,27.18196726964319,26.052863003717928,0.6141541328581668,0.6113623914496842,0.015357692642210432,0.009389860803256943,21662.5,13650.0
PF00271,PF02518,55,1,146.96813538879155,19.96593014951017,208.67678506563345,13.873602907982496,149.57930952191575,186.84189492033835,27.18196726964319,26.052863003717928,0.6033519160715862,0.8564553976548248,0.04945086257707398,0.026673532677207158,30912.5,16250.0
PF00271,PF02518,56,2,148.84996574479544,23.069014889876385,195.36378834907944,15.171880529517768,149.57930952191575,186.84189492033835,27.18196726964319,26.052863003717928,0.7302466601259008,0.5443917388178248,0.045145684815266825,0.009194433784628173,22587.5,13137.5
PF00271,PF02518,60,0,161.42980966061538,24.15955939576799,200.85602398363312,15.189103484314519,149.57930952191575,186.84189492033835,27.18196726964319,26.052863003717928,0.7579491136775311,0.6387763644002651,0.10287346797921688,0.011092594718884406,35587.5,14075.0
PF00271,PF02518,61,1,161.34473860541195,20.10225542168944,208.62509005831387,16.090452501885945,149.57930952191575,186.84189492033835,27.18196726964319,26.052863003717928,0.6868804654016128,0.8886910162551079,0.07244802993588978,0.020448401994167108,33362.5,15762.5
PF00271,PF02518,62,2,164.1665079205306,22.710796665251035,192.01883111156312,15.365203830528108,149.57930952191575,186.84189492033835,27.18196726964319,26.052863003717928,0.8470680516601484,0.49751885503729715,0.07083108224263737,0.008129478654402155,23150.0,12112.5
PF00271,PF02518,66,0,147.53440090260773,13.02106675276676,197.9939342622186,14.452567784182104,149.57930952191575,186.84189492033835,27.18196726964319,26.052863003717928,0.38341938310830165,0.5505289546834934,0.014882521419777684,0.010580304813259533,21462.5,14425.0
PF00271,PF02518,67,1,163.33171880741196,18.440045751909963,208.98991509837575,14.301336992363689,149.57930952191575,186.84189492033835,27.18196726964319,26.052863003717928,0.6650310850553592,0.8894357545747306,0.050870910742033815,0.024653802596529738,25537.5,17100.0
PF00271,PF02518,68,2,157.6466676327169,21.63090297369866,199.37225978418886,15.274991298892617,149.57930952191575,186.84189492033835,27.18196726964319,26.052863003717928,0.6928200648137937,0.6076779345946752,0.0417863722525931,0.012142545188488854,22237.5,13887.5
PF00271,PF02518,72,0,163.4641695176069,20.902096029679523,207.83319122342593,13.10611341016694,149.57930952191575,186.84189492033835,27.18196726964319,26.052863003717928,0.7564871367358051,0.8208644158449024,0.0925746211136115,0.022791938664059503,30475.0,16412.5
PF00271,PF02518,73,1,198.16825037131719,17.80311388191519,218.18207877116816,15.390917890303996,149.57930952191575,186.84189492033835,27.18196726964319,26.052863003717928,1.7880181095795684,1.2193769884804804,0.6812091134330075,0.07729395459301559,126562.5,25237.5
PF00271,PF02518,74,2,168.76253281381503,21.993176563518492,195.81671667240957,14.657016476981491,149.57930952191575,186.84189492033835,27.18196726964319,26.052863003717928,0.9475585876452598,0.5414991386358567,0.09822197765941652,0.009186105025249601,25075.0,12162.5
PF00271,PF02518,78,0,160.3997143632048,17.927893847586006,216.08005471345015,14.590635479800834,149.57930952191575,186.84189492033835,27.18196726964319,26.052863003717928,0.593616708351268,1.1365075728169107,0.028772551875990118,0.04507713578807259,28475.0,20575.0
PF00271,PF02518,79,1,169.026960630354,20.665550019272064,219.5601884176009,14.029321334565992,149.57930952191575,186.84189492033835,27.18196726964319,26.052863003717928,0.8225465240131254,1.2593563638250211,0.11380112781848856,0.11344350767621503,53587.5,23687.5
PF00271,PF02518,80,2,155.9799165838782,19.80751504567393,199.85545256928293,15.804280261896576,149.57930952191575,186.84189492033835,27.18196726964319,26.052863003717928,0.6091331298148865,0.6551316278073179,0.036475656397052976,0.010992006747802733,23700.0,12387.5
PF00271,PF02518,84,0,174.01829625606203,19.645965235992982,211.86488195753518,15.085385586746948,149.57930952191575,186.84189492033835,27.18196726964319,26.052863003717928,0.9871624510608459,0.976169966128428,0.11126940248173271,0.04953700851835032,38012.5,18750.0
PF00271,PF02518,85,1,176.25075124271808,15.741151992414663,216.21091662960941,15.097406726485369,149.57930952191575,186.84189492033835,27.18196726964319,26.052863003717928,0.9902056623998781,1.1426201190109573,0.10497925289347183,0.06127029419970283,36212.5,19387.5
PF00271,PF02518,86,2,173.93291563335538,17.40547176117099,192.23027635581843,14.082956817811505,149.57930952191575,186.84189492033835,27.18196726964319,26.052863003717928,0.9481940382448503,0.46506479015140845,0.12407555304520138,0.008549051812106006,29762.5,12312.5
PF00512,PF02518,12,0,112.3525159472163,8.684762344843408,188.58147854023707,15.108475300849271,105.72150320304084,186.84189492033835,17.686172366262216,26.052863003717928,0.5147638110586852,0.45887020418853325,0.009476125607809536,0.006790919682869028,10462.5,10937.5
PF00512,PF02518,13,1,111.94354431924393,9.861720229858308,198.00893423491135,15.373293470634326,105.72150320304084,186.84189492033835,17.686172366262216,26.052863003717928,0.5396716255622535,0.6022444206102834,0.008463048173120484,0.010522235331202659,9625.0,13575.0
PF00512,PF02518,14,2,104.96064260469808,9.449561841289844,195.93150835861772,13.91241705836992,105.72150320304084,186.84189492033835,17.686172366262216,26.052863003717928,0.43160115190743,0.49516702439189525,0.006753889142971548,0.009771833734012962,8450.0,11900.0
PF00512,PF02518,18,0,107.1802417702612,8.855585425792198,189.0259548378542,14.78781882378496,105.72150320304084,186.84189492033835,17.686172366262216,26.052863003717928,0.41671216544112866,0.4737907597009658,0.006636210508415712,0.0075389829263339545,8750.0,10550.0
PF00512,PF02518,19,1,110.61168171755129,10.729994171621291,200.90920167275036,16.02359508167458,105.72150320304084,186.84189492033835,17.686172366262216,26.052863003717928,0.5351319173229283,0.6700218635132461,0.009703817778919335,0.01660769162595864,8987.5,14637.5
PF00512,PF02518,20,2,112.80210217566564,9.311891725697217,196.66147007139688,15.859286885633612,105.72150320304084,186.84189492033835,17.686172366262216,26.052863003717928,0.5362156462225945,0.5684447656622303,0.008963607365181616,0.009204227041875554,9312.5,12187.5
PF00512,PF02518,24,0,112.30780392689638,10.952530901487567,199.07395218430776,14.645767621387721,105.72150320304084,186.84189492033835,17.686172366262216,26.052863003717928,0.6084713342177345,0.5824359056695343,0.012198010276229068,0.011125141306411006,10050.0,12650.0
PF00512,PF02518,25,1,112.17872759044815,9.267797292779562,200.69770803088264,15.402846027878764,105.72150320304084,186.84189492033835,17.686172366262216,26.052863003717928,0.5315549702928667,0.6564252826154857,0.008801693646187726,0.013385759976195009,10162.5,13037.5
PF00512,PF02518,26,2,114.89328765709823,9.524222174767578,195.7858176514711,15.7746257097382,105.72150320304084,186.84189492033835,17.686172366262216,26.052863003717928,0.6199231966473497,0.5642534531645605,0.008877437719739424,0.008615172923345828,9687.5,12037.5
PF00512,PF02518,30,0,117.41747945121988,9.510340862035575,196.17769442031837,16.717613486815537,105.72150320304084,186.84189492033835,17.686172366262216,26.052863003717928,0.7079123398954027,0.5894867116761775,0.014125839464725978,0.009924310036734996,11037.5,11712.5
PF00512,PF02518,31,1,106.22040650247854,10.070176760433208,203.7784913798814,15.62074737875613,105.72150320304084,186.84189492033835,17.686172366262216,26.052863003717928,0.44372816336748755,0.7203174363262832,0.0068853272922150665,0.014391910296037782,8975.0,13362.5
PF00512,PF02518,32,2,109.08176824050888,10.239933469665605,202.97262599186587,15.908128433193353,105.72150320304084,186.84189492033835,17.686172366262216,26.052863003717928,0.488132026794744,0.7132246435116667,0.007605269964238858,0.013247784512207204,9050.0,12925.0
PF00512,PF02518,36,0,119.25039411493977,10.130703951531657,203.5488451389147,15.6834628588653,105.72150320304084,186.84189492033835,17.686172366262216,26.052863003717928,0.8015559124147229,0.7069567132350929,0.019717760049564347,0.014547170776202281,11975.0,15050.0
PF00512,PF02518,37,1,118.79363075961878,9.185662399274927,200.01874251878326,15.755091404582476,105.72150320304084,186.84189492033835,17.686172366262216,26.052863003717928,0.7726091542282876,0.6246819027913569,0.0208792141754475,0.010522747792738369,12650.0,12125.0
PF00512,PF02518,38,2,110.10643865890525,9.499623250614285,202.7813795831272,13.327558647898282,105.72150320304084,186.84189492033835,17.686172366262216,26.052863003717928,0.47348029150055687,0.6658162603692646,0.009499883591945955,0.013096258041489355,8900.0,13775.0
PF00512,PF02518,42,0,116.40376122100865,10.973721426546927,212.91151919193652,17.01861757421352,105.72150320304084,186.84189492033835,17.686172366262216,26.052863003717928,0.7346467861003971,1.0320395390920707,0.016594934549849817,0.02855448705672099,11450.0,17462.5
PF00512,PF02518,43,1,112.41311817141911,9.88592161881297,207.10908018329522,15.40997514483551,105.72150320304084,186.84189492033835,17.686172366262216,26.052863003717928,0.557864956736876,0.8174459003276582,0.011442890104931554,0.01900525524687841,9625.0,14850.0
PF00512,PF02518,44,2,101.67442307184989,8.916714904074903,189.95763314962093,14.191878766018727,105.72150320304084,186.84189492033835,17.686172366262216,26.052863003717928,0.44433239472506114,0.43888520140578663,0.006461536707571662,0.00732890164051966,8337.5,10600.0
PF00512,PF02518,48,0,119.20281506789568,8.886178067329379,202.75357923375543,15.567228757368962,105.72150320304084,186.84189492033835,17.686172366262216,26.052863003717928,0.7964317328453464,0.7157061755481966,0.027109890420745603,0.01138530972786936,11875.0,13350.0
PF00512,PF02518,49,1,116.7978000504226,11.259640817359765,207.1293358892748,15.191942581408606,105.72150320304084,186.84189492033835,17.686172366262216,26.052863003717928,0.7644806568250111,0.807811313537396,0.01778682812743174,0.022123863321916543,11562.5,15462.5
PF00512,PF02518,50,2,110.43344094610761,8.937724841622618,189.21847067063564,14.68686026527096,105.72150320304084,186.84189492033835,17.686172366262216,26.052863003717928,0.44913574169888365,0.43645082966075727,0.008797160002644244,0.006547545710133869,9325.0,10975.0
PF00512,PF02518,54,0,119.7259737705801,10.607230936289975,202.58170800460846,15.533403866580542,105.72150320304084,186.84189492033835,17.686172366262216,26.052863003717928,0.8437878652112017,0.7054768056323744,0.02805605601289045,0.014938401842802667,12837.5,13487.5
PF00512,PF02518,55,1,112.70128727110024,9.195603113629863,207.65072130175292,16.030752213131013,105.72150320304084,186.84189492033835,17.686172366262216,26.052863003717928,0.5415211964498097,0.8491522544288747,0.008140079021109033,0.018542931072798013,10050.0,15462.5
PF00512,PF02518,56,2,107.00400592069906,10.868478101531304,194.24314676350633,14.768924134939052,105.72150320304084,186.84189492033835,17.686172366262216,26.052863003717928,0.5096013974902401,0.5137393686555667,0.008248658498124279,0.008838263582426113,8675.0,10862.5
PF00512,PF02518,60,0,121.92052795010407,9.787341594802038,201.74716942842554,14.109554796785961,105.72150320304084,186.84189492033835,17.686172366262216,26.052863003717928,0.940295873655832,0.660060698882342,0.03785431017660172,0.012899989474442352,12550.0,13125.0
PF00512,PF02518,61,1,105.82339372255137,9.533306882365363,205.34335628128537,13.937739230257504,105.72150320304084,186.84189492033835,17.686172366262216,26.052863003717928,0.43914019923895664,0.7480936280340086,0.0074455076372230075,0.016010574158939847,8962.5,15112.5
PF00512,PF02518,62,2,107.21204803746598,8.731184688054249,192.08646275401713,14.463460501530264,105.72150320304084,186.84189492033835,17.686172366262216,26.052863003717928,0.39582813979598486,0.47990633410610173,0.007027198614839825,0.007661133382370769,8237.5,11025.0
PF00512,PF02518,66,0,119.92538444865004,11.83514520531278,207.86669307782233,16.703961049867562,105.72150320304084,186.84189492033835,17.686172366262216,26.052863003717928,0.8999155879961737,0.8778175932838456,0.025554482519638103,0.025198002081356554,14250.0,16162.5
PF00512,PF02518,67,1,106.29473135953562,9.359398370496775,209.20370669850996,14.47380636657352,105.72150320304084,186.84189492033835,17.686172366262216,26.052863003717928,0.42261529729404673,0.8825527626214509,0.006878149536055725,0.032115457022366393,8937.5,15887.5
PF00512,PF02518,68,2,104.94053856482705,9.292806593199417,204.88688093937148,14.827806453487122,105.72150320304084,186.84189492033835,17.686172366262216,26.052863003717928,0.40970810427167026,0.7498317758606133,0.0065014009739554094,0.013390433467689582,8375.0,13437.5
PF00512,PF02518,72,0,119.05031239336027,10.46542943352903,201.93384339408317,15.638199976369878,105.72150320304084,186.84189492033835,17.686172366262216,26.052863003717928,0.8115501571469642,0.7008286046356338,0.01920338509601321,0.01257268478126603,11325.0,13637.5
PF00512,PF02518,73,1,111.7015289166106,9.506843982930008,204.7512308161332,13.646788058539011,105.72150320304084,186.84189492033835,17.686172366262216,26.052863003717928,0.5074094341656771,0.7298179627840543,0.009055371905431243,0.012900711470645358,9675.0,14050.0
PF00512,PF02518,74,2,103.11190374030208,9.262024894865375,191.68302946386837,15.147869700763293,105.72150320304084,186.84189492033835,17.686172366262216,26.052863003717928,0.4311114956981655,0.5007296472830681,0.006941776889556411,0.007395857049833882,7962.5,10362.5
PF00512,PF02518,78,0,115.43837036367051,10.942585654172316,210.86460313539806,16.08430273064305,105.72150320304084,186.84189492033835,17.686172366262216,26.052863003717928,0.6835390504358775,0.9735276188200684,0.016373976692902744,0.022331749135431744,10712.5,16825.0
PF00512,PF02518,79,1,109.30667284693577,9.261733225032371,219.64529318638367,14.318810310321563,105.72150320304084,186.84189492033835,17.686172366262216,26.052863003717928,0.46641604259848607,1.2660400216258327,0.008857630564729584,0.10716999297571403,9487.5,22675.0
PF00512,PF02518,80,2,105.26315882340252,9.624300711845775,193.91757983043783,14.370250222173361,105.72150320304084,186.84189492033835,17.686172366262216,26.052863003717928,0.43732992950539895,0.49492911643248844,0.007741331386898925,0.006736834823952333,8612.5,11675.0
PF00512,PF02518,84,0,123.70792411700118,10.095743017721896,206.1021365666098,16.496134433841796,105.72150320304084,186.84189492033835,17.686172366262216,26.052863003717928,1.0516530936021642,0.8104249202229877,0.04155555873893018,0.017043847584932208,13512.5,15775.0
PF00512,PF02518,85,1,108.18881498747238,10.94285018450015,222.6184618614886,13.724833725840337,105.72150320304084,186.84189492033835,17.686172366262216,26.052863003717928,0.49461926290080327,1.3732297650375183,0.007916610964533171,0.17517959114380457,9000.0,25587.5
PF00512,PF02518,86,2,106.08758445299004,10.320267512583012,187.7495854194959,13.561952457867136,105.72150320304084,186.84189492033835,17.686172366262216,26.052863003717928,0.476245050460216,0.4184317799226841,0.006257982986660165,0.007233623125793817,8225.0,10737.5
PF00512,PF07679,12,0,110.7114649762509,11.075506131827298,67.98584642208056,10.398168216232445,105.72150320304084,63.66128339025547,17.686172366262216,19.078484146135715,0.5346414229726373,0.48179681486609127,0.009842489322364499,0.009358794156423735,9225.0,12000.0
PF00512,PF07679,13,1,107.14268678467066,8.990988930983047,70.28726247266873,12.089207882839702,105.72150320304084,63.66128339025547,17.686172366262216,19.078484146135715,0.4037345725411029,0.5980634850093626,0.007008391602182259,0.012069897459265901,8425.0,12912.5
PF00512,PF07679,14,2,105.3136251905603,9.658643887082281,65.72749190930482,13.80654021795859,105.72150320304084,63.66128339025547,17.686172366262216,19.078484146135715,0.43032527571411144,0.5773579520688511,0.007762122997924122,0.009035718866269162,7975.0,12487.5
PF00512,PF07679,18,0,104.3982439169638,9.59777756862298,70.17729843964895,12.324597256506411,105.72150320304084,63.66128339025547,17.686172366262216,19.078484146135715,0.4444837529812038,0.5926681901337396,0.007461478513666464,0.011218124678650427,8012.5,11962.5
PF00512,PF07679,19,1,108.81422572711271,9.966583461454086,69.79860525943535,9.166212737586566,105.72150320304084,63.66128339025547,17.686172366262216,19.078484146135715,0.4636985596661447,0.4628939126786996,0.007182115489175287,0.009182392902166723,8825.0,13075.0
PF00512,PF07679,20,2,113.17273858002322,9.125042114303213,72.01541119655379,12.439028108921011,105.72150320304084,63.66128339025547,17.686172366262216,19.078484146135715,0.5589319459538657,0.6542177165845431,0.008145511569132326,0.01588274672660952,8537.5,13650.0
PF00512,PF07679,24,0,109.31880839551395,9.345955245732636,69.74861436740082,13.361424343189224,105.72150320304084,63.66128339025547,17.686172366262216,19.078484146135715,0.45041989801243987,0.6283946870694704,0.007694811106756845,0.012013886927118073,8125.0,13087.5
PF00512,PF07679,25,1,113.33148866128774,9.251322069371179,71.82547482952783,12.591708239027026,105.72150320304084,63.66128339025547,17.686172366262216,19.078484146135715,0.5498871251968529,0.6341353949779561,0.011350336092775864,0.018029171515649402,10612.5,14100.0
PF00512,PF07679,26,2,112.55069507788306,9.617870705686938,67.65145099513512,12.89214041917548,105.72150320304084,63.66128339025547,17.686172366262216,19.078484146135715,0.5425709779766802,0.5588208778426536,0.00980124323298431,0.011862979202287925,8837.5,12487.5
PF00512,PF07679,30,0,111.80887064339669,9.812308100522664,72.88923872883069,11.113829255380233,105.72150320304084,63.66128339025547,17.686172366262216,19.078484146135715,0.5262246080614852,0.6272975201942033,0.009945530102496174,0.01866793979161914,10600.0,15100.0
PF00512,PF07679,31,1,102.08703360523039,10.328781338760892,78.5933714008804,10.119562564198727,105.72150320304084,63.66128339025547,17.686172366262216,19.078484146135715,0.4877758814856258,0.8085049692245625,0.007894724308453437,0.0400517542287798,8737.5,16225.0
PF00512,PF07679,32,2,108.79418930898703,9.121020082976594,68.26398982334766,11.578444307729862,105.72150320304084,63.66128339025547,17.686172366262216,19.078484146135715,0.43983972386869036,0.5192639568046639,0.006908461452464656,0.00998325743469829,8675.0,11925.0
PF00512,PF07679,36,0,113.91042283063612,9.114436911062311,70.46346618450659,10.76209595152161,105.72150320304084,63.66128339025547,17.686172366262216,19.078484146135715,0.5748397738253959,0.5563859977771224,0.010045469312858124,0.011648477620430742,9187.5,14237.5
PF00512,PF07679,37,1,110.38355754782737,9.131569146550007,77.44794646935057,10.382132877118533,105.72150320304084,63.66128339025547,17.686172366262216,19.078484146135715,0.4637347321993456,0.7965404397577529,0.007647231292462149,0.03600431159704849,10037.5,19250.0
PF00512,PF07679,38,2,105.92984542301,10.200576572384268,72.06233474513077,11.639716090646353,105.72150320304084,63.66128339025547,17.686172366262216,19.078484146135715,0.45399242320398314,0.635903881922227,0.007211964449560815,0.01751497446641396,8125.0,14200.0
PF00512,PF07679,42,0,106.30910463676298,14.400137031477689,78.26431778480675,10.207493874527449,105.72150320304084,63.66128339025547,17.686172366262216,19.078484146135715,0.6914727712772885,0.8216570240362405,0.012076473318710583,0.04580335235410082,10737.5,16175.0
PF00512,PF07679,43,1,105.58663615221647,9.034019880767817,76.03417431770202,9.53174656771267,105.72150320304084,63.66128339025547,17.686172366262216,19.078484146135715,0.41650011725723596,0.6962298653079196,0.006776242471870232,0.0322943412062837,8812.5,21487.5
PF00512,PF07679,44,2,109.26384327566478,10.233460493558756,72.49620121144778,9.242583728567931,105.72150320304084,63.66128339025547,17.686172366262216,19.078484146135715,0.49180598289479166,0.5602330713081468,0.008359672934001514,0.013726911382058973,8450.0,14175.0
PF00512,PF07679,48,0,109.4288411649521,9.794708395111508,73.61787857122583,9.613685038396309,105.72150320304084,63.66128339025547,17.686172366262216,19.078484146135715,0.48818056933920473,0.6038960288739121,0.008588143917778594,0.01856534159371362,10350.0,14387.5
PF00512,PF07679,49,1,107.37532205899998,9.784629585997761,77.03452298500879,8.633570132282578,105.72150320304084,63.66128339025547,17.686172366262216,19.078484146135715,0.4423699887661688,0.7322178494356291,0.007455642264581905,0.029926384316860656,9200.0,12575.0
PF00512,PF07679,50,2,114.34053025060919,9.323426229362415,77.38805021023991,9.60777650939665,105.72150320304084,63.66128339025547,17.686172366262216,19.078484146135715,0.5995565355108884,0.7594933123928029,0.010520938815081609,0.02707606488837669,10262.5,15375.0
PF00512,PF07679,54,0,111.10388865722287,10.534073066935498,76.56061853310119,10.736299625830245,105.72150320304084,63.66128339025547,17.686172366262216,19.078484146135715,0.5602805995154057,0.7666066513637915,0.010667458231363393,0.027594860304913,10250.0,15925.0
PF00512,PF07679,55,1,112.00183696393033,9.498012623631062,72.37286418933057,15.112547126701557,105.72150320304084,63.66128339025547,17.686172366262216,19.078484146135715,0.5090753029628575,0.7678908840036422,0.00931057070027513,0.032990572274886075,9012.5,16375.0
PF00512,PF07679,56,2,107.32356010037665,9.509186642880293,77.7518165072562,8.839271198937135,105.72150320304084,63.66128339025547,17.686172366262216,19.078484146135715,0.4394028977525241,0.7616677969073397,0.008537146900219582,0.026015569086635115,8987.5,16037.5
PF00512,PF07679,60,0,117.26940485971033,11.861765726604949,78.69240343728536,9.746760035401675,105.72150320304084,63.66128339025547,17.686172366262216,19.078484146135715,0.7734669690618642,0.8497093021869125,0.027582463461890066,0.05625824943839849,12937.5,18012.5
PF00512,PF07679,61,1,120.75486972016877,8.611435153646957,81.23843910740253,9.571670952175069,105.72150320304084,63.66128339025547,17.686172366262216,19.078484146135715,0.87668317440778,0.9282804477608938,0.030015249959535403,0.06224568116924278,11287.5,18187.5
PF00512,PF07679,62,2,111.63614112492854,9.997135905691659,78.23135644693843,9.65406686356474,105.72150320304084,63.66128339025547,17.686172366262216,19.078484146135715,0.5183108706894956,0.797044876549946,0.013604459774189807,0.05844739218918997,9662.5,16012.5
PF00512,PF07679,66,0,117.22918239005371,8.785188104406297,71.21707921282855,9.713076841286378,105.72150320304084,63.66128339025547,17.686172366262216,19.078484146135715,0.688768221445356,0.5331594080017797,0.01303506888777575,0.01124905603655484,10000.0,11600.0
PF00512,PF07679,67,1,113.76458327815953,9.440682421162247,79.92848132464503,10.328387050158733,105.72150320304084,63.66128339025547,17.686172366262216,19.078484146135715,0.5568723468424668,0.8981226532126478,0.01016164471562306,0.07316307210417829,11062.5,20212.5
PF00512,PF07679,68,2,113.283489749858,10.393820241771271,73.43603527833811,13.066676699592222,105.72150320304084,63.66128339025547,17.686172366262216,19.078484146135715,0.6003496682110024,0.7179541173390581,0.011667149631285846,0.01963694618240494,9637.5,14725.0
PF00512,PF07679,72,0,120.48631102167523,11.190901842315043,72.39875019174762,11.120334555294496,105.72150320304084,63.66128339025547,17.686172366262216,19.078484146135715,0.91056266335565,0.627255000926273,0.0497001436762282,0.01811011786649389,14200.0,13737.5
PF00512,PF07679,73,1,111.76548143405189,8.853530778329958,86.99979775503722,9.156485401331551,105.72150320304084,63.66128339025547,17.686172366262216,19.078484146135715,0.48356689227671046,1.2249468156550833,0.009840012411728122,0.19798871053331396,10237.5,25587.5
PF00512,PF07679,74,2,108.4202805757939,10.723252651542618,75.91454543947664,12.446037567107682,105.72150320304084,63.66128339025547,17.686172366262216,19.078484146135715,0.5044645457678463,0.7830084804358666,0.009489858350458838,0.03587054886370673,9112.5,17012.5
PF00512,PF07679,78,0,118.14373884130718,10.170139176141104,80.7126197673672,10.754681523023008,105.72150320304084,63.66128339025547,17.686172366262216,19.078484146135715,0.7651509035565423,0.9312345503085134,0.02441966320974618,0.037019255024885234,11912.5,14962.5
PF00512,PF07679,79,1,111.34007662519986,9.776949875812386,81.1151842502099,9.490152340973832,105.72150320304084,63.66128339025547,17.686172366262216,19.078484146135715,0.5137576857247973,0.9367657453811222,0.008849919660265613,0.0684424338360258,10500.0,18962.5
PF00512,PF07679,80,2,109.21793253392454,9.465767940426892,73.8750269363492,9.653366850169133,105.72150320304084,63.66128339025547,17.686172366262216,19.078484146135715,0.4659528187808465,0.6201109017313335,0.007216816443247418,0.018371970857723505,8562.5,13762.5
PF00512,PF07679,84,0,116.90984100037693,8.645904743116782,72.14733998820786,9.541501293090988,105.72150320304084,63.66128339025547,17.686172366262216,19.078484146135715,0.6904258710582768,0.5405892678483369,0.01519281305054382,0.011938335006201365,11225.0,12062.5
PF00512,PF07679,85,1,115.77143509491913,9.243400740786576,80.31030557505164,10.157587616072401,105.72150320304084,63.66128339025547,17.686172366262216,19.078484146135715,0.6464747495402472,0.9094508498130114,0.0090379009784929,0.07179047900558057,9612.5,18737.5
PF00512,PF07679,86,2,111.32027513655717,9.292863982231912,70.60531184044022,12.19307137922731,105.72150320304084,63.66128339025547,17.686172366262216,19.078484146135715,0.4803129014267451,0.618127317441776,0.008248220507987297,0.014490131813446045,8200.0,12525.0
PF00595,PF07679,12,0,88.62728634185213,10.141208007698683,70.35040199659655,10.855326616439932,87.53057527636871,63.66128339025547,17.88808620089358,19.078484146135715,0.4544272707742242,0.5505273338753278,0.008356118613552531,0.012064798949499784,13912.5,13325.0
PF00595,PF07679,13,1,87.93106616756587,9.80858519523138,69.70067569741084,10.731143153184577,87.53057527636871,63.66128339025547,17.88808620089358,19.078484146135715,0.4271274065429704,0.5054488495127581,0.007314019253348476,0.010719394323464524,14237.5,13200.0
PF00595,PF07679,14,2,86.50361548058073,10.736909077278437,65.0752069587083,13.789645098072105,87.53057527636871,63.66128339025547,17.88808620089358,19.078484146135715,0.47261744013285695,0.5707782459170719,0.007417263132164393,0.012879730892999448,14137.5,12937.5
PF00595,PF07679,18,0,87.13976056638586,10.219170527110192,69.54809496162218,11.399756180718322,87.53057527636871,63.66128339025547,17.88808620089358,19.078484146135715,0.4613606054717102,0.5428261239978549,0.008906916357707781,0.010799449678039235,13575.0,14125.0
PF00595,PF07679,19,1,84.81299083453372,9.75012345016606,68.70252058502403,9.607937460734558,87.53057527636871,63.66128339025547,17.88808620089358,19.078484146135715,0.46396595634538385,0.45863624802483316,0.008304774852015175,0.009806829248441286,13475.0,12925.0
PF00595,PF07679,20,2,87.21939859189334,10.998558352812857,71.90008093401559,11.727531690455233,87.53057527636871,63.66128339025547,17.88808620089358,19.078484146135715,0.4743606890991672,0.629554924445349,0.008056381465951779,0.014343752006866908,13625.0,14737.5
PF00595,PF07679,24,0,89.34721109489179,9.937322030822157,66.84522297127695,12.630330340169163,87.53057527636871,63.66128339025547,17.88808620089358,19.078484146135715,0.4664441081152788,0.5447566020364684,0.007434827645157214,0.01138966226132163,14712.5,13450.0
PF00595,PF07679,25,1,93.90346143625943,10.006693505040024,69.33564926109842,13.62967178678775,87.53057527636871,63.66128339025547,17.88808620089358,19.078484146135715,0.514604761390718,0.6545852295449544,0.009761041356687377,0.014962611757409561,15200.0,14300.0
PF00595,PF07679,26,2,90.4436794503295,11.951536958908425,68.75818950571639,12.248132697408453,87.53057527636871,63.66128339025547,17.88808620089358,19.078484146135715,0.5168419663802506,0.5655915891340167,0.008401946973613548,0.011586409792977852,14137.5,13575.0
PF00595,PF07679,30,0,87.97730012946089,10.093280365261819,67.24677820343528,13.05762243735287,87.53057527636871,63.66128339025547,17.88808620089358,19.078484146135715,0.45397873722039833,0.5915195397550882,0.006953180934963177,0.014424136375093077,12775.0,13775.0
PF00595,PF07679,31,1,91.99939736474322,10.627119910552787,76.56092669829768,11.285626943443866,87.53057527636871,63.66128339025547,17.88808620089358,19.078484146135715,0.5061651991526759,0.7790035624253676,0.008683436668979798,0.029004489857437622,15237.5,16987.5
PF00595,PF07679,32,2,90.44930886526625,11.735258111060006,68.0174089842826,10.170795357401264,87.53057527636871,63.66128339025547,17.88808620089358,19.078484146135715,0.5488805049079312,0.4620017954008827,0.00900932200832381,0.010564889387153492,14675.0,12362.5
PF00595,PF07679,36,0,89.76182468106532,10.591045153325041,68.11701134747761,11.964829761170064,87.53057527636871,63.66128339025547,17.88808620089358,19.078484146135715,0.46927452689078814,0.561197170734401,0.007304488193174471,0.010182939001473294,14012.5,13087.5
PF00595,PF07679,37,1,100.41565720966243,11.367101217787267,76.92279881037447,10.164182987738867,87.53057527636871,63.66128339025547,17.88808620089358,19.078484146135715,0.794204835623165,0.7683639271986169,0.019692303496190732,0.041124860708394655,21537.5,20087.5
PF00595,PF07679,38,2,90.06521755754153,12.929934970735811,72.46132630656435,10.988529169839488,87.53057527636871,63.66128339025547,17.88808620089358,19.078484146135715,0.5908759838718969,0.6335240885686023,0.00847743583895864,0.014803479713425412,14887.5,14287.5
PF00595,PF07679,42,0,87.96431980207998,10.209625912240382,81.28408086027189,9.444860427681608,87.53057527636871,63.66128339025547,17.88808620089358,19.078484146135715,0.46438474259145784,0.9334756393584869,0.007086398364128228,0.05661011599883503,14950.0,19875.0
PF00595,PF07679,43,1,88.15266761607221,11.703652669733218,81.00943761120904,11.231612441703586,87.53057527636871,63.66128339025547,17.88808620089358,19.078484146135715,0.5236188731069019,0.9523835216926975,0.010573025303632915,0.06815523003090274,16200.0,25525.0
PF00595,PF07679,44,2,94.0163928454394,10.029362105053485,73.6852564417176,9.618134034580237,87.53057527636871,63.66128339025547,17.88808620089358,19.078484146135715,0.5273761937728326,0.616122940763203,0.008424620030850004,0.015334736894047645,13862.5,13887.5
PF00595,PF07679,48,0,104.67876150184239,13.790933791403106,79.65767955525536,11.20610296160491,87.53057527636871,63.66128339025547,17.88808620089358,19.078484146135715,1.0263596692803048,0.8959171137618686,0.04927050482218578,0.05842876403228101,24962.5,24562.5
PF00595,PF07679,49,1,93.17199886943462,10.951573812150272,76.9914856726625,9.12091880460504,87.53057527636871,63.66128339025547,17.88808620089358,19.078484146135715,0.5542941238499782,0.7315217896040797,0.016805553681425996,0.020073827813309065,22487.5,14512.5
PF00595,PF07679,50,2,102.28464122443228,10.98493473766256,74.61318831587967,11.221701611440507,87.53057527636871,63.66128339025547,17.88808620089358,19.078484146135715,0.8721159694300156,0.7050650633955005,0.028221236878995068,0.01802114589278847,20375.0,14837.5
PF00595,PF07679,54,0,93.33693866594723,12.398089055519648,74.5056070915552,12.318516411922706,87.53057527636871,63.66128339025547,17.88808620089358,19.078484146135715,0.591360413691356,0.7356181504227177,0.011461010765615436,0.028420790905692148,19225.0,16262.5
PF00595,PF07679,55,1,91.68790211452291,9.053437094438499,77.62497323956768,11.760138943692162,87.53057527636871,63.66128339025547,17.88808620089358,19.078484146135715,0.4334831382256492,0.8435570144830352,0.006078692134577382,0.046251255317651674,14537.5,18900.0
PF00595,PF07679,56,2,97.39362929122427,12.88175467489576,78.64634858144751,9.047661333027111,87.53057527636871,63.66128339025547,17.88808620089358,19.078484146135715,0.7668237068076708,0.8037340406051234,0.019105167199555927,0.035440620732384256,18912.5,16062.5
PF00595,PF07679,60,0,96.14017762062919,10.674930770584195,76.83247210000768,14.440236750008639,87.53057527636871,63.66128339025547,17.88808620089358,19.078484146135715,0.6083047696883825,0.8884734156384849,0.015498115944117888,0.06423075549362606,19187.5,20600.0
PF00595,PF07679,61,1,103.73502535084467,9.103030649890394,79.58194460301198,8.183085692862338,87.53057527636871,63.66128339025547,17.88808620089358,19.078484146135715,0.9250711967216938,0.836251574462837,0.03713709561478165,0.03966695144037006,19825.0,16925.0
PF00595,PF07679,62,2,96.05501426875222,11.01675709958088,75.80523221202856,12.343438854995032,87.53057527636871,63.66128339025547,17.88808620089358,19.078484146135715,0.6201975936210622,0.7682992889929807,0.009656143212773092,0.03949682807575755,17987.5,18800.0
PF00595,PF07679,66,0,96.08038722523827,10.240103792197187,73.45233543866382,10.859384571235683,87.53057527636871,63.66128339025547,17.88808620089358,19.078484146135715,0.6056308340770329,0.634507654276222,0.014372446815433699,0.02050881672355087,18250.0,14850.0
PF00595,PF07679,67,1,100.3909476916311,9.58724527805433,77.21781453816634,12.27609310619204,87.53057527636871,63.66128339025547,17.88808620089358,19.078484146135715,0.7436964329419056,0.8152345586140944,0.02880154734699584,0.07013569003332633,18137.5,23400.0
PF00595,PF07679,68,2,99.40705480755477,11.602485204414137,73.8764574207939,11.187472851792846,87.53057527636871,63.66128339025547,17.88808620089358,19.078484146135715,0.7720192740564867,0.6419804991228513,0.046246162356257205,0.018323480563581573,22662.5,15412.5
PF00595,PF07679,72,0,89.12261153722993,10.33757236970681,75.4563796621972,9.20090239838202,87.53057527636871,63.66128339025547,17.88808620089358,19.078484146135715,0.44763379172497186,0.6825068003148934,0.007570429506986299,0.01811728110731821,14925.0,13637.5
PF00595,PF07679,73,1,104.58668961026548,10.112756448643232,82.29405393726309,10.83702914969615,87.53057527636871,63.66128339025547,17.88808620089358,19.078484146135715,0.9780917208836964,1.0229276955793534,0.08121024783845121,0.12401521560670653,24812.5,22325.0
PF00595,PF07679,74,2,99.85073569688329,10.620029560439301,74.23245796725918,10.734294742522255,87.53057527636871,63.66128339025547,17.88808620089358,19.078484146135715,0.7570709405613704,0.6836224351918193,0.040523781365078886,0.020894602303103974,20450.0,15575.0
PF00595,PF07679,78,0,97.62173527310131,9.47211145294257,79.58855979632757,11.078531445623165,87.53057527636871,63.66128339025547,17.88808620089358,19.078484146135715,0.6205752259316911,0.9165035277794764,0.012980471711333564,0.07490382275421577,21512.5,20675.0
PF00595,PF07679,79,1,103.72327869013348,11.388424498049256,74.92799214947625,11.874726226108812,87.53057527636871,63.66128339025547,17.88808620089358,19.078484146135715,0.9472683790871628,0.7441501022414749,0.07421411225769098,0.029526231986765964,28062.5,17187.5
PF00595,PF07679,80,2,99.2208826865704,11.637153285760405,75.81955224529513,9.516731318344329,87.53057527636871,63.66128339025547,17.88808620089358,19.078484146135715,0.7605352779492709,0.6809283593313286,0.028458088226917228,0.02106051627130128,24612.5,14362.5
PF00595,PF07679,84,0,112.54744149945716,10.568921202947669,73.12688244939903,13.790446148987272,87.53057527636871,63.66128339025547,17.88808620089358,19.078484146135715,1.4007529464557567,0.6890844258042744,0.2773672434841984,0.025177040531427643,44650.0,16000.0
PF00595,PF07679,85,1,110.24210297509647,10.319169307773349,83.05505929318633,9.871221256591834,87.53057527636871,63.66128339025547,17.88808620089358,19.078484146135715,1.2757255662642806,1.0523182135480915,0.17410132602400757,0.10191091745343166,40412.5,22100.0
PF00595,PF07679,86,2,102.16226569894553,10.18736660584238,74.60928175026459,9.765454933817535,87.53057527636871,63.66128339025547,17.88808620089358,19.078484146135715,0.8636703162319296,0.6427552145751718,0.03769930576845506,0.01866443251575476,17137.5,15012.5
PF00595,PF02518,12,0,89.76150906422747,10.285311021520652,190.98313997183794,14.321211566367367,87.53057527636871,186.84189492033835,17.88808620089358,26.052863003717928,0.4584170840846499,0.44411638324337466,0.009078704181299595,0.0069808170576702334,14900.0,11250.0
PF00595,PF02518,13,1,88.50697769854884,10.205995376241955,199.40624302377148,16.24808444039906,87.53057527636871,186.84189492033835,17.88808620089358,26.052863003717928,0.44393673771512965,0.6293459252135684,0.008311132239641871,0.012884649338628287,16400.0,14537.5
PF00595,PF02518,14,2,86.42135031016956,9.413438056599302,197.45732982581663,14.461840008904261,87.53057527636871,186.84189492033835,17.88808620089358,26.052863003717928,0.43550250072393193,0.5655196822436684,0.008817333211925791,0.008875181555257213,14900.0,12887.5
PF00595,PF02518,18,0,85.64773083252703,10.453734994531384,202.381443560403,14.474182156551905,87.53057527636871,186.84189492033835,17.88808620089358,26.052863003717928,0.4578539678819926,0.6898617756734854,0.008307944064451442,0.012228813852819556,15875.0,13462.5
PF00595,PF02518,19,1,90.76810777433624,11.444252306185435,209.0291252872263,14.41920108845449,87.53057527636871,186.84189492033835,17.88808620089358,26.052863003717928,0.5106692107372074,0.8799019068727872,0.007787918325843975,0.024342190177671336,16375.0,18500.0
PF00595,PF02518,20,2,86.66523772070315,11.101610093733855,198.0485563182431,15.57741086571548,87.53057527636871,186.84189492033835,17.88808620089358,26.052863003717928,0.4787920785825098,0.6146482013481269,0.008251067223003918,0.01074086166912695,15387.5,12975.0
PF00595,PF02518,24,0,91.28556319567073,10.171274007124662,209.44567649331316,16.033155295451838,87.53057527636871,186.84189492033835,17.88808620089358,26.052863003717928,0.4646295308582695,0.9069593540824221,0.00806675455960688,0.028034943088565842,16887.5,16887.5
PF00595,PF02518,25,1,94.27969591714198,9.557132719155094,207.71073122976483,15.52777536782461,87.53057527636871,186.84189492033835,17.88808620089358,26.052863003717928,0.48100627266691887,0.8439414076235647,0.008961673512619468,0.02359083081786555,19362.5,17837.5
PF00595,PF02518,26,2,86.83013137251717,10.966551935323555,194.0447117742117,15.871401195798892,87.53057527636871,186.84189492033835,17.88808620089358,26.052863003717928,0.47358922837991657,0.5337589427852422,0.009123445569808628,0.007931869482914968,15325.0,12087.5
PF00595,PF02518,30,0,88.74684659847195,10.854562012163168,199.00814928587465,15.48764530562165,87.53057527636871,186.84189492033835,17.88808620089358,26.052863003717928,0.4879794741513098,0.6156115167209061,0.008130041305930513,0.010248126633746637,16712.5,12275.0
PF00595,PF02518,31,1,89.06977714427128,9.160061818123017,199.31786673742573,15.035460660027294,87.53057527636871,186.84189492033835,17.88808620089358,26.052863003717928,0.4180301548537137,0.6040732478169626,0.007444899516515828,0.011281127418607026,16350.0,14062.5
PF00595,PF02518,32,2,86.13345993062117,10.104760961834767,199.76337395478134,15.251051196778214,87.53057527636871,186.84189492033835,17.88808620089358,26.052863003717928,0.45168678519005523,0.6297136339801905,0.007882825828897889,0.011892629455786362,14437.5,13175.0
PF00595,PF02518,36,0,92.39719654999895,9.885939168003588,203.3800775804124,14.699620394751673,87.53057527636871,186.84189492033835,17.88808620089358,26.052863003717928,0.4996486186075893,0.7049836238722349,0.008553431845415857,0.01331933016457401,16387.5,15225.0
PF00595,PF02518,37,1,98.66331915728125,13.12512341768548,200.00853035059893,16.204971294250356,87.53057527636871,186.84189492033835,17.88808620089358,26.052863003717928,0.7871430896071431,0.6404167875353903,0.02907986753261154,0.010881878621504687,26937.5,14175.0
PF00595,PF02518,38,2,87.36303481987176,13.258388584297812,196.25132426618345,14.42193683159039,87.53057527636871,186.84189492033835,17.88808620089358,26.052863003717928,0.5881027076996619,0.5245793188181749,0.0108566454496916,0.008933825163356404,15337.5,11650.0
PF00595,PF02518,42,0,92.6424919218498,9.938488979607428,200.3402620906703,16.373041735813427,87.53057527636871,186.84189492033835,17.88808620089358,26.052863003717928,0.5136220956425681,0.6764408936854516,0.008547280695890572,0.014467087260108908,17575.0,14675.0
PF00595,PF02518,43,1,89.51628266610356,9.506877855517835,210.33594284661118,13.440630168600768,87.53057527636871,186.84189492033835,17.88808620089358,26.052863003717928,0.4316237820726742,0.9100931171110102,0.0077994651798003415,0.02898309879872349,15825.0,16350.0
PF00595,PF02518,44,2,86.32776123755893,10.014241242604475,193.22358571102308,14.426497751280058,87.53057527636871,186.84189492033835,17.88808620089358,26.052863003717928,0.4601750631722228,0.4813493524440046,0.008356101789717227,0.007642265699537177,15712.5,11925.0
PF00595,PF02518,48,0,105.13024371453608,12.645317843155958,197.21341282306946,14.639809044226189,87.53057527636871,186.84189492033835,17.88808620089358,26.052863003717928,1.065088987938831,0.5514601681602646,0.04451058564265217,0.010139074531037906,23987.5,12287.5
PF00595,PF02518,49,1,103.64394187019967,11.325919540108936,203.46716873628924,14.913256914179374,87.53057527636871,186.84189492033835,17.88808620089358,26.052863003717928,0.935797215323873,0.7002188040214158,0.036154015049785874,0.01430302408480899,26112.5,13462.5
PF00595,PF02518,50,2,93.87659235994364,11.489791218808461,192.39492105893223,15.488463254044875,87.53057527636871,186.84189492033835,17.88808620089358,26.052863003717928,0.5888524776327878,0.5084418635885725,0.012329400579943734,0.00663301338557323,18175.0,11237.5
PF00595,PF02518,54,0,97.43578517154623,11.677624555336553,197.79817416355894,15.148499769904065,87.53057527636871,186.84189492033835,17.88808620089358,26.052863003717928,0.6891983824757314,0.5844726835891607,0.016034134509285276,0.009301577361772983,20287.5,11950.0
PF00595,PF02518,55,1,88.68158389983245,10.68992479250274,203.68655524826093,14.822246693624368,87.53057527636871,186.84189492033835,17.88808620089358,26.052863003717928,0.49178339131225335,0.7172598571467702,0.008125777258388369,0.013015998799611017,16750.0,14562.5
PF00595,PF02518,56,2,83.23809324368051,10.866819751607794,189.44498833775066,16.200976865718154,87.53057527636871,186.84189492033835,17.88808620089358,26.052863003717928,0.5358471510492423,0.48669312386554753,0.0087059061357874,0.008272027481249533,13950.0,11437.5
PF00595,PF02518,60,0,97.034284788364,10.319031694822183,200.62877801948514,16.283407725488125,87.53057527636871,186.84189492033835,17.88808620089358,26.052863003717928,0.6581965466062522,0.646063538976264,0.015424738298587265,0.009323078382920947,21262.5,12162.5
PF00595,PF02518,61,1,86.64437523453023,12.066326752713262,209.74339966931325,15.077667891225603,87.53057527636871,186.84189492033835,17.88808620089358,26.052863003717928,0.549143608141377,0.8981701429049516,0.01336731055219364,0.028926445327471115,22062.5,14637.5
PF00595,PF02518,62,2,92.36691941544275,10.900144088194734,190.53332937919092,14.26795140653146,87.53057527636871,186.84189492033835,17.88808620089358,26.052863003717928,0.5240446529167682,0.46333053283528586,0.007577327787966786,0.008685352253641981,14587.5,11562.5
PF00595,PF02518,66,0,88.86020024834599,13.260201663458341,213.8771730458708,16.555641443572625,87.53057527636871,186.84189492033835,17.88808620089358,26.052863003717928,0.5845517451636355,1.0601536679715804,0.009483927824493994,0.05326102333667506,18400.0,19800.0
PF00595,PF02518,67,1,100.32644016690917,11.018403216492036,210.99661487821336,13.829260825881091,87.53057527636871,186.84189492033835,17.88808620089358,26.052863003717928,0.7764325043261928,0.9395905266222124,0.017935930221894637,0.03570270762061356,20287.5,18850.0
PF00595,PF02518,68,2,91.75704273255444,10.804999616361698,198.17479902163382,13.063282679234188,87.53057527636871,186.84189492033835,17.88808620089358,26.052863003717928,0.5213860037766086,0.541337600368687,0.009373141061709575,0.00947253410070698,16525.0,12812.5
PF00595,PF02518,72,0,87.99328314223321,8.61834793270472,204.3601807218491,13.686386810772563,87.53057527636871,186.84189492033835,17.88808620089358,26.052863003717928,0.3843282070116048,0.7231741466510787,0.005975234226885597,0.014702184371913446,13350.0,14487.5
PF00595,PF02518,73,1,107.25930408039522,9.65304792066406,211.19250270422302,14.392193348490123,87.53057527636871,186.84189492033835,17.88808620089358,26.052863003717928,1.1122917522549511,0.9564284026556519,0.10372351122044027,0.030030781786503022,27637.5,16612.5
PF00595,PF02518,74,2,93.12400437671278,10.053000640132531,193.67998609184554,14.419862967615854,87.53057527636871,186.84189492033835,17.88808620089358,26.052863003717928,0.520552209999912,0.4859406222989876,0.009663984973175103,0.006631014603740406,16362.5,11162.5
PF00595,PF02518,78,0,93.93400151109773,9.142644846004803,205.15452141824747,15.503010654100779,87.53057527636871,186.84189492033835,17.88808620089358,26.052863003717928,0.5050247359133513,0.7637098791776122,0.007742808935612763,0.015382330775243744,16012.5,15437.5
PF00595,PF02518,79,1,99.3536232715248,10.930240897946792,222.46608617111073,13.218108576921763,87.53057527636871,186.84189492033835,17.88808620089358,26.052863003717928,0.7194272085658792,1.367381053118368,0.020933235684455473,0.14756906628703534,19025.0,21937.5
PF00595,PF02518,80,2,98.25735315377355,11.31341309136344,195.3009652893631,15.83526951049606,87.53057527636871,186.84189492033835,17.88808620089358,26.052863003717928,0.7010459452372121,0.5708454469775724,0.0141755478943308,0.007871218593372871,18975.0,10687.5
PF00595,PF02518,84,0,103.0059940631178,9.4968353593085,189.99162788785048,14.837940724715757,87.53057527636871,186.84189492033835,17.88808620089358,26.052863003717928,0.8865262747090574,0.45717044171121757,0.03519257366849742,0.008420967413998835,21625.0,11112.5
PF00595,PF02518,85,1,98.45802146361359,8.955062993770836,206.91493617166935,13.51296945387262,87.53057527636871,186.84189492033835,17.88808620089358,26.052863003717928,0.6616428797553496,0.7976597492997982,0.017493658524144976,0.0224351379636302,19237.5,15025.0
PF00595,PF02518,86,2,87.1895576029169,9.81124934920386,184.04126160721182,13.265758368000723,87.53057527636871,186.84189492033835,17.88808620089358,26.052863003717928,0.4297167089166322,0.4097230532817402,0.008263128629249964,0.007817271318433556,14250.0,10837.5
PF02518,PF07679,12,0,188.2975695214228,14.678438640433662,69.69293972044382,11.023235061238994,186.84189492033835,63.66128339025547,26.052863003717928,19.078484146135715,0.459053273230898,0.5318239623738144,0.00848580715273207,0.011044318072507324,11175.0,14587.5
PF02518,PF07679,13,1,199.6720889479801,15.346969762285571,72.05958854731684,10.749406058741936,186.84189492033835,63.66128339025547,26.052863003717928,19.078484146135715,0.6528818227726721,0.5849341051789627,0.011016606366696617,0.012586346679694353,14275.0,15312.5
PF02518,PF07679,14,2,195.81454864370608,15.492929147054962,65.59254564627413,13.695083382684688,186.84189492033835,63.66128339025547,26.052863003717928,19.078484146135715,0.5577710020323203,0.5742964475733641,0.010578218878551156,0.01040838440612373,12875.0,14587.5
PF02518,PF07679,18,0,187.71084280698275,13.743111730328973,71.13528266934955,11.336331138245615,186.84189492033835,63.66128339025547,26.052863003717928,19.078484146135715,0.4318462196428433,0.5823104784186414,0.007561022616098644,0.014158336338964898,11900.0,15075.0
PF02518,PF07679,19,1,199.92946726722258,15.76791446447081,68.95152610041124,10.672151950588812,186.84189492033835,63.66128339025547,26.052863003717928,19.078484146135715,0.6374950298672083,0.5046193222132289,0.012152373949886384,0.012845292198008864,14412.5,15012.5
PF02518,PF07679,20,2,192.95349455815608,13.532097257048203,71.7332368911694,11.680545101012072,186.84189492033835,63.66128339025547,26.052863003717928,19.078484146135715,0.45217295276471176,0.6057948225241832,0.009301702446038578,0.019917337663572707,12550.0,17250.0
PF02518,PF07679,24,0,192.75954350549057,15.468518139316265,70.39815137346936,10.584582401620914,186.84189492033835,63.66128339025547,26.052863003717928,19.078484146135715,0.5033456325300137,0.5303530987587568,0.0074237781759917045,0.01351946648617692,12612.5,15750.0
PF02518,PF07679,25,1,200.72632398283625,14.781331988192226,70.6333528598707,13.15593273589646,186.84189492033835,63.66128339025547,26.052863003717928,19.078484146135715,0.6367661632129917,0.6670424008482577,0.011696517766515892,0.015345763738975116,14112.5,16175.0
PF02518,PF07679,26,2,192.44913907989286,14.79101172764901,69.25413643879176,10.660626667254496,186.84189492033835,63.66128339025547,26.052863003717928,19.078484146135715,0.47998440628464956,0.5125048497968856,0.008951163692585142,0.009897005786544346,12650.0,16025.0
PF02518,PF07679,30,0,187.0261166902157,16.72598762176031,74.18917296720504,10.386252506870267,186.84189492033835,63.66128339025547,26.052863003717928,19.078484146135715,0.5363239683108627,0.6333496122355707,0.008540300404221135,0.017248223879898848,11362.5,16737.5
PF02518,PF07679,31,1,198.20466625995115,14.03566117042393,75.10114532784573,12.562656931051283,186.84189492033835,63.66128339025547,26.052863003717928,19.078484146135715,0.5532256435311317,0.7724095997381167,0.009208935791726205,0.02693730125732829,12975.0,20175.0
PF02518,PF07679,32,2,198.28698386399512,15.198226236772424,66.25150328823767,11.645399210763612,186.84189492033835,63.66128339025547,26.052863003717928,19.078484146135715,0.586430737188156,0.4807112827256338,0.010892571410272974,0.009046248329338244,13250.0,14050.0
PF02518,PF07679,36,0,196.70045665410035,15.736391296142038,71.88833978596293,10.497694853522423,186.84189492033835,63.66128339025547,26.052863003717928,19.078484146135715,0.5733437005170857,0.5825192989576625,0.010515594429386939,0.013204415439905547,12900.0,17537.5
PF02518,PF07679,37,1,196.04189650003624,15.111872608155066,83.42041617261337,9.273882379818783,186.84189492033835,63.66128339025547,26.052863003717928,19.078484146135715,0.5508201228534548,1.043474184675943,0.008961149104958597,0.11150556090104963,13337.5,26837.5
PF02518,PF07679,38,2,193.81151210401214,14.632974482322506,78.13169574680563,9.760672249325047,186.84189492033835,63.66128339025547,26.052863003717928,19.078484146135715,0.4974879010372767,0.8114491452089027,0.00993060602398152,0.03734032920925427,14012.5,19037.5
PF02518,PF07679,42,0,195.71975640958837,15.697868343967233,66.72457687999635,11.264837321504846,186.84189492033835,63.66128339025547,26.052863003717928,19.078484146135715,0.5449221320213821,0.48697630575209244,0.008747401283638262,0.007956261004189395,12975.0,14950.0
PF02518,PF07679,43,1,209.35644885957538,15.104567186536917,76.98529446805429,11.044507319921424,186.84189492033835,63.66128339025547,26.052863003717928,19.078484146135715,0.8899236143242704,0.7678292788586998,0.02126744543967761,0.05892646547914926,16100.0,25075.0
PF02518,PF07679,44,2,195.39772034871083,14.567464239212272,75.94954266659654,9.588882656732167,186.84189492033835,63.66128339025547,26.052863003717928,19.078484146135715,0.5269118410229069,0.6986095230445222,0.010191929199472117,0.019878049320630906,13275.0,17462.5
PF02518,PF07679,48,0,193.20376770613308,16.36706182521064,75.19023911400329,9.609163921927868,186.84189492033835,63.66128339025547,26.052863003717928,19.078484146135715,0.5189869105621141,0.6779712996070255,0.008651883639293223,0.015439517197182239,12850.0,15700.0
PF02518,PF07679,49,1,207.11488527172762,15.434181313583947,75.09398529655702,10.654376499747652,186.84189492033835,63.66128339025547,26.052863003717928,19.078484146135715,0.8296371061071666,0.7034960578565278,0.022418580009691748,0.01708038111169409,16475.0,15712.5
PF02518,PF07679,50,2,192.13303132982284,17.79078089293429,79.11282458859196,8.618157890933666,186.84189492033835,63.66128339025547,26.052863003717928,19.078484146135715,0.5493637972586939,0.8206197906787182,0.00889117078114681,0.032795381751226975,12312.5,17550.0
PF02518,PF07679,54,0,193.03358398441725,14.269835685223478,78.11408413405033,9.844239815191496,186.84189492033835,63.66128339025547,26.052863003717928,19.078484146135715,0.472985659991018,0.7939593768335342,0.009495697519893303,0.04039091727018196,12775.0,18125.0
PF02518,PF07679,55,1,209.8721075680922,17.188942028225295,64.96586845152179,16.718650073608778,186.84189492033835,63.66128339025547,26.052863003717928,19.078484146135715,0.9421456408035227,0.7227533972542141,0.0319183234246601,0.016456858241822428,18212.5,20300.0
PF02518,PF07679,56,2,198.80520065076973,14.472180891948652,80.68401074174206,10.380948463562559,186.84189492033835,63.66128339025547,26.052863003717928,19.078484146135715,0.5839370553845766,0.9134350019358155,0.012960017216261152,0.05233162148465768,13600.0,19100.0
PF02518,PF07679,60,0,188.46933900696015,15.405361243738264,73.83521701520134,11.501431961204746,186.84189492033835,63.66128339025547,26.052863003717928,19.078484146135715,0.4756929395090224,0.6897487497578217,0.007385535807033709,0.0247974450203993,11250.0,16837.5
PF02518,PF07679,61,1,197.6177812269221,13.607777791481084,71.11084427153096,8.6516975960773,186.84189492033835,63.66128339025547,26.052863003717928,19.078484146135715,0.5347165736643007,0.47107515236645786,0.01061395044029208,0.009503646903359421,13212.5,14137.5
PF02518,PF07679,62,2,196.96649438497968,15.052184055204743,78.06193046963101,9.745712934473191,186.84189492033835,63.66128339025547,26.052863003717928,19.078484146135715,0.5627414833287796,0.786534944764769,0.009497031924926406,0.03924667162433043,13625.0,18050.0
PF02518,PF07679,66,0,201.85339064043407,14.923780339131037,73.6962738125563,11.802158407301073,186.84189492033835,63.66128339025547,26.052863003717928,19.078484146135715,0.679450584866046,0.70734283520979,0.012262505695825859,0.025681653184881924,13950.0,17512.5
PF02518,PF07679,67,1,207.73616990566697,13.85053382115576,80.67368167847631,8.917994292699275,186.84189492033835,63.66128339025547,26.052863003717928,19.078484146135715,0.824865540850912,0.9072166831065612,0.021885698456688196,0.0574092803014568,17250.0,18637.5
PF02518,PF07679,68,2,206.09211836582872,14.515038396833715,74.21511294800264,11.007970580734886,186.84189492033835,63.66128339025547,26.052863003717928,19.078484146135715,0.7922023667991046,0.6752861248662912,0.018487437095996553,0.02045091415351498,16900.0,17550.0
PF02518,PF07679,72,0,198.5889453326349,14.611173382562425,67.19162449932288,12.53316813947855,186.84189492033835,63.66128339025547,26.052863003717928,19.078484146135715,0.570173946103598,0.5599549721601731,0.010300221790024997,0.011944013671007093,13312.5,15225.0
PF02518,PF07679,73,1,210.83045083037862,15.247179263978826,84.78254046410642,10.58850009489212,186.84189492033835,63.66128339025547,26.052863003717928,19.078484146135715,0.9538803490727575,1.136224098998844,0.02968277444413298,0.15840029101721434,16650.0,28612.5
PF02518,PF07679,74,2,196.5713595617991,15.046548043534338,73.10676651837615,11.047610267981995,186.84189492033835,63.66128339025547,26.052863003717928,19.078484146135715,0.5437140527976786,0.6436185784551642,0.009950202342686123,0.020977902306054837,13250.0,18912.5
PF02518,PF07679,78,0,207.9244592356515,14.289444063302238,71.59390599881984,13.371758785121989,186.84189492033835,63.66128339025547,26.052863003717928,19.078484146135715,0.8323931470061712,0.6897915165612187,0.021382495844927366,0.016627654707622615,15412.5,16350.0
PF02518,PF07679,79,1,215.29314484534427,13.695557637648967,80.22587934230971,10.07389459651616,186.84189492033835,63.66128339025547,26.052863003717928,19.078484146135715,1.1001446060063884,0.898704586839811,0.06492539115640347,0.05847650369313069,19687.5,21375.0
PF02518,PF07679,80,2,198.69733868240837,15.609165016908959,74.76498071563852,12.154558350776965,186.84189492033835,63.66128339025547,26.052863003717928,19.078484146135715,0.5989800869572592,0.7209405651527241,0.011423539469595685,0.02226884438918802,13850.0,18025.0
PF02518,PF07679,84,0,200.05315938834704,15.453516283330858,75.0129747006452,9.477140219393636,186.84189492033835,63.66128339025547,26.052863003717928,19.078484146135715,0.6311169580909981,0.6624018978438354,0.01176009538093036,0.02189492861849386,13750.0,15575.0
PF02518,PF07679,85,1,216.89789788999013,13.908989200285816,78.04619007028225,10.501956243894941,186.84189492033835,63.66128339025547,26.052863003717928,19.078484146135715,1.1630426755499401,0.8101542298510148,0.0848294528232141,0.03389002757095264,21675.0,18637.5
PF02518,PF07679,86,2,195.55572302536996,15.309465696646354,77.67405222695466,9.99748784538385,186.84189492033835,63.66128339025547,26.052863003717928,19.078484146135715,0.554733239269263,0.778356913366619,0.010977579715571237,0.0340980195227,15475.0,19412.5
