pair_idx,seq_idx_1,seq_idx_2,hamming_distance,n_mutations,max_distance_from_natural,start_distance,end_distance,start_energy,end_energy,relative_distance,protein_1,protein_2,overlap,nat_mean_1,nat_mean_2
0,12,13,268.0,268,6.391734656023843,0.2561544960597928,0.36761913398166257,266.27922799379405,266.1677633558721,6.13558015996405,PF00004,PF00041,12,145.87937104727615,120.65601144257766
1,6,10,273.0,273,5.460781984188941,0.18498379739649806,0.1480488445290291,266.6722389920929,266.3873336453248,5.312733139659912,PF00004,PF00041,12,145.87937104727615,120.65601144257766
2,8,13,273.0,273,6.819614589478462,0.04201426652836915,0.36761913398166257,266.5509716029803,266.1677633558721,6.777600322950093,PF00004,PF00041,12,145.87937104727615,120.65601144257766
3,3,13,275.0,275,6.769251771099746,0.2418706903492165,0.36761913398166257,266.4825170693098,266.1677633558721,6.52738108075053,PF00004,PF00041,12,145.87937104727615,120.65601144257766
4,1,6,276.0,276,5.2189192293474065,0.25300263169957304,0.18498379739649806,266.28237985815423,266.6722389920929,5.033935431950908,PF00004,PF00041,12,145.87937104727615,120.65601144257766
5,5,6,276.0,276,6.0754948549601835,0.23448934049660863,0.18498379739649806,266.53095115649495,266.6722389920929,5.890511057563685,PF00004,PF00041,12,145.87937104727615,120.65601144257766
