pair_idx,seq_idx_1,seq_idx_2,hamming_distance,n_mutations,max_energy_barrier,start_energy,end_energy,energy_barrier_ratio,protein_1,protein_2,overlap
0,2,9,266.0,266,266.62967702457325,266.62967702457325,266.4302887978721,1.0007483692173318,PF00004,PF00041,12
1,6,13,266.0,266,266.99376632154537,266.6012066361453,266.44016875652886,1.0020777556462306,PF00004,PF00041,12
2,1,7,269.0,269,266.5257278624863,266.47121138015115,266.5257278624863,1.0002045867621225,PF00004,PF00041,12
3,8,14,270.0,270,270.1607396885544,266.7453624733866,266.8678933774746,1.0128038860113586,PF00004,PF00041,12
4,9,10,272.0,272,268.0144575148993,266.4302887978721,266.9832411609864,1.0059459032386104,PF00004,PF00041,12
5,7,9,273.0,273,269.23296551505626,266.5257278624863,266.4302887978721,1.0105193622310353,PF00004,PF00041,12
