{
    "PF00004": 0.8666666666666667,
    "PF00041": 1.0,
    "PF00072": 1.0,
    "PF00076": 0.8333333333333333,
    "PF00096": 0.8666666666666667,
    "PF00153": 0.8333333333333333,
    "PF00271": 0.9333333333333333,
    "PF00397": 0.8333333333333333,
    "PF00512": 0.9666666666666666,
    "PF00595": 0.8333333333333333,
    "PF02518": 1.0666666666666667,
    "PF07679": 0.8999999999999999
}