overlap,hamming_distance,n_mutations,max_energy_barrier,start_energy,end_energy,relative_barrier,mean_e1,mean_e2,protein_1,protein_2
12,267,267,266.4289020710392,266.4289020710392,266.36079061251064,0.0,145.92725806293822,120.67665949112516,PF00004,PF00041
24,241,241,266.5583979629571,266.5583979629571,266.3693904172888,0.0,145.8355159911661,120.58831250543305,PF00004,PF00041
36,240,240,266.6700023436965,266.6700023436965,266.37344623407944,0.0,145.8873107796897,120.63210403900472,PF00004,PF00041
48,241,241,267.51633014340405,265.96595666906217,267.51633014340405,1.5503734743418818,147.94180433816817,120.84893151607386,PF00004,PF00041
60,218,218,266.50669067282405,266.50669067282405,266.35308653455417,0.0,147.37171615990385,120.58862834625734,PF00004,PF00041
