overlap,hamming_distance,n_mutations,max_energy_barrier,start_energy,end_energy,relative_barrier,mean_e1,mean_e2,protein_1,protein_2
12,260,260,266.71446557657157,266.63716615944344,266.71446557657157,0.07729941712813115,145.892958488105,120.69329961226657,PF00004,PF00041
15,254,254,266.78205690100697,266.57767523874713,266.78205690100697,0.20438166225983423,146.00179257171652,120.69689947291042,PF00004,PF00041
18,260,260,266.5591843525515,266.3678576135683,266.5591843525515,0.19132673898320718,145.87171014058535,120.68708162587576,PF00004,PF00041
21,252,252,266.7418477418004,266.7418477418004,266.55601181808936,0.0,145.8378723299093,120.70683497641193,PF00004,PF00041
24,256,256,266.72787500147086,266.72787500147086,266.632360187458,0.0,145.8994630480817,120.77878938699816,PF00004,PF00041
27,254,254,266.7211440749397,266.6806762508615,266.7211440749397,0.04046782407817773,145.92331094476285,120.62242107248424,PF00004,PF00041
30,248,248,266.77026312842713,266.77026312842713,266.54266432098393,0.0,146.0578068386194,121.11344915402312,PF00004,PF00041
33,244,244,266.8454677596706,266.8454677596706,266.7409263563674,0.0,146.57184579489737,121.0196580778138,PF00004,PF00041
36,238,238,267.0045170531806,267.0045170531806,266.6833317746533,0.0,145.92641853272258,120.70676402736815,PF00004,PF00041
39,254,254,266.3180751513463,266.3180751513463,265.6910588994259,0.0,146.02266987893168,121.44756660072447,PF00004,PF00041
42,233,233,266.44570717126703,266.44570717126703,266.31376253983984,0.0,145.87880313390534,120.71982802901117,PF00004,PF00041
45,234,234,266.91760889451723,266.51797758758414,266.91760889451723,0.3996313069330881,145.88379434806873,120.73097587563778,PF00004,PF00041
48,235,235,266.4424583066521,266.4424583066521,266.40135935534295,0.0,147.3380056331365,120.83770976784375,PF00004,PF00041
51,237,237,273.03858054438143,273.03858054438143,268.77738043128886,0.0,146.10084055965044,124.93808045178663,PF00004,PF00041
54,236,236,287.0349570181471,284.75000329200594,287.0349570181471,2.2849537261411683,157.95475371489948,121.21323033642743,PF00004,PF00041
57,224,224,276.8381006063281,276.8381006063281,268.8861567205456,0.0,146.24081903966695,124.42258581201759,PF00004,PF00041
60,237,237,266.6898055888838,266.6898055888838,266.67762458528045,0.0,146.43028064335326,120.71067067491337,PF00004,PF00041
